Date,High,Low,Open,Close,Volume,Adj Close
2001-01-02,30.05722427368164,28.939393997192383,29.249902725219727,29.56041145324707,1848500.0,15.99290943145752
2001-01-03,31.51661491394043,29.31200408935547,29.684614181518555,31.17505645751953,2975000.0,16.866470336914062
2001-01-04,31.640817642211914,29.125699996948242,31.17505645751953,29.870920181274414,3205900.0,16.160903930664062
2001-01-05,29.839868545532227,28.38047981262207,29.839868545532227,28.597835540771484,2322500.0,15.47213363647461
2001-01-08,29.001495361328125,27.60420799255371,28.62888526916504,27.790512084960938,2870500.0,15.035350799560547
2001-01-09,27.821563720703125,25.616952896118164,27.324750900268555,26.486377716064453,8050200.0,14.32978630065918
2001-01-10,27.94576644897461,25.64800453186035,26.517427444458008,27.44895362854004,5522500.0,14.850563049316406
2001-01-11,27.69736099243164,26.486377716064453,26.952138900756836,27.386852264404297,3104700.0,14.816960334777832
2001-01-12,28.939393997192383,27.41790199279785,27.51105499267578,28.163122177124023,3858300.0,15.236943244934082
2001-01-16,28.62888526916504,28.19417381286621,28.318376541137695,28.349428176879883,2792800.0,15.33774185180664
2001-01-17,28.97044563293457,27.852615356445312,28.473630905151367,28.28732681274414,2708800.0,15.304137229919434
2001-01-18,29.37410545349121,27.914716720581055,28.28732681274414,28.939393997192383,2905800.0,15.656917572021484
2001-01-19,29.9951229095459,28.87729263305664,29.870920181274414,29.90196990966797,3292200.0,16.17770004272461
2001-01-22,29.933021545410156,29.280954360961914,29.46725845336914,29.591463088989258,1938200.0,16.009706497192383
2001-01-23,30.33668327331543,28.939393997192383,29.37410545349121,30.026174545288086,2111500.0,16.244895935058594
2001-01-24,30.83349609375,29.933021545410156,30.212478637695312,30.15037727355957,1442600.0,16.312097549438477
2001-01-25,30.274580001831055,29.31200408935547,30.274580001831055,29.839868545532227,1880100.0,16.144102096557617
2001-01-26,31.299259185791016,29.808818817138672,29.808818817138672,31.050851821899414,1730400.0,16.799272537231445
2001-01-29,31.622188568115234,30.67327308654785,30.678241729736328,31.47314453125,1058400.0,17.02774429321289
2001-01-30,33.14243698120117,31.358877182006836,31.597347259521484,32.91887283325195,2567300.0,17.809919357299805
2001-01-31,33.11759567260742,31.796072006225586,32.913902282714844,32.09416198730469,3005700.0,17.363733291625977
2001-02-01,32.292884826660156,31.24957847595215,32.09416198730469,31.791105270385742,1861100.0,17.199771881103516
2001-02-02,31.915307998657227,30.31060028076172,31.915307998657227,30.931617736816406,2118800.0,16.734766006469727
2001-02-05,30.648433685302734,28.8151912689209,30.643465042114258,29.510730743408203,3724800.0,15.966036796569824
2001-02-06,30.131746292114258,28.49226188659668,28.49226188659668,29.341814041137695,6880900.0,15.874639511108398
2001-02-07,29.808818817138672,28.864871978759766,28.864871978759766,29.759136199951172,3071700.0,16.100425720214844
2001-02-08,31.12537384033203,29.903213500976562,29.903213500976562,30.921680450439453,2393800.0,16.729389190673828
2001-02-09,31.6718692779541,30.703083038330078,30.752763748168945,31.493017196655273,2408800.0,17.038497924804688
2001-02-12,32.26804733276367,30.822317123413086,31.050851821899414,31.96995735168457,1809800.0,17.29653549194336
2001-02-13,31.99479866027832,30.802446365356445,31.532760620117188,31.050851821899414,1428000.0,16.799272537231445
2001-02-14,32.04447937011719,30.80741310119629,30.852127075195312,31.4234619140625,1878200.0,17.00086784362793
2001-02-15,31.999765396118164,31.289321899414062,31.4234619140625,31.547666549682617,1614400.0,17.068065643310547
2001-02-16,31.796072006225586,30.95149040222168,31.54269790649414,31.497983932495117,1577300.0,17.041183471679688
2001-02-20,31.66193389892578,30.98626708984375,31.398622512817383,31.463207244873047,1181400.0,17.022375106811523
2001-02-21,31.463207244873047,31.006139755249023,31.348939895629883,31.130342483520508,1455600.0,16.842281341552734
2001-02-22,30.98626708984375,29.7392635345459,30.981298446655273,30.504356384277344,1677000.0,16.503604888916016
2001-02-23,30.504356384277344,29.381559371948242,30.504356384277344,29.878372192382812,2432400.0,16.164936065673828
2001-02-26,30.17646026611328,29.331876754760742,30.002574920654297,30.096969604492188,1254300.0,16.283205032348633
2001-02-27,30.087034225463867,29.043725967407227,30.05722427368164,29.272258758544922,1455800.0,15.837010383605957
2001-02-28,29.734296798706055,29.157991409301758,29.39646339416504,29.66474151611328,1307400.0,16.049354553222656
2001-03-01,29.808818817138672,28.71582794189453,29.0635986328125,29.65480613708496,1381100.0,16.043975830078125
2001-03-02,29.783977508544922,28.616464614868164,28.8151912689209,28.79034996032715,3069200.0,15.576284408569336
2001-03-05,29.04869270324707,28.16933250427246,28.914552688598633,28.487293243408203,1927800.0,15.41232681274414
2001-03-06,29.053661346435547,28.641305923461914,28.984107971191406,28.79034996032715,1530300.0,15.576284408569336
2001-03-07,29.212642669677734,28.407804489135742,28.69098663330078,28.8002872467041,1097300.0,15.581663131713867
2001-03-08,28.994043350219727,27.940799713134766,28.939393997192383,27.94576644897461,1667100.0,15.119351387023926
2001-03-09,27.97060775756836,26.976980209350586,27.94576644897461,27.573156356811523,2237200.0,14.917760848999023
2001-03-12,27.453922271728516,27.03162956237793,27.44895362854004,27.076343536376953,1937100.0,14.64897346496582
2001-03-13,27.44895362854004,26.75838279724121,26.862712860107422,27.344621658325195,1607500.0,14.794116020202637
2001-03-14,27.324750900268555,26.703733444213867,27.096216201782227,26.96207618713379,1242800.0,14.587148666381836
2001-03-15,27.583093643188477,26.84284019470215,27.324750900268555,26.87761688232422,2326200.0,14.54145336151123
2001-03-16,27.12602424621582,15.898036003112793,27.12602424621582,16.245805740356445,29009500.0,8.789383888244629
2001-03-19,16.921472549438477,15.525425910949707,16.196125030517578,16.39484977722168,14020000.0,8.870016098022461
2001-03-20,16.886695861816406,16.280582427978516,16.519052505493164,16.39484977722168,5266200.0,8.870016098022461
2001-03-21,16.245805740356445,15.212433815002441,16.196125030517578,15.351541519165039,4969100.0,8.305562973022461
2001-03-22,15.237274169921875,14.656002044677734,15.227337837219238,15.113070487976074,5701000.0,8.176544189453125
2001-03-23,16.841981887817383,15.202497482299805,16.841981887817383,15.883131980895996,4002300.0,8.593167304992676
2001-03-26,16.196125030517578,15.05842113494873,15.90300464630127,16.057016372680664,4255400.0,8.687241554260254
2001-03-27,16.146442413330078,15.813577651977539,16.09676170349121,16.146442413330078,3079100.0,8.735621452331543
2001-03-28,16.13153839111328,15.649629592895508,16.12160301208496,15.848355293273926,2213300.0,8.574349403381348
2001-03-29,15.99739933013916,15.699311256408691,15.833450317382812,15.883131980895996,2206400.0,8.593167304992676
2001-03-30,16.2060604095459,15.654597282409668,15.922877311706543,16.07192039489746,1647800.0,8.695303916931152
2001-04-02,16.047080993652344,15.773833274841309,15.898036003112793,15.93281364440918,2778400.0,8.620044708251953
2001-04-03,16.047080993652344,14.914345741271973,15.93281364440918,14.95905876159668,3588400.0,8.093217849731445
2001-04-04,15.207465171813965,14.402626991271973,14.954090118408203,15.0931978225708,4014600.0,8.165793418884277
2001-04-05,16.64325714111328,15.291923522949219,15.41612720489502,16.03714370727539,2712600.0,8.676488876342773
2001-04-06,16.295486450195312,15.798673629760742,16.03714370727539,16.171283721923828,2424000.0,8.749063491821289
2001-04-09,16.88172721862793,16.076889038085938,16.171283721923828,16.404787063598633,1445800.0,8.875391006469727
2001-04-10,17.18975257873535,16.41969108581543,16.767459869384766,16.87179183959961,2788900.0,9.128053665161133
2001-04-11,17.338796615600586,16.245805740356445,17.21459197998047,16.886695861816406,2611900.0,9.136117935180664
2001-04-12,17.040708541870117,16.345169067382812,16.886695861816406,16.484275817871094,2122800.0,8.918397903442383
2001-04-16,16.633319854736328,16.295486450195312,16.484275817871094,16.434595108032227,1325300.0,8.891520500183105
2001-04-17,17.42822265625,16.270647048950195,16.55879783630371,17.269241333007812,1504800.0,9.343086242675781
2001-04-18,18.754714965820312,17.1649112701416,17.512680053710938,18.242996215820312,3384700.0,9.86991024017334
2001-04-19,18.819299697875977,18.24796485900879,18.24796485900879,18.630512237548828,4327100.0,10.079564094543457
2001-04-20,18.630512237548828,17.73624610900879,18.630512237548828,17.805801391601562,2136400.0,9.633376121520996
2001-04-23,17.631916046142578,16.64325714111328,17.631916046142578,16.891664505004883,3436400.0,9.138805389404297
2001-04-24,17.587202072143555,16.737651824951172,17.015867233276367,17.338796615600586,2727100.0,9.380716323852539
2001-04-25,17.512680053710938,17.23943328857422,17.338796615600586,17.338796615600586,2387900.0,9.380716323852539
2001-04-26,17.482872009277344,16.6531925201416,17.383508682250977,17.338796615600586,3368500.0,9.380716323852539
2001-04-27,17.76108741760254,17.318923950195312,17.43815803527832,17.636884689331055,1271400.0,9.541988372802734
2001-04-30,18.878917694091797,17.636884689331055,17.686565399169922,17.70146942138672,2599100.0,9.57693099975586
2001-05-01,18.183378219604492,17.338796615600586,17.39344596862793,18.074079513549805,1745400.0,9.778521537780762
2001-05-02,18.382104873657227,17.825674057006836,17.825674057006836,18.04427146911621,2197500.0,9.762398719787598
2001-05-03,17.92503547668457,17.363636016845703,17.920068740844727,17.646820068359375,2158400.0,9.547368049621582
2001-05-04,18.431785583496094,16.9661865234375,17.26427459716797,18.28274154663086,3503700.0,9.891410827636719
2001-05-07,18.426816940307617,17.636884689331055,18.28274154663086,17.98465347290039,2122800.0,9.730140686035156
2001-05-08,18.88885498046875,18.084016799926758,18.133697509765625,18.819299697875977,2771300.0,10.181703567504883
2001-05-09,19.1273250579834,18.267837524414062,18.55599021911621,18.973312377929688,2567400.0,10.265031814575195
2001-05-10,19.375732421875,18.406944274902344,19.07764434814453,18.670255661010742,1848900.0,10.101064682006836
2001-05-11,19.370763778686523,18.287710189819336,18.431785583496094,19.167070388793945,3145800.0,10.369857788085938
2001-05-14,18.789491653442383,17.661724090576172,18.754714965820312,18.680192947387695,3096900.0,10.106444358825684
2001-05-15,18.620574951171875,17.512680053710938,17.8902587890625,18.183378219604492,5717300.0,9.837653160095215
2001-05-16,19.74337387084961,17.76108741760254,17.76108741760254,19.45522117614746,4395800.0,10.525751113891602
2001-05-17,19.748342514038086,18.908727645874023,19.003122329711914,19.425413131713867,3338000.0,10.509627342224121
2001-05-18,19.5744571685791,18.878917694091797,19.31611442565918,19.499935150146484,1892600.0,10.54995059967041
2001-05-21,20.791650772094727,19.29127311706543,19.475093841552734,20.732032775878906,2717000.0,11.216541290283203
2001-05-22,21.114580154418945,20.22031593322754,20.732032775878906,20.791650772094727,1847200.0,11.248794555664062
2001-05-23,21.313304901123047,20.41904067993164,20.791650772094727,20.801586151123047,3051100.0,11.254170417785645
2001-05-24,21.064897537231445,20.414072036743164,20.801586151123047,21.015216827392578,2595600.0,11.3697509765625
2001-05-25,21.005281448364258,20.269996643066406,20.990375518798828,20.558147430419922,1478400.0,11.122462272644043
2001-05-29,21.114580154418945,20.269996643066406,20.558147430419922,21.054962158203125,2955100.0,11.391252517700195
2001-05-30,20.93075942993164,20.260059356689453,20.518404006958008,20.52337074279785,3506700.0,11.103650093078613
2001-05-31,20.866172790527344,20.369359970092773,20.399168014526367,20.861204147338867,2910600.0,11.28642463684082
2001-06-01,21.089738845825195,20.438913345336914,20.861204147338867,21.064897537231445,1730100.0,11.396631240844727
2001-06-04,21.705787658691406,20.766809463500977,21.089738845825195,21.611392974853516,2631700.0,11.692296028137207
2001-06-05,22.85342788696289,21.412668228149414,21.611392974853516,22.431135177612305,2923100.0,12.135796546936035
2001-06-06,22.719287872314453,21.48719024658203,22.30693244934082,21.849863052368164,2783600.0,11.82131290435791
2001-06-07,21.859800338745117,21.11954689025879,21.48719024658203,21.60642433166504,2217900.0,11.689608573913574
2001-06-08,21.51202964782715,21.020185470581055,21.362985610961914,21.377891540527344,984400.0,11.565964698791504
2001-06-11,21.65610694885254,20.91585350036621,21.253686904907227,21.611392974853516,1620700.0,11.692296028137207
2001-06-12,21.5368709564209,20.87114143371582,21.362985610961914,21.35801887512207,1316100.0,11.555214881896973
2001-06-13,21.48719024658203,20.866172790527344,21.233814239501953,20.97547149658203,691900.0,11.348248481750488
2001-06-14,20.866172790527344,19.435348510742188,20.866172790527344,19.89738655090332,3092000.0,10.764976501464844
2001-06-15,20.120952606201172,19.67382049560547,19.89738655090332,19.922225952148438,2803700.0,10.778413772583008
2001-06-18,19.917259216308594,18.779556274414062,19.75330924987793,18.988216400146484,2348500.0,10.273097038269043
2001-06-19,19.867576599121094,18.988216400146484,18.988216400146484,19.241592407226562,2254500.0,10.410173416137695
2001-06-20,19.122356414794922,17.636884689331055,18.928600311279297,17.805801391601562,5175700.0,9.633376121520996
2001-06-21,18.30758285522461,17.23943328857422,17.810768127441406,17.388477325439453,6584300.0,9.407596588134766
2001-06-22,17.388477325439453,16.469371795654297,17.26427459716797,16.7177791595459,5327500.0,9.044730186462402
2001-06-25,17.43815803527832,16.7177791595459,16.7177791595459,17.23943328857422,3853500.0,9.326957702636719
2001-06-26,17.254337310791016,16.841981887817383,16.891664505004883,17.14006996154785,2936200.0,9.273200988769531
2001-06-27,17.338796615600586,16.891664505004883,17.338796615600586,17.14006996154785,4381700.0,9.273200988769531
2001-06-28,17.512680053710938,17.040708541870117,17.18975257873535,17.34376335144043,3674100.0,9.383403778076172
2001-06-29,17.492807388305664,17.1649112701416,17.43815803527832,17.18975257873535,3518400.0,9.300077438354492
2001-07-02,17.810768127441406,17.26427459716797,17.388477325439453,17.597139358520508,2435900.0,9.520486831665039
2001-07-03,17.418285369873047,17.015867233276367,17.413318634033203,17.020835876464844,1342400.0,9.20868968963623
2001-07-05,17.18975257873535,16.772428512573242,17.065547943115234,16.956249237060547,1545500.0,9.173748970031738
2001-07-06,16.956249237060547,16.39484977722168,16.956249237060547,16.57370376586914,2026000.0,8.966780662536621
2001-07-09,17.08045196533203,16.434595108032227,16.449499130249023,16.926441192626953,1935000.0,9.157621383666992
2001-07-10,17.14006996154785,16.6531925201416,16.991025924682617,17.015867233276367,2212400.0,9.206002235412598
2001-07-11,17.090389251708984,16.663129806518555,17.020835876464844,17.015867233276367,1732300.0,9.206002235412598
2001-07-12,18.034334182739258,17.115230560302734,17.1649112701416,17.939939498901367,1530600.0,9.705950736999512
2001-07-13,18.332422256469727,17.636884689331055,17.815736770629883,18.024398803710938,1171000.0,9.751642227172852
2001-07-16,18.362232208251953,17.6915340423584,17.900196075439453,17.76108741760254,1091700.0,9.609186172485352
2001-07-17,18.158538818359375,17.289113998413086,17.636884689331055,17.537521362304688,1634900.0,9.488228797912598
2001-07-18,17.413318634033203,17.050643920898438,17.413318634033203,17.234464645385742,1910800.0,9.324271202087402
2001-07-19,17.85548210144043,17.289113998413086,17.43815803527832,17.512680053710938,1556200.0,9.474791526794434
2001-07-20,17.885290145874023,17.348731994628906,17.562362670898438,17.408349990844727,1256900.0,9.418346405029297
2001-07-23,17.537521362304688,17.040708541870117,17.40338134765625,17.115230560302734,1664200.0,9.259760856628418
2001-07-24,17.090389251708984,16.280582427978516,17.015867233276367,16.439563751220703,2826700.0,8.894209861755371
2001-07-25,17.13013458251953,16.494213104248047,16.494213104248047,16.95128059387207,1278500.0,9.17105770111084
2001-07-26,16.861854553222656,15.649629592895508,16.837013244628906,16.52402114868164,3246300.0,8.939903259277344
2001-07-27,16.90656852722168,16.509117126464844,16.817142486572266,16.61841583251953,1833900.0,8.990972518920898
2001-07-30,17.26427459716797,16.648225784301758,16.7177791595459,17.150007247924805,1529200.0,9.278575897216797
2001-07-31,18.014461517333984,17.14006996154785,17.23943328857422,17.939939498901367,3425500.0,9.705950736999512
2001-08-01,17.467967987060547,16.39484977722168,17.388477325439453,16.663129806518555,5192100.0,9.015164375305176
2001-08-02,18.779556274414062,17.34376335144043,17.76108741760254,18.456626892089844,6568300.0,9.985488891601562
2001-08-03,18.630512237548828,17.95981216430664,18.456626892089844,18.392040252685547,1709000.0,9.950546264648438
2001-08-06,18.605670928955078,17.994590759277344,18.392040252685547,18.18834686279297,1255900.0,9.840343475341797
2001-08-07,18.873950958251953,18.00949478149414,18.312551498413086,18.36720085144043,1275400.0,9.937108039855957
2001-08-08,18.80439567565918,17.989622116088867,18.332422256469727,18.521211624145508,1963400.0,10.020430564880371
2001-08-09,18.680192947387695,18.22312355041504,18.53114891052246,18.481468200683594,1240500.0,9.998931884765625
2001-08-10,18.71000099182129,18.158538818359375,18.580829620361328,18.50630760192871,1803000.0,10.012368202209473
2001-08-13,19.62413787841797,18.521211624145508,18.53114891052246,19.276369094848633,1914900.0,10.428988456726074
2001-08-14,19.3260498046875,18.680192947387695,19.3260498046875,18.739810943603516,1148700.0,10.138696670532227
2001-08-15,18.859045028686523,18.357263565063477,18.739810943603516,18.55599021911621,1993000.0,10.039244651794434
2001-08-16,18.754714965820312,18.431785583496094,18.55599021911621,18.630512237548828,1175900.0,10.079564094543457
2001-08-17,18.85407829284668,18.456626892089844,18.50630760192871,18.754714965820312,1385300.0,10.14676284790039
2001-08-20,19.251527786254883,18.580829620361328,18.655351638793945,19.02796173095703,1009500.0,10.294596672058105
2001-08-21,19.05280303955078,18.729873657226562,19.02796173095703,18.88885498046875,1180200.0,10.21933650970459
2001-08-22,19.01802635192871,18.55599021911621,18.88885498046875,18.928600311279297,1104300.0,10.240838050842285
2001-08-23,19.22171974182129,18.85407829284668,18.903759002685547,19.08757972717285,1098000.0,10.326851844787598
2001-08-24,19.251527786254883,18.878917694091797,19.10248374938965,19.24656105041504,1537300.0,10.412862777709961
2001-08-27,19.3260498046875,18.82923698425293,19.301210403442383,18.95840835571289,1527800.0,10.256964683532715
2001-08-28,19.1273250579834,18.82923698425293,18.95840835571289,19.0627384185791,1314100.0,10.313413619995117
2001-08-29,19.177005767822266,18.85407829284668,19.0627384185791,18.988216400146484,1426800.0,10.273097038269043
2001-08-30,18.998153686523438,18.456626892089844,18.80439567565918,18.953439712524414,2347700.0,10.254279136657715
2001-08-31,18.96834373474121,18.630512237548828,18.953439712524414,18.680192947387695,1520200.0,10.106444358825684
2001-09-04,19.13726043701172,18.59076690673828,18.680192947387695,18.595733642578125,1258900.0,10.060746192932129
2001-09-05,18.754714965820312,18.00949478149414,18.630512237548828,18.123762130737305,2468000.0,9.805403709411621
2001-09-06,18.024398803710938,17.145038604736328,17.999557495117188,17.6418514251709,3476900.0,9.544675827026367
2001-09-07,17.467967987060547,16.84695053100586,17.23943328857422,16.85688591003418,2779200.0,9.119989395141602
2001-09-10,16.886695861816406,16.101730346679688,16.12160301208496,16.64325714111328,2851100.0,9.004412651062012
2001-09-17,17.482872009277344,15.401223182678223,15.401223182678223,16.047080993652344,4170100.0,8.681866645812988
2001-09-18,16.61841583251953,16.047080993652344,16.047080993652344,16.39484977722168,2728700.0,8.870016098022461
2001-09-19,18.382104873657227,16.439563751220703,16.444530487060547,17.711406707763672,3733300.0,9.582306861877441
2001-09-20,17.477903366088867,16.802236557006836,17.18975257873535,16.891664505004883,4457500.0,9.138805389404297
2001-09-21,17.885290145874023,16.196125030517578,16.196125030517578,16.6680965423584,3096600.0,9.017849922180176
2001-09-24,17.135103225708008,16.767459869384766,16.891664505004883,17.04567527770996,2520700.0,9.222129821777344
2001-09-25,17.72631072998047,17.269241333007812,17.388477325439453,17.49777603149414,2170700.0,9.466728210449219
2001-09-26,17.6766300201416,16.399818420410156,17.537521362304688,16.568735122680664,2133200.0,8.964094161987305
2001-09-27,17.085420608520508,16.54886245727539,16.69293785095215,16.683002471923828,2247800.0,9.02591323852539
2001-09-28,16.797269821166992,16.146442413330078,16.64325714111328,16.47930908203125,4262000.0,8.915711402893066
2001-10-01,16.74262046813965,15.93778133392334,16.74262046813965,16.33523178100586,2023400.0,8.837762832641602
2001-10-02,16.26567840576172,15.38135051727295,16.260709762573242,15.654597282409668,2951400.0,8.469522476196289
2001-10-03,16.891664505004883,15.585043907165527,15.654597282409668,16.59357452392578,2831600.0,8.977530479431152
2001-10-04,17.050643920898438,16.260709762573242,16.48924446105957,16.886695861816406,2382100.0,9.136117935180664
2001-10-05,16.88172721862793,16.23090171813965,16.76249122619629,16.633319854736328,1734300.0,8.999039649963379
2001-10-08,16.722747802734375,16.091793060302734,16.509117126464844,16.171283721923828,1475700.0,8.749063491821289
2001-10-09,16.270647048950195,15.87319564819336,16.047080993652344,16.161348342895508,1551200.0,8.74368953704834
2001-10-10,16.64325714111328,16.111665725708008,16.196125030517578,16.60848045349121,1592200.0,8.985597610473633
2001-10-11,17.07051658630371,16.60848045349121,16.60848045349121,17.015867233276367,1518600.0,9.206002235412598
2001-10-12,16.891664505004883,16.022239685058594,16.891664505004883,16.75255584716797,1751300.0,9.063544273376465
2001-10-15,16.817142486572266,16.345169067382812,16.757524490356445,16.732683181762695,743300.0,9.052794456481934
2001-10-16,16.74262046813965,16.41969108581543,16.67803382873535,16.638288497924805,1047500.0,9.00172233581543
2001-10-17,16.94134521484375,16.42962646484375,16.891664505004883,16.84695053100586,1471700.0,9.114614486694336
2001-10-18,16.797269821166992,16.146442413330078,16.797269821166992,16.414722442626953,1607700.0,8.880767822265625
2001-10-19,16.658161163330078,16.201091766357422,16.41969108581543,16.379945755004883,2238500.0,8.861954689025879
2001-10-22,17.29905128479004,16.444530487060547,16.504148483276367,17.229496002197266,1137800.0,9.32158088684082
2001-10-23,17.3785400390625,16.722747802734375,17.229496002197266,17.184783935546875,1149000.0,9.297392845153809
2001-10-24,17.577266693115234,17.18975257873535,17.18975257873535,17.55739402770996,1063500.0,9.498982429504395
2001-10-25,17.78592872619629,17.055612564086914,17.090389251708984,17.711406707763672,1506100.0,9.582306861877441
2001-10-26,18.705034255981445,17.741214752197266,17.766056060791016,18.233060836791992,1949800.0,9.864534378051758
2001-10-29,19.276369094848633,18.43675422668457,18.754714965820312,18.729873657226562,3203500.0,10.133323669433594
2001-10-30,18.536117553710938,17.76108741760254,18.53114891052246,18.00949478149414,1956900.0,9.743581771850586
2001-10-31,18.729873657226562,17.835609436035156,18.059175491333008,17.840578079223633,2268600.0,9.65219497680664
2001-11-01,17.860450744628906,16.7177791595459,17.84554672241211,16.861854553222656,6855600.0,9.1226806640625
2001-11-02,19.971908569335938,18.82923698425293,18.82923698425293,19.912290573120117,11583800.0,10.773038864135742
2001-11-05,21.909481048583984,20.44388198852539,20.6127986907959,21.909481048583984,6074000.0,11.853565216064453
2001-11-06,21.611392974853516,21.154325485229492,21.46234893798828,21.362985610961914,3525800.0,11.55789852142334
2001-11-07,22.003875732421875,21.199037551879883,21.303369522094727,21.7852783203125,3769700.0,11.786372184753418
2001-11-08,22.555339813232422,21.735595703125,22.257251739501953,21.859800338745117,2578500.0,11.826690673828125
2001-11-09,22.346677780151367,21.685914993286133,21.710756301879883,21.834959030151367,1872400.0,11.813250541687012
2001-11-12,22.34170913696289,21.43750762939453,21.710756301879883,21.869735717773438,1192500.0,11.832066535949707
2001-11-13,22.30693244934082,21.51202964782715,22.05852508544922,21.705787658691406,2274100.0,11.743365287780762
2001-11-14,22.505657196044922,21.71572494506836,21.810117721557617,22.40132713317871,2351500.0,12.119669914245605
2001-11-15,22.7093505859375,22.138015747070312,22.277122497558594,22.356613159179688,1771600.0,12.095480918884277
2001-11-16,22.356613159179688,21.82999038696289,22.356613159179688,22.08336639404297,1774200.0,11.947644233703613
2001-11-19,22.595083236694336,22.157888412475586,22.30693244934082,22.505657196044922,2220600.0,12.176117897033691
2001-11-20,23.399921417236328,22.33177375793457,22.5106258392334,22.908077239990234,2403600.0,12.393832206726074
2001-11-21,22.82858657836914,22.08336639404297,22.783872604370117,22.694446563720703,1131100.0,12.278254508972168
2001-11-23,23.285655975341797,22.52056121826172,22.57024383544922,23.28068733215332,398100.0,12.59542465209961
2001-11-26,23.9464168548584,23.201196670532227,23.35024070739746,23.618520736694336,1658200.0,12.778200149536133
2001-11-27,24.438262939453125,23.414827346801758,23.598648071289062,24.343868255615234,1563200.0,13.170637130737305
2001-11-28,24.16998291015625,23.58871078491211,24.095460891723633,23.598648071289062,1398000.0,12.767450332641602
2001-11-29,23.727819442749023,23.250877380371094,23.60361671447754,23.563871383666992,1764400.0,12.74863338470459
2001-11-30,23.80234146118164,23.40985870361328,23.663232803344727,23.67317008972168,972700.0,12.807766914367676
2001-12-03,23.842086791992188,23.380050659179688,23.67317008972168,23.74272346496582,751500.0,12.845398902893066
2001-12-04,24.388582229614258,23.856990814208984,23.9464168548584,24.319026947021484,1860000.0,13.157191276550293
2001-12-05,24.959917068481445,24.4432315826416,24.542593002319336,24.840681076049805,1689100.0,13.439421653747559
2001-12-06,24.840681076049805,24.592275619506836,24.791000366210938,24.80093765258789,2810000.0,13.417919158935547
2001-12-07,24.890363693237305,23.89673614501953,24.890363693237305,24.045780181884766,2161900.0,13.009358406066895
2001-12-10,24.140174865722656,23.275718688964844,24.120302200317383,23.58871078491211,3331100.0,12.762072563171387
2001-12-11,24.756223678588867,23.87189483642578,23.9464168548584,24.423358917236328,2456600.0,13.213639259338379
2001-12-12,24.50284767150879,23.464508056640625,24.41839027404785,23.89673614501953,2326700.0,12.928722381591797
2001-12-13,23.822214126586914,23.305526733398438,23.598648071289062,23.474443435668945,1588200.0,12.700251579284668
2001-12-14,23.35024070739746,22.292028427124023,23.35024070739746,22.356613159179688,2873700.0,12.095480918884277
2001-12-17,22.754064559936523,21.884639739990234,22.356613159179688,22.465911865234375,3265000.0,12.15461254119873
2001-12-18,23.474443435668945,22.60502052307129,22.60502052307129,23.4694766998291,2809000.0,12.697566986083984
2001-12-19,24.095460891723633,23.2210693359375,23.4694766998291,23.583744049072266,2145400.0,12.759385108947754
2001-12-20,23.62348747253418,23.201196670532227,23.539030075073242,23.300559997558594,2495200.0,12.606176376342773
2001-12-21,23.847055435180664,23.330368041992188,23.747692108154297,23.668201446533203,2414800.0,12.805079460144043
2001-12-24,23.86195945739746,23.330368041992188,23.67317008972168,23.345272064208984,379300.0,12.63036823272705
2001-12-26,24.095460891723633,23.076993942260742,23.12667465209961,23.782468795776367,1432000.0,12.866905212402344
2001-12-27,24.140174865722656,23.598648071289062,23.787437438964844,24.011003494262695,998000.0,12.990543365478516
2001-12-28,24.766159057617188,24.020938873291016,24.070621490478516,24.68170166015625,1080800.0,13.353407859802246
2001-12-31,24.74131965637207,24.269346237182617,24.68170166015625,24.33393096923828,1224700.0,13.165253639221191
2002-01-02,24.567434310913086,23.89673614501953,24.33393096923828,24.4581356048584,1538700.0,13.232453346252441
2002-01-03,24.74131965637207,24.319026947021484,24.438262939453125,24.592275619506836,3689600.0,13.305024147033691
2002-01-04,25.287813186645508,24.592275619506836,24.592275619506836,25.03940773010254,4163600.0,13.546937942504883
2002-01-07,25.21329116821289,24.781064987182617,24.98972511291504,24.830745697021484,1664700.0,13.43404769897461
2002-01-08,24.840681076049805,24.582338333129883,24.70654296875,24.68170166015625,1549600.0,13.353407859802246
2002-01-09,25.024503707885742,24.61214828491211,24.71647834777832,24.74131965637207,1824900.0,13.385665893554688
2002-01-10,25.19342041015625,24.641956329345703,24.74131965637207,24.830745697021484,1849900.0,13.43404769897461
2002-01-11,24.830745697021484,24.045780181884766,24.830745697021484,24.4432315826416,1243600.0,13.224390983581543
2002-01-14,24.542593002319336,23.991130828857422,24.4432315826416,24.28921890258789,1104500.0,13.14106559753418
2002-01-15,24.592275619506836,23.558902740478516,24.28921890258789,23.747692108154297,1595800.0,12.848087310791016
2002-01-16,23.598648071289062,22.451007843017578,23.35024070739746,22.754064559936523,3204300.0,12.310511589050293
2002-01-17,23.181324005126953,22.525529861450195,22.908077239990234,22.754064559936523,1511000.0,12.310511589050293
2002-01-18,22.351646423339844,22.003875732421875,22.14298439025879,22.31686782836914,1955000.0,12.073974609375
2002-01-22,22.505657196044922,21.775341033935547,22.381454467773438,21.9840030670166,2689300.0,11.893890380859375
2002-01-23,22.36655044555664,21.79521369934082,21.9840030670166,22.267187118530273,1080600.0,12.047098159790039
2002-01-24,22.94782257080078,22.356613159179688,22.60502052307129,22.480817794799805,2677400.0,12.162674903869629
2002-01-25,22.58017921447754,21.904512405395508,22.48578453063965,21.959163665771484,2166800.0,11.880450248718262
2002-01-28,22.10820770263672,21.243751525878906,21.834959030151367,21.740564346313477,2866100.0,11.76218032836914
2002-01-29,21.710756301879883,20.319677352905273,21.616361618041992,20.602861404418945,3062700.0,11.146656036376953
2002-01-30,21.313304901123047,20.130887985229492,20.245155334472656,20.920822143554688,3425800.0,11.318681716918945
2002-01-31,22.455976486206055,21.23878288269043,21.417634963989258,22.10820770263672,3178400.0,11.96108341217041
2002-02-01,23.92157745361328,22.918012619018555,23.449604034423828,23.002471923828125,7344700.0,12.444905281066895
2002-02-04,23.534061431884766,22.85342788696289,23.226037979125977,23.086929321289062,2346300.0,12.490598678588867
2002-02-05,23.573806762695312,22.759033203125,23.136611938476562,23.275718688964844,1873200.0,12.592738151550293
2002-02-06,23.782468795776367,22.684511184692383,23.399921417236328,23.047183990478516,1886900.0,12.469096183776855
2002-02-07,23.653297424316406,22.952789306640625,22.9577579498291,23.191261291503906,1132700.0,12.54704475402832
2002-02-08,23.499284744262695,22.60502052307129,22.85342788696289,23.35024070739746,2131700.0,12.633054733276367
2002-02-11,24.70654296875,23.55393409729004,23.598648071289062,24.567434310913086,2264600.0,13.291586875915527
2002-02-12,24.840681076049805,24.19482421875,24.343868255615234,24.68170166015625,1650800.0,13.353407859802246
2002-02-13,25.009597778320312,24.140174865722656,24.805904388427734,24.567434310913086,2371600.0,13.291586875915527
2002-02-14,24.666797637939453,24.150110244750977,24.567434310913086,24.338899612426758,1735900.0,13.167947769165039
2002-02-15,24.448198318481445,23.886798858642578,24.4432315826416,24.279281616210938,1468300.0,13.135687828063965
2002-02-19,24.51775360107422,23.89673614501953,23.89673614501953,24.11036491394043,1466800.0,13.044301986694336
2002-02-20,24.11036491394043,23.345272064208984,24.11036491394043,23.618520736694336,2329300.0,12.778200149536133
2002-02-21,23.598648071289062,22.167823791503906,23.573806762695312,22.351646423339844,3636500.0,12.092789649963379
2002-02-22,22.62986183166504,22.013813018798828,22.530498504638672,22.182729721069336,2832400.0,12.00140380859375
2002-02-25,22.60502052307129,21.859800338745117,22.207569122314453,22.296995162963867,2381100.0,12.063223838806152
2002-02-26,22.60502052307129,22.232410430908203,22.296995162963867,22.505657196044922,3122400.0,12.176117897033691
2002-02-27,23.504253387451172,22.72425651550293,22.754064559936523,23.360177993774414,2090800.0,12.638433456420898
2002-02-28,23.83711814880371,23.176355361938477,23.365144729614258,23.60361671447754,1821900.0,12.770135879516602
2002-03-01,23.9464168548584,23.21113395690918,23.60361671447754,23.61355209350586,2390300.0,12.775511741638184
2002-03-04,25.09902572631836,23.822214126586914,23.847055435180664,25.08411979675293,3825300.0,13.571125984191895
2002-03-05,25.089088439941406,24.41839027404785,25.089088439941406,24.74131965637207,2340900.0,13.385665893554688
2002-03-06,24.890363693237305,24.328964233398438,24.641956329345703,24.815841674804688,2359100.0,13.425982475280762
2002-03-07,26.033035278320312,25.660425186157227,26.008193969726562,25.849212646484375,4708500.0,13.98505973815918
2002-03-08,26.564624786376953,25.958513259887695,26.097620010375977,26.08271598815918,3349700.0,14.111391067504883
2002-03-11,26.028066635131836,25.615711212158203,25.834308624267578,25.834308624267578,1870200.0,13.976998329162598
2002-03-12,25.660425186157227,25.337495803833008,25.412017822265625,25.65545654296875,2034900.0,13.880234718322754
2002-03-13,25.958513259887695,25.615711212158203,25.883991241455078,25.814435958862305,2198500.0,13.966246604919434
2002-03-14,26.05787467956543,25.685264587402344,25.779659271240234,25.834308624267578,1422400.0,13.976998329162598
2002-03-15,26.33112335205078,25.81940460205078,26.33112335205078,25.958513259887695,2348000.0,14.044196128845215
2002-03-18,26.3410587310791,26.033035278320312,26.08271598815918,26.256601333618164,1848600.0,14.20546817779541
2002-03-19,26.465261459350586,26.127429962158203,26.33112335205078,26.23672866821289,1994200.0,14.19471549987793
2002-03-20,26.206918716430664,25.46666717529297,26.192014694213867,25.600807189941406,1380900.0,13.850666046142578
2002-03-21,25.660425186157227,24.840681076049805,25.600807189941406,25.337495803833008,1823500.0,13.708210945129395
2002-03-22,25.387176513671875,23.9464168548584,25.387176513671875,24.239538192749023,3797900.0,13.114187240600586
2002-03-25,24.890363693237305,24.145143508911133,24.294187545776367,24.59724235534668,1867000.0,13.307716369628906
2002-03-26,25.118898391723633,24.368709564208984,24.71647834777832,24.3935489654541,1798100.0,13.197509765625
2002-03-27,25.46666717529297,24.050748825073242,24.3935489654541,25.04934310913086,1770000.0,13.552309036254883
2002-03-28,25.685264587402344,25.079153060913086,25.461698532104492,25.21329116821289,1482500.0,13.641013145446777
2002-04-01,24.890363693237305,24.49291229248047,24.890363693237305,24.632020950317383,1753300.0,13.326534271240234
2002-04-02,24.537626266479492,23.98119354248047,24.532657623291016,24.070621490478516,2011300.0,13.02280044555664
2002-04-03,24.3935489654541,23.891767501831055,24.3935489654541,23.966289520263672,1134600.0,12.966353416442871
2002-04-04,24.343868255615234,23.74272346496582,24.04081153869629,24.095460891723633,1516500.0,13.036235809326172
2002-04-05,24.16998291015625,23.499284744262695,24.095460891723633,23.737754821777344,1254400.0,12.8427095413208
2002-04-08,23.32539939880371,22.58017921447754,22.58017921447754,23.226037979125977,3200700.0,12.56585693359375
2002-04-09,23.593679428100586,23.10183334350586,23.399921417236328,23.16145133972168,2071800.0,12.530916213989258
2002-04-10,23.479412078857422,22.133047103881836,23.19622802734375,22.267187118530273,5982200.0,12.047098159790039
2002-04-11,22.80374526977539,21.810117721557617,22.30693244934082,21.92438507080078,3928700.0,11.8616304397583
2002-04-12,22.505657196044922,21.9840030670166,21.9840030670166,22.361581802368164,2371800.0,12.098166465759277
2002-04-15,22.778905868530273,22.406295776367188,22.555339813232422,22.505657196044922,2008300.0,12.176117897033691
2002-04-16,23.82718276977539,22.654701232910156,22.704383850097656,23.77750015258789,3142500.0,12.864214897155762
2002-04-17,24.035842895507812,23.250877380371094,23.598648071289062,23.345272064208984,2416300.0,12.63036823272705
2002-04-18,24.155078887939453,23.499284744262695,23.598648071289062,23.976226806640625,2779000.0,12.971728324890137
2002-04-19,24.22960090637207,23.886798858642578,24.120302200317383,24.145143508911133,1133800.0,13.063116073608398
2002-04-22,23.986162185668945,23.10183334350586,23.986162185668945,23.226037979125977,1850100.0,12.56585693359375
2002-04-23,23.270750045776367,22.356613159179688,22.903108596801758,22.962726593017578,2712200.0,12.423399925231934
2002-04-24,23.449604034423828,22.858394622802734,23.027311325073242,23.012407302856445,1016400.0,12.450282096862793
2002-04-25,23.201196670532227,22.600051879882812,22.88820457458496,23.05712127685547,1312800.0,12.474467277526855
2002-04-26,23.270750045776367,22.381454467773438,23.270750045776367,22.381454467773438,1108200.0,12.108917236328125
2002-04-29,22.575212478637695,21.675979614257812,22.381454467773438,21.815086364746094,1599300.0,11.802496910095215
2002-04-30,22.88820457458496,22.003875732421875,22.05852508544922,22.28209114074707,2470400.0,12.055159568786621
2002-05-01,22.287059783935547,21.551774978637695,22.28209114074707,21.70081901550293,3069700.0,11.740675926208496
2002-05-02,21.959163665771484,21.069866180419922,21.7852783203125,21.35801887512207,3768900.0,11.555214881896973
2002-05-03,21.48719024658203,20.582988739013672,21.377891540527344,20.592926025390625,3093200.0,11.141282081604004
2002-05-06,20.791650772094727,19.87254524230957,20.791650772094727,19.971908569335938,3282200.0,10.805294036865234
2002-05-07,20.26502799987793,19.74337387084961,20.22031593322754,19.86260986328125,5084300.0,10.746159553527832
2002-05-08,20.82145881652832,20.215347290039062,20.35942268371582,20.766809463500977,3792900.0,11.23535442352295
2002-05-09,20.866172790527344,20.180570602416992,20.766809463500977,20.22031593322754,1489800.0,10.939689636230469
2002-05-10,20.468721389770508,19.867576599121094,20.22031593322754,20.091142654418945,1804600.0,10.869806289672852
2002-05-13,20.096111297607422,19.07764434814453,20.091142654418945,19.499935150146484,5501400.0,10.54995059967041
2002-05-14,20.94069480895996,20.19547462463379,20.617765426635742,20.617765426635742,4033800.0,11.154719352722168
2002-05-15,23.201196670532227,21.740564346313477,21.859800338745117,23.166419982910156,7997000.0,12.533602714538574
2002-05-16,23.345272064208984,22.72425651550293,23.335336685180664,22.992534637451172,3409600.0,12.439529418945312
2002-05-17,23.822214126586914,23.285655975341797,23.35024070739746,23.608583450317383,2608100.0,12.772826194763184
2002-05-20,23.68310546875,23.111770629882812,23.608583450317383,23.608583450317383,2571500.0,12.772826194763184
2002-05-21,23.847055435180664,23.404890060424805,23.847055435180664,23.548965454101562,2657500.0,12.740569114685059
2002-05-22,23.64832878112793,23.076993942260742,23.424762725830078,23.633424758911133,2006300.0,12.786264419555664
2002-05-23,24.16004753112793,23.474443435668945,23.598648071289062,24.16004753112793,3121600.0,13.071182250976562
2002-05-24,23.876863479614258,23.235973358154297,23.87189483642578,23.37508201599121,1908500.0,12.64649772644043
2002-05-28,23.747692108154297,23.15151596069336,23.64832878112793,23.265783309936523,1624600.0,12.587362289428711
2002-05-29,23.310495376586914,22.967695236206055,23.270750045776367,23.146547317504883,1669900.0,12.52285099029541
2002-05-30,23.454572677612305,22.76896858215332,22.89813995361328,23.300559997558594,1850700.0,12.606176376342773
2002-05-31,23.693042755126953,23.31546401977539,23.424762725830078,23.534061431884766,2021200.0,12.732507705688477
2002-06-03,23.628456115722656,23.121706008911133,23.534061431884766,23.305526733398438,1769000.0,12.608864784240723
2002-06-04,23.832149505615234,22.908077239990234,23.29062271118164,23.548965454101562,2717600.0,12.740569114685059
2002-06-05,24.020938873291016,23.548965454101562,23.67317008972168,23.95635414123535,1828700.0,12.960976600646973
2002-06-06,24.34883689880371,23.792404174804688,24.045780181884766,23.961320877075195,2981000.0,12.963664054870605
2002-06-07,24.71647834777832,23.698009490966797,23.752660751342773,24.4432315826416,3096600.0,13.224390983581543
2002-06-10,24.721446990966797,24.085525512695312,24.51775360107422,24.224632263183594,3160500.0,13.106121063232422
2002-06-11,24.43329429626465,23.4694766998291,24.294187545776367,23.50922203063965,2146500.0,12.71906852722168
2002-06-12,23.747692108154297,22.858394622802734,23.548965454101562,23.534061431884766,1594100.0,12.732507705688477
2002-06-13,23.797372817993164,22.58017921447754,23.64832878112793,22.659669876098633,2772700.0,12.259435653686523
2002-06-14,22.93291664123535,21.969099044799805,22.00884437561035,22.85342788696289,1798000.0,12.36426830291748
2002-06-17,24.095460891723633,23.027311325073242,23.052152633666992,24.020938873291016,1561600.0,12.995919227600098
2002-06-18,24.4432315826416,23.822214126586914,23.9960994720459,24.199792861938477,1730100.0,13.092682838439941
2002-06-19,24.478008270263672,23.499284744262695,23.951385498046875,23.74272346496582,1854900.0,12.845398902893066
2002-06-20,24.21966552734375,23.320432662963867,23.752660751342773,23.429731369018555,1677800.0,12.676061630249023
2002-06-21,23.698009490966797,22.903108596801758,22.98259925842285,23.146547317504883,1801800.0,12.52285099029541
2002-06-24,23.300559997558594,22.654701232910156,23.096866607666016,23.027311325073242,1819300.0,12.458344459533691
2002-06-25,23.7327880859375,22.356613159179688,23.439666748046875,22.530498504638672,1808400.0,12.18955135345459
2002-06-26,22.46094512939453,21.611392974853516,22.455976486206055,22.10820770263672,3007900.0,11.96108341217041
2002-06-27,22.952789306640625,21.680946350097656,22.60502052307129,22.754064559936523,3509500.0,12.310511589050293
2002-06-28,24.095460891723633,22.441072463989258,22.555339813232422,23.747692108154297,2508500.0,12.848087310791016
2002-07-01,23.772533416748047,20.518404006958008,23.747692108154297,20.707191467285156,5742800.0,11.203103065490723
2002-07-02,21.189102172851562,19.177005767822266,20.707191467285156,20.096111297607422,6581600.0,10.872492790222168
2002-07-03,20.65751075744629,19.301210403442383,19.971908569335938,20.2998046875,2982700.0,10.982694625854492
2002-07-05,20.543243408203125,19.971908569335938,20.319677352905273,20.269996643066406,1771600.0,10.966564178466797
2002-07-08,20.861204147338867,19.783119201660156,20.274965286254883,20.115983963012695,2635700.0,10.883241653442383
2002-07-09,20.274965286254883,19.440317153930664,19.89738655090332,19.450254440307617,1703500.0,10.5230712890625
2002-07-10,19.947067260742188,19.301210403442383,19.569488525390625,19.475093841552734,2906600.0,10.536505699157715
2002-07-11,19.773181915283203,18.6007022857666,19.54961585998535,18.92363166809082,3184800.0,10.238150596618652
2002-07-12,19.71853256225586,18.655351638793945,18.92363166809082,19.499935150146484,2610100.0,10.54995059967041
2002-07-15,19.35089111328125,18.754714965820312,19.3260498046875,19.24656105041504,2005700.0,10.412862777709961
2002-07-16,20.17063331604004,19.24656105041504,19.24656105041504,19.425413131713867,2648800.0,10.509627342224121
2002-07-17,20.22031593322754,19.53968048095703,19.798023223876953,20.071269989013672,2061200.0,10.859049797058105
2002-07-18,19.728469848632812,18.670255661010742,19.723501205444336,18.849109649658203,3080300.0,10.197830200195312
2002-07-19,19.3260498046875,17.954845428466797,18.724905014038086,18.208219528198242,1893400.0,9.851096153259277
2002-07-22,18.82923698425293,17.502744674682617,18.208219528198242,17.70146942138672,2459900.0,9.57693099975586
2002-07-23,18.118793487548828,17.42822265625,17.587202072143555,17.58223533630371,1903700.0,9.512422561645508
2002-07-24,18.267837524414062,16.9661865234375,16.991025924682617,17.930004119873047,2794500.0,9.700572967529297
2002-07-25,18.034334182739258,16.956249237060547,17.21459197998047,17.78592872619629,2924200.0,9.622624397277832
2002-07-26,18.098920822143555,17.289113998413086,17.78592872619629,17.815736770629883,1586000.0,9.638751029968262
2002-07-29,18.878917694091797,17.920068740844727,18.357263565063477,18.50630760192871,2783300.0,10.012368202209473
2002-07-30,19.02796173095703,18.17841148376465,18.30758285522461,18.878917694091797,4232900.0,10.213959693908691
2002-07-31,18.635478973388672,17.98465347290039,18.605670928955078,18.382104873657227,3548800.0,9.945168495178223
2002-08-01,18.24796485900879,17.636884689331055,18.00949478149414,17.825674057006836,3134400.0,9.64412784576416
2002-08-02,17.706438064575195,17.269241333007812,17.70146942138672,17.48784065246582,2688200.0,9.46135139465332
2002-08-05,17.537521362304688,16.320327758789062,17.48784065246582,16.424659729003906,2608500.0,8.88614559173584
2002-08-06,17.507713317871094,16.543893814086914,16.64325714111328,17.304018020629883,2619600.0,9.36190414428711
2002-08-07,17.636884689331055,16.772428512573242,17.413318634033203,17.43815803527832,1583400.0,9.43447208404541
2002-08-08,18.168474197387695,17.209625244140625,17.636884689331055,18.05420684814453,1883500.0,9.767770767211914
2002-08-09,18.322486877441406,17.587202072143555,18.05420684814453,18.004526138305664,1172600.0,9.74089241027832
2002-08-12,17.944908142089844,17.43815803527832,17.88032341003418,17.746183395385742,1356300.0,9.60112190246582
2002-08-13,18.034334182739258,17.18975257873535,17.24936866760254,17.388477325439453,2344100.0,9.407596588134766
2002-08-14,18.233060836791992,17.194719314575195,17.26427459716797,18.12872886657715,1939500.0,9.808087348937988
2002-08-15,18.580829620361328,18.093952178955078,18.208219528198242,18.337390899658203,1636300.0,9.920979499816895
2002-08-16,18.491403579711914,17.835609436035156,17.885290145874023,18.382104873657227,1484600.0,9.945168495178223
2002-08-19,18.729873657226562,18.183378219604492,18.406944274902344,18.680192947387695,1718700.0,10.106444358825684
2002-08-20,18.655351638793945,17.98465347290039,18.655351638793945,18.024398803710938,1643300.0,9.751642227172852
2002-08-21,18.416881561279297,18.014461517333984,18.183378219604492,18.357263565063477,2111700.0,9.931731224060059
2002-08-22,18.431785583496094,18.108856201171875,18.406944274902344,18.4019775390625,3274800.0,9.955924987792969
2002-08-23,19.301210403442383,18.25790023803711,18.4019775390625,18.878917694091797,3249200.0,10.213959693908691
2002-08-26,19.201847076416016,18.481468200683594,18.903759002685547,18.943504333496094,1581400.0,10.248903274536133
2002-08-27,19.181974411010742,18.431785583496094,19.003122329711914,18.53114891052246,1497700.0,10.025809288024902
2002-08-28,18.705034255981445,17.95981216430664,18.53114891052246,18.024398803710938,1496000.0,9.751642227172852
2002-08-29,18.516244888305664,17.76108741760254,17.98465347290039,18.372167587280273,1593800.0,9.93979549407959
2002-08-30,18.55599021911621,18.242996215820312,18.372167587280273,18.297645568847656,1146800.0,9.899476051330566
2002-09-03,18.287710189819336,17.289113998413086,18.28274154663086,17.388477325439453,2288000.0,9.407596588134766
2002-09-04,17.97471809387207,17.27420997619629,17.398412704467773,17.885290145874023,1418700.0,9.676382064819336
2002-09-05,17.636884689331055,17.259305953979492,17.636884689331055,17.348731994628906,2314300.0,9.386092185974121
2002-09-06,17.999557495117188,17.612043380737305,17.612043380737305,17.870386123657227,1312000.0,9.668320655822754
2002-09-09,18.431785583496094,17.587202072143555,17.86541748046875,18.198284149169922,1314700.0,9.845719337463379
2002-09-10,18.382104873657227,17.95981216430664,18.158538818359375,18.30758285522461,1124000.0,9.904850959777832
2002-09-11,18.50630760192871,17.895227432250977,18.456626892089844,18.014461517333984,1067500.0,9.746267318725586
2002-09-12,17.8902587890625,17.323890686035156,17.8902587890625,17.398412704467773,1298600.0,9.412965774536133
2002-09-13,17.42822265625,17.184783935546875,17.338796615600586,17.338796615600586,1805600.0,9.380716323852539
2002-09-16,17.885290145874023,17.289113998413086,17.338796615600586,17.711406707763672,1775500.0,9.582306861877441
2002-09-17,18.133697509765625,17.338796615600586,18.00949478149414,17.39344596862793,1846700.0,9.410284042358398
2002-09-18,17.711406707763672,17.09535789489746,17.269241333007812,17.467967987060547,2487900.0,9.45059871673584
2002-09-19,15.649629592895508,14.656002044677734,15.152815818786621,14.656002044677734,12293900.0,7.929255962371826
2002-09-20,15.008739471435547,14.556639671325684,14.780205726623535,14.89944076538086,5148300.0,8.06096363067627
2002-09-23,15.038548469543457,14.5069580078125,14.89944076538086,14.86963176727295,2484500.0,8.044836044311523
2002-09-24,14.6311616897583,12.718428611755371,14.53179931640625,12.787982940673828,9018700.0,6.918612957000732
2002-09-25,13.726961135864258,12.937026977539062,13.066198348999023,13.483522415161133,4080900.0,7.294916152954102
2002-09-26,14.258551597595215,13.687215805053711,13.905813217163086,13.9207181930542,4320300.0,7.531452655792236
2002-09-27,14.054858207702637,12.932059288024902,13.687215805053711,12.932059288024902,2689800.0,6.996562480926514
2002-09-30,14.039953231811523,12.65384292602539,12.917154312133789,13.806450843811035,5035900.0,7.469629287719727
2002-10-01,14.904409408569336,13.518299102783203,13.826323509216309,14.775237083435059,4879000.0,7.9937663078308105
2002-10-02,14.95905876159668,13.910781860351562,14.775237083435059,14.258551597595215,3858700.0,7.714227676391602
2002-10-03,14.780205726623535,13.861100196838379,14.238678932189941,13.885941505432129,3176500.0,7.512635707855225
2002-10-04,13.885941505432129,12.847600936889648,13.885941505432129,12.922122955322266,3731300.0,6.991186618804932
2002-10-07,13.259956359863281,12.19180679321289,12.927090644836426,12.345818519592285,3297900.0,6.6793928146362305
2002-10-08,13.364286422729492,12.435245513916016,12.445181846618652,13.150656700134277,2434000.0,7.114830493927002
2002-10-09,12.917154312133789,12.072571754455566,12.917154312133789,12.201743125915527,3889100.0,6.601443290710449
2002-10-10,12.579320907592773,12.12722110748291,12.206710815429688,12.55448055267334,5963500.0,6.79228401184082
2002-10-11,13.59282112121582,12.917154312133789,13.115880012512207,13.086071014404297,3795400.0,7.0798869132995605
2002-10-14,13.523266792297363,13.016517639160156,13.016517639160156,13.523266792297363,1672900.0,7.3164191246032715
2002-10-15,15.003771781921387,14.318168640136719,14.40759563446045,15.003771781921387,3327300.0,8.117410659790039
2002-10-16,14.680843353271484,13.712056159973145,14.5069580078125,14.14428424835205,3019900.0,7.652405738830566
2002-10-17,15.396254539489746,14.521862983703613,14.889504432678223,14.775237083435059,2173600.0,7.9937663078308105
2002-10-18,14.864664077758789,14.233710289001465,14.680843353271484,14.824918746948242,2392300.0,8.020646095275879
2002-10-21,15.252178192138672,14.333073616027832,14.40759563446045,15.217401504516602,2638900.0,8.232987403869629
2002-10-22,15.197528839111328,14.795109748840332,14.978931427001953,14.904409408569336,2143200.0,8.063651084899902
2002-10-23,15.267083168029785,14.705683708190918,14.954090118408203,15.11803913116455,2785000.0,8.179231643676758
2002-10-24,16.39484977722168,15.341605186462402,15.500585556030273,15.455872535705566,2748600.0,8.362009048461914
2002-10-25,15.624789237976074,14.954090118408203,15.202497482299805,15.47574520111084,1662500.0,8.372760772705078
2002-10-28,16.30045509338379,15.47574520111084,15.798673629760742,15.942749977111816,1998800.0,8.625422477722168
2002-10-29,15.898036003112793,15.098166465759277,15.893068313598633,15.460840225219727,1805200.0,8.364694595336914
2002-10-30,15.848355293273926,15.147848129272461,15.401223182678223,15.560203552246094,1926400.0,8.418452262878418
2002-10-31,16.42962646484375,15.848355293273926,15.848355293273926,16.042112350463867,2502800.0,8.679176330566406
2002-11-01,16.374977111816406,15.535362243652344,15.798673629760742,16.285551071166992,1607700.0,8.810882568359375
2002-11-04,17.636884689331055,16.578670501708984,16.64325714111328,16.995994567871094,2266500.0,9.19525146484375
2002-11-05,16.94134521484375,16.365041732788086,16.94134521484375,16.568735122680664,2276000.0,8.964094161987305
2002-11-06,15.803641319274902,14.983899116516113,15.798673629760742,15.649629592895508,10096000.0,8.466835021972656
2002-11-07,15.748991966247559,15.247210502624512,15.57510757446289,15.391286849975586,3183600.0,8.327065467834473
2002-11-08,15.47574520111084,15.02364444732666,15.351541519165039,15.05345344543457,2436000.0,8.144289016723633
2002-11-11,14.95905876159668,14.417531967163086,14.939186096191406,14.581480026245117,2082600.0,7.888938903808594
2002-11-12,14.904409408569336,14.377786636352539,14.581480026245117,14.775237083435059,2791200.0,7.9937663078308105
2002-11-13,15.227337837219238,14.497021675109863,14.497021675109863,15.08823013305664,2256700.0,8.163104057312012
2002-11-14,15.724151611328125,15.157784461975098,15.232306480407715,15.51548957824707,3746500.0,8.394261360168457
2002-11-15,15.599947929382324,15.237274169921875,15.47574520111084,15.505553245544434,2836000.0,8.388885498046875
2002-11-18,15.724151611328125,15.202497482299805,15.699311256408691,15.272050857543945,2523400.0,8.262556076049805
2002-11-19,15.281987190246582,14.656002044677734,15.281987190246582,14.874600410461426,2683600.0,8.047526359558105
2002-11-20,15.550267219543457,14.819951057434082,14.874600410461426,15.54033088684082,2224700.0,8.40770149230957
2002-11-21,16.568735122680664,15.585043907165527,15.798673629760742,16.519052505493164,3963500.0,8.937214851379395
2002-11-22,17.756118774414062,16.295486450195312,16.474340438842773,17.448095321655273,4267300.0,9.439846992492676
2002-11-25,17.875354766845703,16.817142486572266,17.18975257873535,17.259305953979492,3302300.0,9.337706565856934
2002-11-26,17.135103225708008,16.434595108032227,17.015867233276367,16.52402114868164,2439800.0,8.939903259277344
2002-11-27,17.388477325439453,16.64325714111328,16.69293785095215,17.353700637817383,1638300.0,9.388779640197754
2002-11-29,17.53255271911621,17.090389251708984,17.353700637817383,17.33382797241211,697700.0,9.37802791595459
2002-12-02,17.885290145874023,16.59357452392578,17.537521362304688,16.722747802734375,3145000.0,9.047417640686035
2002-12-03,16.866823196411133,16.48924446105957,16.72771453857422,16.568735122680664,1498800.0,8.964094161987305
2002-12-04,16.533958435058594,16.09676170349121,16.196125030517578,16.399818420410156,2142600.0,8.872706413269043
2002-12-05,16.7177791595459,16.295486450195312,16.39484977722168,16.648225784301758,2047100.0,9.007100105285645
2002-12-06,16.78733253479004,16.21599769592285,16.39484977722168,16.494213104248047,1542500.0,8.923776626586914
2002-12-09,16.38491439819336,15.898036003112793,16.38491439819336,15.93778133392334,1834200.0,8.622732162475586
2002-12-10,16.39484977722168,15.947717666625977,15.947717666625977,16.340200424194336,2151800.0,8.840450286865234
2002-12-11,16.891664505004883,16.02720832824707,16.245805740356445,16.563766479492188,1573200.0,8.961405754089355
2002-12-12,17.318923950195312,16.39484977722168,16.64325714111328,17.224529266357422,2743400.0,9.318894386291504
2002-12-13,17.14006996154785,16.220964431762695,17.14006996154785,16.35013771057129,3204700.0,8.845829010009766
2002-12-16,17.34376335144043,16.320327758789062,16.355104446411133,17.30898666381836,2690200.0,9.364588737487793
2002-12-17,17.547456741333008,17.1649112701416,17.269241333007812,17.45306396484375,2843400.0,9.442537307739258
2002-12-18,17.537521362304688,17.338796615600586,17.388477325439453,17.46299934387207,3711500.0,9.447911262512207
2002-12-19,17.671661376953125,17.26427459716797,17.418285369873047,17.388477325439453,4222200.0,9.407596588134766
2002-12-20,17.413318634033203,17.115230560302734,17.388477325439453,17.21459197998047,3494300.0,9.313520431518555
2002-12-23,17.373573303222656,16.991025924682617,17.090389251708984,17.21459197998047,3080900.0,9.313520431518555
2002-12-24,17.169879913330078,17.06058120727539,17.115230560302734,17.115230560302734,858400.0,9.259760856628418
2002-12-26,17.388477325439453,17.1649112701416,17.1649112701416,17.269241333007812,2271700.0,9.343086242675781
2002-12-27,17.269241333007812,16.9661865234375,17.219560623168945,17.01089859008789,1538500.0,9.203314781188965
2002-12-30,17.199687957763672,16.797269821166992,17.01089859008789,17.03573989868164,1962100.0,9.216755867004395
2002-12-31,17.30898666381836,16.98605728149414,17.03573989868164,17.115230560302734,1835200.0,9.259760856628418
2003-01-02,17.413318634033203,17.13013458251953,17.363636016845703,17.413318634033203,3410800.0,9.421032905578613
2003-01-03,17.313955307006836,16.971153259277344,17.26427459716797,17.115230560302734,2539100.0,9.259760856628418
2003-01-06,17.711406707763672,17.224529266357422,17.23943328857422,17.597139358520508,4095500.0,9.520486831665039
2003-01-07,17.98465347290039,17.467967987060547,17.58223533630371,17.885290145874023,2404000.0,9.676382064819336
2003-01-08,17.835609436035156,17.48784065246582,17.66669273376465,17.512680053710938,2858300.0,9.474791526794434
2003-01-09,17.860450744628906,17.612043380737305,17.612043380737305,17.686565399169922,2204100.0,9.568870544433594
2003-01-10,18.108856201171875,17.636884689331055,17.686565399169922,17.885290145874023,2409400.0,9.676382064819336
2003-01-13,18.208219528198242,17.92503547668457,17.95981216430664,17.954845428466797,2075700.0,9.714012145996094
2003-01-14,17.875354766845703,17.542490005493164,17.860450744628906,17.587202072143555,1475900.0,9.51511001586914
2003-01-15,17.686565399169922,16.851919174194336,17.59217071533203,16.971153259277344,3247800.0,9.181809425354004
2003-01-16,17.040708541870117,16.578670501708984,17.040708541870117,16.7028751373291,2660800.0,9.036667823791504
2003-01-17,16.7028751373291,16.042112350463867,16.7028751373291,16.161348342895508,2404200.0,8.74368953704834
2003-01-21,16.345169067382812,15.898036003112793,16.161348342895508,15.947717666625977,1918700.0,8.628108978271484
2003-01-22,16.017271041870117,15.619820594787598,15.858291625976562,15.853322982788086,2105700.0,8.57703971862793
2003-01-23,16.16631507873535,15.793705940246582,15.93778133392334,16.146442413330078,1698300.0,8.735621452331543
2003-01-24,16.106698989868164,15.599947929382324,16.106698989868164,15.609884262084961,1938100.0,8.445330619812012
2003-01-27,16.007335662841797,15.371414184570312,15.525425910949707,15.51052188873291,1530300.0,8.391573905944824
2003-01-28,15.893068313598633,15.500585556030273,15.525425910949707,15.848355293273926,1561500.0,8.574349403381348
2003-01-29,15.753960609436035,15.272050857543945,15.724151611328125,15.669502258300781,2412600.0,8.477588653564453
2003-01-30,15.823513984680176,15.3565092086792,15.669502258300781,15.599947929382324,1738200.0,8.439957618713379
2003-01-31,15.6049165725708,15.078293800354004,15.6049165725708,15.202497482299805,2756900.0,8.224928855895996
2003-02-03,15.629756927490234,15.142879486083984,15.142879486083984,15.401223182678223,2137200.0,8.332441329956055
2003-02-04,15.281987190246582,15.063389778137207,15.182624816894531,15.277019500732422,4042300.0,8.265243530273438
2003-02-05,16.469371795654297,15.699311256408691,15.699311256408691,16.08682632446289,7690100.0,8.703368186950684
2003-02-06,16.444530487060547,15.93778133392334,16.211029052734375,16.399818420410156,4146800.0,8.872706413269043
2003-02-07,16.732683181762695,16.33523178100586,16.444530487060547,16.568735122680664,5491300.0,8.964094161987305
2003-02-10,16.69293785095215,16.15637969970703,16.648225784301758,16.245805740356445,4257400.0,8.789383888244629
2003-02-11,16.399818420410156,15.99739933013916,16.330265045166016,16.08682632446289,2645900.0,8.703368186950684
2003-02-12,16.08682632446289,15.48568058013916,16.08682632446289,15.58007526397705,2946700.0,8.429203987121582
2003-02-13,15.609884262084961,14.983899116516113,15.58007526397705,15.401223182678223,3156400.0,8.332441329956055
2003-02-14,15.803641319274902,15.222370147705078,15.401223182678223,15.803641319274902,1621600.0,8.550158500671387
2003-02-18,15.99739933013916,15.719183921813965,15.803641319274902,15.888099670410156,3036100.0,8.595854759216309
2003-02-19,15.893068313598633,15.550267219543457,15.893068313598633,15.585043907165527,2374400.0,8.431893348693848
2003-02-20,15.649629592895508,15.281987190246582,15.634725570678711,15.351541519165039,2119600.0,8.305562973022461
2003-02-21,15.739055633544922,15.286955833435059,15.351541519165039,15.629756927490234,2022100.0,8.456086158752441
2003-02-24,15.649629592895508,15.301859855651855,15.639693260192871,15.326700210571289,2779400.0,8.292119026184082
2003-02-25,15.505553245544434,14.829887390136719,15.252178192138672,15.505553245544434,1944100.0,8.388885498046875
2003-02-26,15.396254539489746,15.11803913116455,15.376381874084473,15.162752151489258,2205100.0,8.203423500061035
2003-02-27,15.6049165725708,15.162752151489258,15.252178192138672,15.51548957824707,1986800.0,8.394261360168457
2003-02-28,15.808609962463379,15.401223182678223,15.51548957824707,15.530394554138184,2721300.0,8.402326583862305
2003-03-03,15.758928298950195,15.192561149597168,15.599947929382324,15.222370147705078,1731500.0,8.235676765441895
2003-03-04,15.187592506408691,14.452308654785156,15.187592506408691,14.457276344299316,4544900.0,7.821741104125977
2003-03-05,14.854727745056152,14.41256332397461,14.5069580078125,14.829887390136719,3139300.0,8.023335456848145
2003-03-06,14.765301704406738,14.53179931640625,14.755365371704102,14.680843353271484,2328900.0,7.942698001861572
2003-03-07,14.879568099975586,14.357913970947266,14.5069580078125,14.879568099975586,7757200.0,8.050212860107422
2003-03-10,14.92924976348877,14.680843353271484,14.839823722839355,14.680843353271484,3288900.0,7.942698001861572
2003-03-11,14.89944076538086,14.556639671325684,14.680843353271484,14.641098022460938,2134300.0,7.921194076538086
2003-03-12,14.59638500213623,14.298295974731445,14.591416358947754,14.526830673217773,5291700.0,7.859375
2003-03-13,14.656002044677734,13.712056159973145,14.6311616897583,13.98530387878418,7610000.0,7.566391468048096
2003-03-14,14.208869934082031,13.935622215270996,14.08466625213623,14.02008056640625,3654400.0,7.585207939147949
2003-03-17,14.646065711975098,13.662375450134277,13.712056159973145,14.621225357055664,5187400.0,7.910443305969238
2003-03-18,14.954090118408203,14.44237232208252,14.621225357055664,14.939186096191406,4023800.0,8.082468032836914
2003-03-19,15.018675804138184,14.829887390136719,14.939186096191406,14.983899116516113,3049700.0,8.106658935546875
2003-03-20,15.301859855651855,14.839823722839355,14.92924976348877,15.257146835327148,1882000.0,8.254493713378906
2003-03-21,16.106698989868164,15.257146835327148,15.257146835327148,16.02720832824707,5743900.0,8.671114921569824
2003-03-24,15.922877311706543,15.411158561706543,15.922877311706543,15.465808868408203,3224600.0,8.367383003234863
2003-03-25,15.942749977111816,15.45090389251709,15.465808868408203,15.724151611328125,2543700.0,8.507152557373047
2003-03-26,15.828482627868652,15.281987190246582,15.639693260192871,15.813577651977539,4781500.0,8.555534362792969
2003-03-27,16.851919174194336,15.818546295166016,15.818546295166016,16.578670501708984,6794200.0,8.969466209411621
2003-03-28,16.61841583251953,16.186187744140625,16.295486450195312,16.36007308959961,2376500.0,8.851202964782715
2003-03-31,16.2557430267334,15.97255802154541,16.171283721923828,16.171283721923828,1890100.0,8.749063491821289
2003-04-01,16.171283721923828,15.674469947814941,16.171283721923828,16.101730346679688,3760100.0,8.711432456970215
2003-04-02,15.99739933013916,13.175498008728027,15.99739933013916,14.169124603271484,25063200.0,7.665844917297363
2003-04-03,15.252178192138672,14.606321334838867,14.775237083435059,15.003771781921387,14881500.0,8.117410659790039
2003-04-04,15.05345344543457,14.526830673217773,15.033580780029297,14.621225357055664,4692400.0,7.910443305969238
2003-04-07,15.227337837219238,14.805046081542969,14.978931427001953,14.854727745056152,3573700.0,8.036773681640625
2003-04-08,14.810014724731445,14.387722969055176,14.805046081542969,14.47714900970459,3424900.0,7.83249568939209
2003-04-09,14.879568099975586,14.387722969055176,14.60135269165039,14.417531967163086,2865000.0,7.800239086151123
2003-04-10,14.53179931640625,14.268487930297852,14.53179931640625,14.43740463256836,4108700.0,7.8109893798828125
2003-04-11,14.685811042785645,14.422499656677246,14.606321334838867,14.561607360839844,2487500.0,7.878186225891113
2003-04-14,15.167719841003418,14.556639671325684,14.556639671325684,15.167719841003418,3073300.0,8.206109046936035
2003-04-15,15.351541519165039,14.904409408569336,15.043517112731934,15.351541519165039,3415000.0,8.305562973022461
2003-04-16,15.773833274841309,15.401223182678223,15.500585556030273,15.629756927490234,3823400.0,8.456086158752441
2003-04-17,15.753960609436035,15.47574520111084,15.629756927490234,15.739055633544922,1881900.0,8.515215873718262
2003-04-21,15.788737297058105,15.431031227111816,15.739055633544922,15.624789237976074,2638100.0,8.453397750854492
2003-04-22,16.09676170349121,15.45090389251709,15.624789237976074,16.091793060302734,3780200.0,8.706056594848633
2003-04-23,16.146442413330078,15.848355293273926,15.99739933013916,16.126569747924805,2661600.0,8.724870681762695
2003-04-24,16.09676170349121,15.823513984680176,16.09676170349121,15.888099670410156,2197700.0,8.595854759216309
2003-04-25,15.883131980895996,15.406190872192383,15.813577651977539,15.535362243652344,2254800.0,8.405014038085938
2003-04-28,16.146442413330078,15.525425910949707,15.535362243652344,16.146442413330078,3141300.0,8.735621452331543
2003-04-29,16.171283721923828,15.709247589111328,16.12160301208496,16.171283721923828,2569900.0,8.749063491821289
2003-04-30,16.37000846862793,15.90300464630127,16.07192039489746,16.37000846862793,2896300.0,8.856578826904297
2003-05-01,16.379945755004883,15.883131980895996,16.245805740356445,16.355104446411133,1707100.0,8.848512649536133
2003-05-02,16.409753799438477,16.186187744140625,16.295486450195312,16.35013771057129,3008700.0,8.845829010009766
2003-05-05,16.94134521484375,16.38491439819336,16.64325714111328,16.474340438842773,3572100.0,8.913022994995117
2003-05-06,16.956249237060547,16.39484977722168,16.474340438842773,16.861854553222656,3537100.0,9.1226806640625
2003-05-07,16.732683181762695,16.399818420410156,16.64325714111328,16.469371795654297,3850200.0,8.9103364944458
2003-05-08,16.06198501586914,15.649629592895508,15.773833274841309,15.90797233581543,4905000.0,8.606603622436523
2003-05-09,16.697906494140625,15.952686309814453,16.007335662841797,16.658161163330078,2790400.0,9.012475967407227
2003-05-12,16.64325714111328,16.270647048950195,16.469371795654297,16.340200424194336,3624600.0,8.840450286865234
2003-05-13,17.21459197998047,16.310392379760742,16.310392379760742,16.90656852722168,7445200.0,9.146868705749512
2003-05-14,18.82923698425293,17.48784065246582,17.711406707763672,18.53114891052246,18149200.0,10.025809288024902
2003-05-15,18.55599021911621,18.00949478149414,18.158538818359375,18.168474197387695,7886500.0,9.829590797424316
2003-05-16,18.620574951171875,17.895227432250977,18.108856201171875,18.620574951171875,3581100.0,10.074188232421875
2003-05-19,18.481468200683594,17.910131454467773,18.426816940307617,17.95981216430664,2674600.0,9.716699600219727
2003-05-20,18.242996215820312,17.835609436035156,17.964780807495117,17.934972763061523,3006800.0,9.703261375427246
2003-05-21,18.218156814575195,17.810768127441406,17.835609436035156,18.198284149169922,2847300.0,9.845719337463379
2003-05-22,18.252933502197266,18.029367446899414,18.133697509765625,18.218156814575195,2974200.0,9.856470108032227
2003-05-23,18.620574951171875,18.1386661529541,18.23802947998047,18.536117553710938,2167500.0,10.028495788574219
2003-05-27,19.08757972717285,18.53114891052246,18.536117553710938,19.047834396362305,3196100.0,10.305349349975586
2003-05-28,19.5744571685791,19.132293701171875,19.177005767822266,19.266433715820312,4413400.0,10.423616409301758
2003-05-29,19.499935150146484,19.07764434814453,19.266433715820312,19.1273250579834,2905600.0,10.34835433959961
2003-05-30,19.922225952148438,19.226688385009766,19.266433715820312,19.723501205444336,2511700.0,10.670900344848633
2003-06-02,20.59789276123047,19.748342514038086,19.748342514038086,20.344518661499023,5769700.0,11.006885528564453
2003-06-03,20.19547462463379,19.45522117614746,20.19547462463379,19.61420249938965,3626000.0,10.611769676208496
2003-06-04,20.046430587768555,19.5744571685791,19.5744571685791,19.961971282958984,2984200.0,10.799920082092285
2003-06-05,20.06133460998535,19.44528579711914,19.961971282958984,19.971908569335938,3421200.0,10.805294036865234
2003-06-06,20.766809463500977,20.091142654418945,20.19547462463379,20.091142654418945,3402200.0,10.869806289672852
2003-06-09,20.130887985229492,19.430381774902344,20.091142654418945,19.5893611907959,1612300.0,10.598326683044434
2003-06-10,19.783119201660156,19.430381774902344,19.59929847717285,19.783119201660156,1044400.0,10.703152656555176
2003-06-11,20.1010799407959,19.62413787841797,19.758277893066406,20.0861759185791,1798100.0,10.867118835449219
2003-06-12,20.071269989013672,19.54961585998535,20.06133460998535,19.693693161010742,1677800.0,10.654770851135254
2003-06-13,19.822864532470703,19.28133773803711,19.773181915283203,19.499935150146484,1469500.0,10.54995059967041
2003-06-16,20.155729293823242,19.6390438079834,19.748342514038086,20.150760650634766,3594200.0,10.902059555053711
2003-06-17,20.94069480895996,20.44388198852539,20.617765426635742,20.468721389770508,3907200.0,11.07408332824707
2003-06-18,21.164260864257812,20.39419937133789,20.473690032958984,20.985408782958984,3239500.0,11.353623390197754
2003-06-19,21.16922950744629,20.51343536376953,21.159292221069336,20.637638092041016,3525500.0,11.165468215942383
2003-06-20,20.920822143554688,20.607830047607422,20.732032775878906,20.712160110473633,2163100.0,11.205788612365723
2003-06-23,20.65751075744629,20.250123977661133,20.58795738220215,20.294837951660156,2159800.0,10.980006217956543
2003-06-24,20.667448043823242,19.971908569335938,20.24018669128418,19.971908569335938,2402200.0,10.805294036865234
2003-06-25,20.22031593322754,18.978281021118164,19.947067260742188,19.032930374145508,4004800.0,10.297283172607422
2003-06-26,19.59929847717285,19.032930374145508,19.1273250579834,19.54961585998535,3230900.0,10.576825141906738
2003-06-27,19.658916473388672,19.02796173095703,19.59929847717285,19.082611083984375,1954700.0,10.324164390563965
2003-06-30,19.494966506958008,18.938535690307617,19.177005767822266,18.938535690307617,2388100.0,10.2462158203125
2003-07-01,19.177005767822266,18.46159553527832,18.938535690307617,19.157133102416992,2819200.0,10.364481925964355
2003-07-02,19.301210403442383,18.928600311279297,19.157133102416992,19.241592407226562,2026800.0,10.410173416137695
2003-07-03,19.450254440307617,19.022994995117188,19.05280303955078,19.41050910949707,1546000.0,10.501564025878906
2003-07-07,20.12592124938965,19.62413787841797,19.62413787841797,19.996747970581055,3127400.0,10.818731307983398
2003-07-08,20.369359970092773,19.89738655090332,19.912290573120117,20.319677352905273,2829500.0,10.99344253540039
2003-07-09,20.269996643066406,19.728469848632812,20.19547462463379,19.87254524230957,2613800.0,10.751537322998047
2003-07-10,19.87254524230957,19.3260498046875,19.87254524230957,19.415477752685547,2218800.0,10.504250526428223
2003-07-11,19.59929847717285,19.311145782470703,19.499935150146484,19.50490379333496,1823000.0,10.552632331848145
2003-07-14,19.87254524230957,19.62413787841797,19.84770393371582,19.693693161010742,2762400.0,10.654770851135254
2003-07-15,20.120952606201172,19.763246536254883,19.87254524230957,19.971908569335938,2494800.0,10.805294036865234
2003-07-16,20.046430587768555,19.629106521606445,20.046430587768555,19.758277893066406,1933200.0,10.689715385437012
2003-07-17,19.698659896850586,19.067707061767578,19.619171142578125,19.147197723388672,2788500.0,10.359103202819824
2003-07-18,19.331018447875977,19.037899017333984,19.147197723388672,19.132293701171875,2737100.0,10.351042747497559
2003-07-21,19.132293701171875,18.630512237548828,19.132293701171875,18.79446029663086,1649200.0,10.168266296386719
2003-07-22,19.067707061767578,18.28274154663086,19.067707061767578,18.431785583496094,6823600.0,9.972049713134766
2003-07-23,19.201847076416016,18.873950958251953,19.02796173095703,19.191911697387695,4778700.0,10.38329792022705
2003-07-24,19.425413131713867,18.928600311279297,19.28133773803711,19.003122329711914,2404200.0,10.281160354614258
2003-07-25,19.773181915283203,18.98324966430664,18.998153686523438,19.723501205444336,2286900.0,10.670900344848633
2003-07-28,20.021589279174805,19.5744571685791,19.62413787841797,19.8377685546875,2323900.0,10.732723236083984
2003-07-29,19.877513885498047,19.67382049560547,19.773181915283203,19.788087844848633,2234700.0,10.705839157104492
2003-07-30,19.927194595336914,19.629106521606445,19.84770393371582,19.6390438079834,1407800.0,10.625202178955078
2003-07-31,20.47865867614746,19.723501205444336,19.748342514038086,20.155729293823242,3278800.0,10.904747009277344
2003-08-01,20.354454040527344,19.822864532470703,20.031526565551758,20.235219955444336,3289800.0,10.947751998901367
2003-08-04,21.23878288269043,20.448848724365234,20.71712875366211,21.23878288269043,6502100.0,11.490706443786621
2003-08-05,21.387826919555664,20.980440139770508,21.139419555664062,21.0748348236084,4993900.0,11.402006149291992
2003-08-06,21.218910217285156,20.761842727661133,20.990375518798828,20.96553611755371,3451500.0,11.342869758605957
2003-08-07,20.925790786743164,20.617765426635742,20.866172790527344,20.895980834960938,1763000.0,11.305240631103516
2003-08-08,20.990375518798828,20.5482120513916,20.895980834960938,20.68235206604004,2396600.0,11.189661979675293
2003-08-11,21.288463592529297,20.677383422851562,20.677383422851562,21.208974838256836,3509700.0,11.474578857421875
2003-08-12,21.671010971069336,21.21394157409668,21.23878288269043,21.671010971069336,4114700.0,11.7245512008667
2003-08-13,21.671010971069336,20.021589279174805,21.671010971069336,20.071269989013672,10322700.0,10.859049797058105
2003-08-14,20.28986930847168,20.0364933013916,20.19547462463379,20.120952606201172,3360100.0,10.885933876037598
2003-08-15,20.260059356689453,19.867576599121094,20.19547462463379,20.096111297607422,1223300.0,10.872492790222168
2003-08-18,20.642606735229492,20.269996643066406,20.344518661499023,20.582988739013672,3369000.0,11.135903358459473
2003-08-19,21.154325485229492,20.662479400634766,20.69228744506836,21.10961151123047,2637100.0,11.420818328857422
2003-08-20,21.338146209716797,20.841331481933594,20.841331481933594,21.313304901123047,2368800.0,11.531023025512695
2003-08-21,21.641202926635742,21.48719024658203,21.48719024658203,21.591520309448242,2920400.0,11.681550025939941
2003-08-22,21.899545669555664,21.159292221069336,21.790246963500977,21.194068908691406,1994900.0,11.466514587402344
2003-08-25,21.36795425415039,21.094707489013672,21.36795425415039,21.184133529663086,1721200.0,11.461135864257812
2003-08-26,21.094707489013672,20.69228744506836,21.064897537231445,20.891014099121094,2636900.0,11.302555084228516
2003-08-27,21.015216827392578,20.72706413269043,20.866172790527344,20.8115234375,1365400.0,11.259546279907227
2003-08-28,20.91585350036621,20.568084716796875,20.816492080688477,20.74197006225586,1652200.0,11.221917152404785
2003-08-29,21.22884750366211,20.617765426635742,20.617765426635742,21.149356842041016,1475200.0,11.4423246383667
2003-09-02,21.919418334960938,21.268590927124023,21.412668228149414,21.904512405395508,2141000.0,11.85087776184082
2003-09-03,22.257251739501953,21.810117721557617,21.919418334960938,21.929353713989258,2281700.0,11.8643217086792
2003-09-04,22.33177375793457,21.810117721557617,21.884639739990234,22.192665100097656,1913500.0,12.006778717041016
2003-09-05,22.09330177307129,21.33317756652832,21.959163665771484,21.377891540527344,2470200.0,11.565964698791504
2003-09-08,21.710756301879883,21.412668228149414,21.412668228149414,21.661073684692383,2681800.0,11.719175338745117
2003-09-09,21.849863052368164,21.611392974853516,21.66604232788086,21.636234283447266,2496000.0,11.705734252929688
2003-09-10,21.636234283447266,20.642606735229492,21.412668228149414,20.75190544128418,2754000.0,11.227290153503418
2003-09-11,20.891014099121094,20.543243408203125,20.746936798095703,20.69228744506836,2517400.0,11.195036888122559
2003-09-12,20.652542114257812,20.106048583984375,20.637638092041016,20.23025131225586,3673100.0,10.945064544677734
2003-09-15,20.379295349121094,20.06133460998535,20.245155334472656,20.150760650634766,3303600.0,10.902059555053711
2003-09-16,20.225282669067383,19.902355194091797,20.021589279174805,20.0364933013916,3319600.0,10.840237617492676
2003-09-17,20.369359970092773,19.64897918701172,20.319677352905273,19.748342514038086,5026400.0,10.684340476989746
2003-09-18,19.748342514038086,19.266433715820312,19.748342514038086,19.584394454956055,5207700.0,10.595638275146484
2003-09-19,19.723501205444336,19.276369094848633,19.584394454956055,19.519807815551758,3011400.0,10.56069564819336
2003-09-22,19.783119201660156,19.36082649230957,19.519807815551758,19.47012710571289,2088100.0,10.533820152282715
2003-09-23,19.67382049560547,19.122356414794922,19.594329833984375,19.13726043701172,2676600.0,10.353727340698242
2003-09-24,19.226688385009766,18.670255661010742,19.177005767822266,18.705034255981445,3016900.0,10.11988353729248
2003-09-25,18.893821716308594,18.53114891052246,18.754714965820312,18.55599021911621,2443600.0,10.039244651794434
2003-09-26,18.630512237548828,18.233060836791992,18.55599021911621,18.302614212036133,2686800.0,9.902166366577148
2003-09-29,18.938535690307617,18.605670928955078,18.630512237548828,18.774587631225586,3475800.0,10.157513618469238
2003-09-30,18.774587631225586,18.28274154663086,18.774587631225586,18.6652889251709,2411500.0,10.098377227783203
2003-10-01,18.978281021118164,18.570894241333008,18.754714965820312,18.94847297668457,2613800.0,10.251590728759766
2003-10-02,19.16210174560547,18.774587631225586,18.85407829284668,19.15216636657715,3286200.0,10.361795425415039
2003-10-03,19.99178123474121,19.177005767822266,19.177005767822266,19.882482528686523,5728600.0,10.756915092468262
2003-10-06,20.175601959228516,19.842737197875977,19.882482528686523,19.922225952148438,2159800.0,10.778413772583008
2003-10-07,20.071269989013672,19.604265213012695,19.798023223876953,20.071269989013672,2330000.0,10.859049797058105
2003-10-08,20.056365966796875,19.822864532470703,19.89738655090332,19.996747970581055,2149600.0,10.818731307983398
2003-10-09,20.200443267822266,19.912290573120117,20.041461944580078,19.947067260742188,3446700.0,10.791855812072754
2003-10-10,20.096111297607422,19.877513885498047,19.947067260742188,20.066303253173828,997700.0,10.856364250183105
2003-10-13,20.543243408203125,20.180570602416992,20.190505981445312,20.424009323120117,1822200.0,11.04989242553711
2003-10-14,20.528339385986328,20.12592124938965,20.493562698364258,20.17063331604004,1672300.0,10.912809371948242
2003-10-15,20.319677352905273,20.0861759185791,20.319677352905273,20.17063331604004,1964600.0,10.912809371948242
2003-10-16,19.922225952148438,19.529743194580078,19.922225952148438,19.698659896850586,3328100.0,10.657459259033203
2003-10-17,19.822864532470703,19.45522117614746,19.609233856201172,19.5744571685791,2427300.0,10.590265274047852
2003-10-20,19.798023223876953,19.534711837768555,19.62413787841797,19.713565826416016,1059400.0,10.665525436401367
2003-10-21,19.668851852416992,19.3260498046875,19.64897918701172,19.3260498046875,2162800.0,10.455872535705566
2003-10-22,19.3260498046875,18.963376998901367,19.3260498046875,19.057771682739258,2093200.0,10.310723304748535
2003-10-23,19.301210403442383,18.82923698425293,18.98324966430664,19.28133773803711,1793900.0,10.431678771972656
2003-10-24,19.142229080200195,18.570894241333008,18.953439712524414,19.05280303955078,1655000.0,10.308034896850586
2003-10-27,19.365795135498047,19.122356414794922,19.177005767822266,19.29127311706543,1088000.0,10.437052726745605
2003-10-28,19.748342514038086,19.400571823120117,19.45522117614746,19.748342514038086,1794500.0,10.684340476989746
2003-10-29,19.728469848632812,19.544649124145508,19.62413787841797,19.61420249938965,1575300.0,10.611769676208496
2003-10-30,19.73343849182129,19.3260498046875,19.61420249938965,19.45522117614746,1765200.0,10.525751113891602
2003-10-31,19.71853256225586,19.430381774902344,19.475093841552734,19.68375587463379,1452100.0,10.649397850036621
2003-11-03,19.852672576904297,19.28133773803711,19.773181915283203,19.663883209228516,1264400.0,10.638642311096191
2003-11-04,19.89738655090332,19.400571823120117,19.544649124145508,19.73343849182129,1855600.0,10.676276206970215
2003-11-05,19.798023223876953,19.380699157714844,19.634075164794922,19.485031127929688,1455100.0,10.541884422302246
2003-11-06,19.619171142578125,19.345922470092773,19.400571823120117,19.604265213012695,2031000.0,10.606391906738281
2003-11-07,20.374326705932617,19.67382049560547,19.723501205444336,20.215347290039062,3930400.0,10.93700122833252
2003-11-10,20.737001419067383,20.22031593322754,20.339550018310547,20.344518661499023,3620000.0,11.006885528564453
2003-11-11,20.48859405517578,20.1010799407959,20.344518661499023,20.26502799987793,4546000.0,10.96388053894043
2003-11-12,22.133047103881836,21.611392974853516,21.805150985717773,21.954195022583008,15016200.0,11.877760887145996
2003-11-13,22.351646423339844,21.710756301879883,21.859800338745117,22.232410430908203,5913600.0,12.028284072875977
2003-11-14,22.242345809936523,21.894577026367188,22.133047103881836,21.959163665771484,3519300.0,11.880450248718262
2003-11-17,21.65610694885254,20.891014099121094,21.611392974853516,21.124515533447266,5419600.0,11.428881645202637
2003-11-18,21.48719024658203,21.0251522064209,21.362985610961914,21.040058135986328,3994500.0,11.38318920135498
2003-11-19,21.099674224853516,20.52337074279785,20.97547149658203,20.712160110473633,3292700.0,11.205788612365723
2003-11-20,20.866172790527344,20.309741973876953,20.642606735229492,20.369359970092773,3578100.0,11.0203275680542
2003-11-21,20.568084716796875,20.35942268371582,20.5482120513916,20.41904067993164,2308600.0,11.047204971313477
2003-11-24,20.861204147338867,20.568084716796875,20.568084716796875,20.771778106689453,1911300.0,11.238042831420898
2003-11-25,20.945663452148438,20.672414779663086,20.771778106689453,20.677383422851562,2033500.0,11.186971664428711
2003-11-26,20.935726165771484,20.44388198852539,20.74197006225586,20.518404006958008,2494900.0,11.100961685180664
2003-11-28,20.667448043823242,20.51343536376953,20.518404006958008,20.568084716796875,1793700.0,11.127838134765625
2003-12-01,20.866172790527344,20.592926025390625,20.592926025390625,20.826427459716797,3658200.0,11.267610549926758
2003-12-02,21.283496856689453,20.82145881652832,20.841331481933594,21.054962158203125,2803900.0,11.391252517700195
2003-12-03,21.278528213500977,20.74197006225586,21.114580154418945,20.84630012512207,2808000.0,11.278358459472656
2003-12-04,21.015216827392578,20.687320709228516,20.816492080688477,20.8115234375,2591400.0,11.259546279907227
2003-12-05,20.687320709228516,20.45381736755371,20.687320709228516,20.558147430419922,1903400.0,11.122462272644043
2003-12-08,20.756874084472656,20.46375274658203,20.468721389770508,20.72706413269043,1308700.0,11.213849067687988
2003-12-09,20.96553611755371,20.493562698364258,20.72706413269043,20.568084716796875,1960200.0,11.127838134765625
2003-12-10,20.826427459716797,20.553180694580078,20.617765426635742,20.677383422851562,1580200.0,11.186971664428711
2003-12-11,20.94069480895996,20.39419937133789,20.51343536376953,20.910886764526367,2624400.0,11.31330394744873
2003-12-12,21.139419555664062,20.53827476501465,20.791650772094727,21.094707489013672,2450100.0,11.412755966186523
2003-12-15,21.253686904907227,20.761842727661133,21.23878288269043,20.791650772094727,2676600.0,11.248794555664062
2003-12-16,21.0251522064209,20.468721389770508,20.543243408203125,20.925790786743164,2504400.0,11.321366310119629
2003-12-17,20.816492080688477,20.42897605895996,20.74197006225586,20.578020095825195,2556600.0,11.133214950561523
2003-12-18,20.667448043823242,20.493562698364258,20.568084716796875,20.637638092041016,2206500.0,11.165468215942383
2003-12-19,20.543243408203125,20.07623863220215,20.52337074279785,20.22031593322754,4097000.0,10.939689636230469
2003-12-22,20.935726165771484,20.096111297607422,20.17063331604004,20.791650772094727,1886800.0,11.248794555664062
2003-12-23,21.82999038696289,20.94069480895996,21.064897537231445,21.810117721557617,4381400.0,11.799810409545898
2003-12-24,22.0485897064209,21.586551666259766,21.810117721557617,21.969099044799805,1921000.0,11.885823249816895
2003-12-26,22.038652420043945,21.859800338745117,21.9840030670166,21.904512405395508,580100.0,11.85087776184082
2003-12-29,22.0336856842041,21.810117721557617,21.954195022583008,22.013813018798828,1426000.0,11.910014152526855
2003-12-30,22.267187118530273,21.685914993286133,21.849863052368164,22.162857055664062,1179200.0,11.990649223327637
2003-12-31,22.157888412475586,21.88960838317871,22.013813018798828,21.97406768798828,1226500.0,11.888510704040527
2004-01-02,22.08336639404297,21.904512405395508,21.969099044799805,21.9840030670166,1138400.0,11.893890380859375
2004-01-05,22.85342788696289,22.00884437561035,22.00884437561035,22.813682556152344,2869800.0,12.342763900756836
2004-01-06,22.600051879882812,22.207569122314453,22.421199798583984,22.52056121826172,1719500.0,12.184178352355957
2004-01-07,22.42616844177246,22.207569122314453,22.292028427124023,22.356613159179688,1579200.0,12.095480918884277
2004-01-08,22.455976486206055,22.232410430908203,22.33177375793457,22.361581802368164,1961800.0,12.098166465759277
2004-01-09,22.351646423339844,21.9989070892334,22.182729721069336,22.0336856842041,1771400.0,11.92076587677002
2004-01-12,22.262218475341797,21.909481048583984,21.959163665771484,22.12807846069336,1467500.0,11.97183609008789
2004-01-13,22.08336639404297,21.646169662475586,22.08336639404297,21.884639739990234,2443600.0,11.840127944946289
2004-01-14,22.267187118530273,21.864768981933594,21.884639739990234,22.157888412475586,2223600.0,11.98796272277832
2004-01-15,22.465911865234375,22.02374839782715,22.33177375793457,22.287059783935547,2375200.0,12.057847023010254
2004-01-16,22.421199798583984,22.207569122314453,22.34170913696289,22.346677780151367,1498500.0,12.090100288391113
2004-01-20,22.480817794799805,21.735595703125,22.356613159179688,22.05852508544922,2442800.0,11.934203147888184
2004-01-21,22.530498504638672,21.815086364746094,22.0336856842041,22.30693244934082,1689100.0,12.068598747253418
2004-01-22,22.749095916748047,22.182729721069336,22.30693244934082,22.659669876098633,2315600.0,12.259435653686523
2004-01-23,23.260814666748047,22.62986183166504,22.729223251342773,23.121706008911133,2773200.0,12.509414672851562
2004-01-26,23.191261291503906,22.843490600585938,23.121706008911133,23.191261291503906,1936600.0,12.54704475402832
2004-01-27,23.11673927307129,22.679542541503906,23.11673927307129,22.694446563720703,1835200.0,12.278254508972168
2004-01-28,22.927949905395508,22.386423110961914,22.694446563720703,22.480817794799805,1535900.0,12.162674903869629
2004-01-29,22.754064559936523,22.10820770263672,22.455976486206055,22.480817794799805,1740200.0,12.162674903869629
2004-01-30,22.356613159179688,22.05852508544922,22.356613159179688,22.182729721069336,1398400.0,12.00140380859375
2004-02-02,22.242345809936523,21.75050163269043,22.17776107788086,22.10820770263672,1781700.0,11.96108341217041
2004-02-03,22.72425651550293,21.934322357177734,22.10820770263672,22.172792434692383,1089500.0,11.996024131774902
2004-02-04,22.123111724853516,21.7852783203125,21.909481048583984,22.02374839782715,1597400.0,11.915390014648438
2004-02-05,22.33177375793457,21.84489631652832,21.9840030670166,22.267187118530273,1682900.0,12.047098159790039
2004-02-06,22.689477920532227,22.10820770263672,22.321836471557617,22.689477920532227,1583400.0,12.275564193725586
2004-02-09,23.027311325073242,22.565275192260742,22.689477920532227,22.918012619018555,2062500.0,12.399211883544922
2004-02-10,22.9726619720459,22.61495590209961,22.80374526977539,22.937885284423828,1489600.0,12.409956932067871
2004-02-11,23.35024070739746,22.82858657836914,22.927949905395508,23.16145133972168,2961400.0,12.530916213989258
2004-02-12,22.10820770263672,21.089738845825195,22.10820770263672,21.29840087890625,14282300.0,11.522957801818848
2004-02-13,21.75050163269043,21.194068908691406,21.303369522094727,21.318273544311523,5395500.0,11.533712387084961
2004-02-17,21.56171226501465,21.328208923339844,21.442476272583008,21.40273094177246,1587000.0,11.5794038772583
2004-02-18,21.382858276367188,21.064897537231445,21.362985610961914,21.08477020263672,2770800.0,11.407380104064941
2004-02-19,21.26362419128418,20.990375518798828,21.26362419128418,21.040058135986328,2317500.0,11.38318920135498
2004-02-20,21.288463592529297,20.468721389770508,21.26362419128418,20.617765426635742,3704500.0,11.154719352722168
2004-02-23,20.74197006225586,20.274965286254883,20.71712875366211,20.46375274658203,3135300.0,11.071393966674805
2004-02-24,20.672414779663086,20.021589279174805,20.568084716796875,20.22031593322754,4080900.0,10.939689636230469
2004-02-25,20.44388198852539,20.14579200744629,20.245155334472656,20.364391326904297,2366400.0,11.0176362991333
2004-02-26,20.379295349121094,20.071269989013672,20.294837951660156,20.269996643066406,2846600.0,10.966564178466797
2004-02-27,20.886045455932617,19.94209861755371,19.94209861755371,20.761842727661133,3072800.0,11.232666969299316
2004-03-01,20.96553611755371,20.737001419067383,20.766809463500977,20.737001419067383,1920800.0,11.219229698181152
2004-03-02,20.816492080688477,20.39419937133789,20.74197006225586,20.667448043823242,2364200.0,11.181600570678711
2004-03-03,21.089738845825195,20.553180694580078,20.69228744506836,20.94069480895996,1764900.0,11.329431533813477
2004-03-04,21.089738845825195,20.816492080688477,20.851268768310547,21.03508949279785,1415100.0,11.380498886108398
2004-03-05,21.35801887512207,20.866172790527344,20.96553611755371,21.233814239501953,2167500.0,11.488018989562988
2004-03-08,21.353050231933594,20.955598831176758,21.24871826171875,20.970502853393555,2571900.0,11.345558166503906
2004-03-09,21.0748348236084,20.791650772094727,20.841331481933594,20.91585350036621,2935000.0,11.315988540649414
2004-03-10,20.91585350036621,20.493562698364258,20.876108169555664,20.543243408203125,3235700.0,11.114398956298828
2004-03-11,20.816492080688477,20.409103393554688,20.483625411987305,20.533308029174805,3002000.0,11.109024047851562
2004-03-12,20.985408782958984,20.468721389770508,20.518404006958008,20.935726165771484,1952300.0,11.326743125915527
2004-03-15,20.816492080688477,20.369359970092773,20.71712875366211,20.518404006958008,2019700.0,11.100961685180664
2004-03-16,20.77674674987793,20.493562698364258,20.578020095825195,20.627702713012695,2297700.0,11.1600980758667
2004-03-17,20.71712875366211,20.528339385986328,20.667448043823242,20.602861404418945,2361000.0,11.146656036376953
2004-03-18,20.900949478149414,20.48859405517578,20.48859405517578,20.756874084472656,2112000.0,11.229979515075684
2004-03-19,20.791650772094727,20.458786010742188,20.74197006225586,20.518404006958008,1520400.0,11.100961685180664
2004-03-22,20.468721389770508,19.68375587463379,20.468721389770508,20.041461944580078,3799700.0,10.842925071716309
2004-03-23,20.2998046875,19.927194595336914,20.120952606201172,20.200443267822266,1978700.0,10.928935050964355
2004-03-24,20.269996643066406,19.8377685546875,20.180570602416992,19.912290573120117,2781900.0,10.773038864135742
2004-03-25,20.399168014526367,19.857641220092773,19.95700454711914,20.26502799987793,2134700.0,10.96388053894043
2004-03-26,20.20541000366211,19.976877212524414,20.140825271606445,19.986812591552734,2020200.0,10.813360214233398
2004-03-29,20.2998046875,20.02655792236328,20.0364933013916,20.155729293823242,1632700.0,10.904747009277344
2004-03-30,20.19547462463379,19.67382049560547,19.67382049560547,20.14579200744629,2345000.0,10.899368286132812
2004-03-31,20.190505981445312,19.857641220092773,20.175601959228516,20.0364933013916,2642600.0,10.840237617492676
2004-04-01,20.493562698364258,20.0364933013916,20.120952606201172,20.44388198852539,2081600.0,11.060646057128906
2004-04-02,21.020185470581055,20.652542114257812,20.791650772094727,20.945663452148438,2051600.0,11.332120895385742
2004-04-05,21.099674224853516,20.90591812133789,20.980440139770508,21.099674224853516,1919500.0,11.415444374084473
2004-04-06,21.3232421875,21.0102481842041,21.0748348236084,21.288463592529297,2273300.0,11.517581939697266
2004-04-07,21.397764205932617,21.04999351501465,21.288463592529297,21.174196243286133,2477000.0,11.455758094787598
2004-04-08,21.492156982421875,21.13445281982422,21.338146209716797,21.24871826171875,2085000.0,11.49608039855957
2004-04-12,21.457380294799805,21.218910217285156,21.24871826171875,21.407699584960938,1846700.0,11.58209228515625
2004-04-13,21.745532989501953,21.407699584960938,21.472286224365234,21.516998291015625,2228900.0,11.641225814819336
2004-04-14,21.705787658691406,21.432540893554688,21.48719024658203,21.705787658691406,2007500.0,11.743365287780762
2004-04-15,21.641202926635742,21.253686904907227,21.641202926635742,21.382858276367188,1468300.0,11.56865406036377
2004-04-16,21.48719024658203,21.218910217285156,21.382858276367188,21.338146209716797,2309900.0,11.544463157653809
2004-04-19,21.5368709564209,21.313304901123047,21.313304901123047,21.422603607177734,1128900.0,11.590154647827148
2004-04-20,21.48719024658203,21.283496856689453,21.353050231933594,21.362985610961914,1812200.0,11.55789852142334
2004-04-21,21.30833625793457,20.96553611755371,21.303369522094727,21.089738845825195,1939600.0,11.410073280334473
2004-04-22,21.59648895263672,20.891014099121094,21.114580154418945,21.23878288269043,1792600.0,11.490706443786621
2004-04-23,21.33317756652832,21.040058135986328,21.164260864257812,21.184133529663086,1607100.0,11.461135864257812
2004-04-26,21.23878288269043,20.71712875366211,21.23878288269043,20.74197006225586,2335000.0,11.221917152404785
2004-04-27,20.74197006225586,20.424009323120117,20.737001419067383,20.458786010742188,2369800.0,11.068710327148438
2004-04-28,20.53827476501465,20.245155334472656,20.458786010742188,20.38426399230957,1603700.0,11.028390884399414
2004-04-29,20.438913345336914,20.12592124938965,20.309741973876953,20.279932022094727,1912300.0,10.971944808959961
2004-04-30,20.38426399230957,20.12592124938965,20.284900665283203,20.32464599609375,1990900.0,10.996132850646973
2004-05-03,20.35942268371582,19.842737197875977,20.304773330688477,19.937131881713867,3035000.0,10.786478042602539
2004-05-04,20.06133460998535,19.64897918701172,19.986812591552734,19.927194595336914,2766500.0,10.78110408782959
2004-05-05,20.096111297607422,19.87254524230957,19.90732192993164,19.937131881713867,1478100.0,10.786478042602539
2004-05-06,20.071269989013672,19.70859718322754,19.822864532470703,19.798023223876953,1883700.0,10.711215019226074
2004-05-07,20.071269989013672,19.5744571685791,19.783119201660156,19.693693161010742,2215200.0,10.654770851135254
2004-05-10,19.822864532470703,19.251527786254883,19.64897918701172,19.475093841552734,2229300.0,10.536505699157715
2004-05-11,19.748342514038086,19.35089111328125,19.748342514038086,19.634075164794922,3525500.0,10.622518539428711
2004-05-12,19.748342514038086,18.913694381713867,19.748342514038086,19.395605087280273,3810800.0,10.49350357055664
2004-05-13,19.688724517822266,19.18694305419922,19.301210403442383,19.6390438079834,3201100.0,10.625202178955078
2004-05-14,19.788087844848633,18.92363166809082,19.465158462524414,19.5744571685791,4480600.0,10.590265274047852
2004-05-17,19.494966506958008,18.94847297668457,19.301210403442383,19.390636444091797,4111300.0,10.490812301635742
2004-05-18,21.586551666259766,20.766809463500977,21.10961151123047,20.95063018798828,10580400.0,11.334806442260742
2004-05-19,21.159292221069336,20.806554794311523,21.159292221069336,20.806554794311523,4039200.0,11.256857872009277
2004-05-20,21.149356842041016,20.687320709228516,20.85623550415039,20.995344161987305,2333300.0,11.35899829864502
2004-05-21,21.045024871826172,20.74197006225586,21.00031280517578,20.8115234375,2744800.0,11.259546279907227
2004-05-24,21.21394157409668,20.91585350036621,20.925790786743164,21.030120849609375,2016100.0,11.377813339233398
2004-05-25,21.223878860473633,20.886045455932617,21.04999351501465,21.208974838256836,2776800.0,11.474578857421875
2004-05-26,21.422603607177734,21.114580154418945,21.139419555664062,21.29840087890625,2403900.0,11.522957801818848
2004-05-27,21.382858276367188,21.089738845825195,21.29840087890625,21.35801887512207,2428800.0,11.555214881896973
2004-05-28,21.661073684692383,21.26362419128418,21.362985610961914,21.65610694885254,2138900.0,11.716487884521484
2004-06-01,21.7852783203125,21.303369522094727,21.661073684692383,21.45241355895996,2953100.0,11.606284141540527
2004-06-02,21.447444915771484,21.114580154418945,21.447444915771484,21.189102172851562,2355100.0,11.463824272155762
2004-06-03,21.21394157409668,20.816492080688477,21.114580154418945,20.816492080688477,2227700.0,11.262237548828125
2004-06-04,21.243751525878906,20.891014099121094,20.94069480895996,21.089738845825195,1918900.0,11.410073280334473
2004-06-07,21.328208923339844,21.04999351501465,21.164260864257812,21.318273544311523,1429600.0,11.533712387084961
2004-06-08,21.467317581176758,21.139419555664062,21.20400619506836,21.382858276367188,1274400.0,11.56865406036377
2004-06-09,21.626296997070312,21.382858276367188,21.382858276367188,21.422603607177734,2308800.0,11.590154647827148
2004-06-10,21.5368709564209,21.30833625793457,21.432540893554688,21.5368709564209,1196900.0,11.6519775390625
2004-06-14,21.372922897338867,20.945663452148438,21.338146209716797,21.015216827392578,1571900.0,11.3697509765625
2004-06-15,21.11954689025879,20.91585350036621,21.089738845825195,21.030120849609375,1908900.0,11.377813339233398
2004-06-16,21.0102481842041,20.816492080688477,20.94069480895996,20.94069480895996,1655200.0,11.329431533813477
2004-06-17,21.005281448364258,20.72706413269043,20.891014099121094,21.00031280517578,1474100.0,11.361687660217285
2004-06-18,21.556743621826172,20.781713485717773,20.816492080688477,21.45241355895996,2710200.0,11.606284141540527
2004-06-21,21.685914993286133,21.34311294555664,21.412668228149414,21.586551666259766,2191500.0,11.67885684967041
2004-06-22,21.93929100036621,21.581584930419922,21.591520309448242,21.934322357177734,2008000.0,11.867010116577148
2004-06-23,22.292028427124023,21.775341033935547,21.884639739990234,22.28209114074707,2407100.0,12.055159568786621
2004-06-24,22.82858657836914,22.242345809936523,22.28209114074707,22.619924545288086,3063600.0,12.237936019897461
2004-06-25,22.80374526977539,22.396358489990234,22.54540252685547,22.744129180908203,2468000.0,12.305133819580078
2004-06-28,22.883235931396484,22.336740493774414,22.81865119934082,22.585147857666016,1868900.0,12.219120979309082
2004-06-29,22.883235931396484,22.58017921447754,22.585147857666016,22.833555221557617,2022800.0,12.353513717651367
2004-06-30,23.06705665588379,22.565275192260742,22.783872604370117,23.06705665588379,1874900.0,12.479846954345703
2004-07-01,23.06705665588379,22.5106258392334,23.062089920043945,22.684511184692383,2306200.0,12.272879600524902
2004-07-02,22.76896858215332,22.43610382080078,22.684511184692383,22.619924545288086,1947500.0,12.237936019897461
2004-07-06,22.619924545288086,22.21253776550293,22.619924545288086,22.232410430908203,2365000.0,12.028284072875977
2004-07-07,22.465911865234375,22.207569122314453,22.227441787719727,22.301963806152344,1590300.0,12.065913200378418
2004-07-08,22.31686782836914,21.993940353393555,22.30693244934082,22.02374839782715,1954200.0,11.915390014648438
2004-07-09,22.381454467773438,22.08336639404297,22.08336639404297,22.27215576171875,1778500.0,12.049783706665039
2004-07-12,22.416231155395508,21.954195022583008,22.27215576171875,22.0336856842041,2074500.0,11.92076587677002
2004-07-13,22.33177375793457,21.9989070892334,22.10820770263672,22.242345809936523,2335400.0,12.033658027648926
2004-07-14,22.451007843017578,22.09330177307129,22.207569122314453,22.192665100097656,1110400.0,12.006778717041016
2004-07-15,22.386423110961914,22.10820770263672,22.28209114074707,22.162857055664062,1096600.0,11.990649223327637
2004-07-16,22.356613159179688,21.76043701171875,22.356613159179688,21.765405654907227,1997400.0,11.775619506835938
2004-07-19,22.704383850097656,21.76043701171875,21.84489631652832,22.46094512939453,3006800.0,12.151926040649414
2004-07-20,23.285655975341797,22.28209114074707,22.41126251220703,23.265783309936523,2820800.0,12.587362289428711
2004-07-21,23.35024070739746,22.908077239990234,23.310495376586914,22.908077239990234,2248400.0,12.393832206726074
2004-07-22,23.176355361938477,22.58017921447754,22.913043975830078,23.10183334350586,2099500.0,12.498662948608398
2004-07-23,23.096866607666016,22.53546714782715,23.09189796447754,22.704383850097656,2267900.0,12.283631324768066
2004-07-26,22.987565994262695,22.54540252685547,22.704383850097656,22.80374526977539,3531000.0,12.337387084960938
2004-07-27,23.62348747253418,22.92298126220703,22.927949905395508,23.479412078857422,3207700.0,12.7029390335083
2004-07-28,23.355209350585938,22.619924545288086,23.35024070739746,23.002471923828125,2666300.0,12.444905281066895
2004-07-29,23.524126052856445,22.903108596801758,23.00743865966797,23.4197940826416,2560600.0,12.670683860778809
2004-07-30,23.489349365234375,23.141578674316406,23.399921417236328,23.474443435668945,3215800.0,12.700251579284668
2004-08-02,23.464508056640625,23.002471923828125,23.464508056640625,23.389986038208008,1593000.0,12.654557228088379
2004-08-03,23.4197940826416,22.873300552368164,23.34030532836914,22.952789306640625,1770000.0,12.418024063110352
2004-08-04,23.072025299072266,22.465911865234375,22.88820457458496,22.729223251342773,2851700.0,12.297067642211914
2004-08-05,22.883235931396484,22.23737907409668,22.729223251342773,22.321836471557617,1952000.0,12.076664924621582
2004-08-06,22.11814308166504,21.636234283447266,21.9840030670166,21.641202926635742,2066600.0,11.70842456817627
2004-08-09,21.839927673339844,21.467317581176758,21.740564346313477,21.680946350097656,2367200.0,11.729926109313965
2004-08-10,22.043621063232422,21.675979614257812,21.710756301879883,21.959163665771484,2762400.0,11.880450248718262
2004-08-11,21.959163665771484,20.269996643066406,20.269996643066406,21.362985610961914,6030300.0,11.55789852142334
2004-08-12,21.526935577392578,21.194068908691406,21.26362419128418,21.34311294555664,2375900.0,11.547152519226074
2004-08-13,21.59648895263672,21.223878860473633,21.412668228149414,21.407699584960938,1388800.0,11.58209228515625
2004-08-16,21.9989070892334,21.22884750366211,21.362985610961914,21.904512405395508,2024600.0,11.85087776184082
2004-08-17,21.9840030670166,21.810117721557617,21.899545669555664,21.87967300415039,1765700.0,11.83743953704834
2004-08-18,22.192665100097656,21.72566032409668,21.864768981933594,22.17776107788086,1574300.0,11.9987154006958
2004-08-19,22.396358489990234,22.063493728637695,22.10820770263672,22.356613159179688,1494000.0,12.095480918884277
2004-08-20,22.455976486206055,22.133047103881836,22.356613159179688,22.391389846801758,1109400.0,12.114293098449707
2004-08-23,22.649734497070312,22.33177375793457,22.356613159179688,22.37648582458496,1113200.0,12.10622787475586
2004-08-24,22.749095916748047,22.40132713317871,22.451007843017578,22.60502052307129,1741000.0,12.229873657226562
2004-08-25,23.076993942260742,22.505657196044922,22.57024383544922,22.992534637451172,1374900.0,12.439529418945312
2004-08-26,23.265783309936523,22.858394622802734,22.942853927612305,23.240942001342773,1657300.0,12.57392406463623
2004-08-27,23.399921417236328,23.226037979125977,23.240942001342773,23.24591064453125,1226100.0,12.576608657836914
2004-08-30,23.250877380371094,22.878267288208008,23.250877380371094,22.93291664123535,876300.0,12.40727424621582
2004-08-31,23.027311325073242,22.684511184692383,22.937885284423828,23.027311325073242,1091200.0,12.458344459533691
2004-09-01,23.474443435668945,22.86336326599121,22.962726593017578,23.037248611450195,1475900.0,12.463715553283691
2004-09-02,23.216100692749023,22.88820457458496,23.076993942260742,23.21113395690918,1543600.0,12.557796478271484
2004-09-03,23.335336685180664,23.042217254638672,23.201196670532227,23.106801986694336,1138100.0,12.501349449157715
2004-09-07,23.50922203063965,23.181324005126953,23.226037979125977,23.439666748046875,2079900.0,12.681434631347656
2004-09-08,23.489349365234375,23.23100471496582,23.439666748046875,23.32539939880371,1886000.0,12.619616508483887
2004-09-09,23.4694766998291,23.111770629882812,23.330368041992188,23.380050659179688,1809800.0,12.649184226989746
2004-09-10,23.797372817993164,23.2210693359375,23.32539939880371,23.772533416748047,2307600.0,12.861528396606445
2004-09-13,24.020938873291016,23.618520736694336,23.747692108154297,23.881832122802734,2229500.0,12.920659065246582
2004-09-14,24.33393096923828,23.817245483398438,23.90667152404785,24.150110244750977,2507700.0,13.065801620483398
2004-09-15,24.10042953491211,23.722850799560547,24.095460891723633,23.817245483398438,3602600.0,12.885717391967773
2004-09-16,23.881832122802734,23.61355209350586,23.792404174804688,23.698009490966797,1968800.0,12.821208953857422
2004-09-17,23.847055435180664,23.464508056640625,23.772533416748047,23.60361671447754,1965600.0,12.770135879516602
2004-09-20,23.797372817993164,23.548965454101562,23.60361671447754,23.68310546875,1930000.0,12.813143730163574
2004-09-21,24.21966552734375,23.74272346496582,23.74272346496582,24.16004753112793,2358800.0,13.071182250976562
2004-09-22,24.16004753112793,23.548965454101562,24.16004753112793,23.608583450317383,1480800.0,12.772826194763184
2004-09-23,23.83711814880371,23.35024070739746,23.548965454101562,23.58871078491211,1658200.0,12.762072563171387
2004-09-24,23.727819442749023,23.45953941345215,23.688074111938477,23.50922203063965,1102300.0,12.71906852722168
2004-09-27,23.45953941345215,23.18629264831543,23.45953941345215,23.28068733215332,1620200.0,12.59542465209961
2004-09-28,23.43470001220703,23.10183334350586,23.37508201599121,23.265783309936523,1544900.0,12.587362289428711
2004-09-29,23.49431610107422,23.250877380371094,23.29062271118164,23.34030532836914,2270000.0,12.627681732177734
2004-09-30,23.51915740966797,23.086929321289062,23.360177993774414,23.399921417236328,3134200.0,12.659934043884277
2004-10-01,24.035842895507812,23.449604034423828,23.449604034423828,24.011003494262695,2943800.0,12.990543365478516
2004-10-04,24.68170166015625,24.011003494262695,24.478008270263672,24.572402954101562,2697900.0,13.294273376464844
2004-10-05,24.641956329345703,24.4084529876709,24.572402954101562,24.557498931884766,2363700.0,13.286212921142578
2004-10-06,24.74131965637207,24.33393096923828,24.49291229248047,24.711509704589844,1825300.0,13.369534492492676
2004-10-07,24.701574325561523,24.438262939453125,24.592275619506836,24.532657623291016,1106600.0,13.272770881652832
2004-10-08,24.51775360107422,24.249473571777344,24.512784957885742,24.284250259399414,1664100.0,13.13837718963623
2004-10-11,24.512784957885742,24.239538192749023,24.368709564208984,24.413421630859375,898200.0,13.208266258239746
2004-10-12,24.423358917236328,24.13520622253418,24.368709564208984,24.269346237182617,1980500.0,13.1303129196167
2004-10-13,24.28921890258789,23.573806762695312,24.269346237182617,23.82718276977539,2532600.0,12.891093254089355
2004-10-14,23.881832122802734,23.305526733398438,23.87189483642578,23.35024070739746,1938400.0,12.633054733276367
2004-10-15,23.822214126586914,23.201196670532227,23.449604034423828,23.54399871826172,1740200.0,12.737881660461426
2004-10-18,23.772533416748047,23.37508201599121,23.54399871826172,23.76756477355957,1341300.0,12.858839988708496
2004-10-19,24.209728240966797,23.832149505615234,23.86195945739746,23.83711814880371,2927800.0,12.896467208862305
2004-10-20,24.060684204101562,23.64832878112793,23.67317008972168,23.951385498046875,2458500.0,12.958290100097656
2004-10-21,24.51775360107422,23.87189483642578,24.045780181884766,24.403486251831055,1621600.0,13.202886581420898
2004-10-22,24.4084529876709,23.598648071289062,24.403486251831055,23.64832878112793,2440600.0,12.794326782226562
2004-10-25,23.911640167236328,23.489349365234375,23.598648071289062,23.876863479614258,2062300.0,12.917972564697266
2004-10-26,23.961320877075195,23.355209350585938,23.807310104370117,23.961320877075195,1951200.0,12.963664054870605
2004-10-27,24.721446990966797,23.80234146118164,23.901704788208008,24.71647834777832,2699400.0,13.372220993041992
2004-10-28,24.865522384643555,24.617115020751953,24.736351013183594,24.69163703918457,1942000.0,13.358785629272461
2004-10-29,24.855587005615234,24.363740921020508,24.791000366210938,24.676733016967773,2196200.0,13.350719451904297
2004-11-01,24.900299072265625,24.582338333129883,24.840681076049805,24.58730697631836,2643400.0,13.302339553833008
2004-11-02,25.024503707885742,24.49291229248047,24.567434310913086,24.840681076049805,3234300.0,13.439421653747559
2004-11-03,25.292781829833984,24.75125503540039,25.064247131347656,24.940044403076172,1723400.0,13.49317741394043
2004-11-04,25.342464447021484,24.62208366394043,24.940044403076172,25.277877807617188,1851900.0,13.675954818725586
2004-11-05,24.994693756103516,24.617115020751953,24.815841674804688,24.840681076049805,3808500.0,13.439421653747559
2004-11-08,24.984758377075195,24.592275619506836,24.84564971923828,24.915203094482422,3241700.0,13.479742050170898
2004-11-09,24.98972511291504,24.756223678588867,24.766159057617188,24.9052677154541,3628900.0,13.474363327026367
2004-11-10,26.822967529296875,25.834308624267578,25.834308624267578,26.649084091186523,9166700.0,14.417811393737793
2004-11-11,27.260164260864258,26.30628204345703,26.529848098754883,27.200546264648438,5073900.0,14.716168403625488
2004-11-12,27.468826293945312,27.086278915405273,27.19557762145996,27.468826293945312,4119700.0,14.861313819885254
2004-11-15,27.41417694091797,27.16080093383789,27.275068283081055,27.275068283081055,3797300.0,14.756484985351562
2004-11-16,27.28003692626953,26.947172164916992,27.28003692626953,26.97201156616211,3021700.0,14.592525482177734
2004-11-17,27.270099639892578,26.917362213134766,27.016725540161133,27.121055603027344,2734500.0,14.673155784606934
2004-11-18,26.99685287475586,26.634178161621094,26.773286819458008,26.788190841674805,3987900.0,14.493071556091309
2004-11-19,26.73354148864746,25.933671951293945,26.728572845458984,26.30628204345703,5063900.0,14.232346534729004
2004-11-22,26.57952880859375,25.938640594482422,26.157238006591797,26.539785385131836,4111300.0,14.35867691040039
2004-11-23,26.50997543334961,26.157238006591797,26.33112335205078,26.350996017456055,3038300.0,14.256537437438965
2004-11-24,26.79315948486328,26.455326080322266,26.455326080322266,26.649084091186523,1257600.0,14.417811393737793
2004-11-26,26.75838279724121,26.505006790161133,26.619274139404297,26.559656143188477,435300.0,14.369422912597656
2004-11-29,26.654050827026367,26.172142028808594,26.599401473999023,26.435453414916992,1800800.0,14.302230834960938
2004-11-30,26.97201156616211,26.385772705078125,26.385772705078125,26.87761688232422,4500400.0,14.54145336151123
2004-12-01,27.70729637145996,26.87761688232422,26.952138900756836,27.687423706054688,3796700.0,14.979575157165527
2004-12-02,27.811626434326172,27.324750900268555,27.687423706054688,27.399272918701172,2624800.0,14.82368278503418
2004-12-03,27.861309051513672,27.265132904052734,27.349590301513672,27.85137176513672,3273700.0,15.068273544311523
2004-12-06,28.780414581298828,28.164365768432617,28.19417381286621,28.666147232055664,4750000.0,15.5090913772583
2004-12-07,28.8151912689209,28.025257110595703,28.8151912689209,28.060033798217773,3838600.0,15.181161880493164
2004-12-08,28.318376541137695,27.940799713134766,28.19417381286621,28.045129776000977,1447300.0,15.173103332519531
2004-12-09,27.93583106994629,27.359527587890625,27.771883010864258,27.925893783569336,2376700.0,15.108597755432129
2004-12-10,27.920927047729492,27.429080963134766,27.756977081298828,27.70729637145996,2347900.0,14.99032974243164
2004-12-13,28.626401901245117,28.060033798217773,28.19417381286621,28.442581176757812,3386700.0,15.388137817382812
2004-12-14,28.541942596435547,28.154428482055664,28.2885684967041,28.402835845947266,1723300.0,15.366631507873535
2004-12-15,28.43264389038086,28.109716415405273,28.27863311767578,28.21901512145996,1894500.0,15.267181396484375
2004-12-16,28.36309051513672,27.98054313659668,28.035194396972656,28.248823165893555,2665500.0,15.283309936523438
2004-12-17,28.258760452270508,27.8265323638916,28.079906463623047,27.920927047729492,2098300.0,15.105910301208496
2004-12-20,28.055065155029297,27.796722412109375,27.920927047729492,27.915958404541016,1414900.0,15.103214263916016
2004-12-21,28.084875106811523,27.771883010864258,28.020288467407227,27.86627769470215,1551400.0,15.076340675354004
2004-12-22,28.020288467407227,27.632774353027344,27.632774353027344,27.81659507751465,2149400.0,15.049464225769043
2004-12-23,27.98054313659668,27.712265014648438,27.821563720703125,27.896085739135742,858500.0,15.092469215393066
2004-12-27,27.930862426757812,27.47379493713379,27.920927047729492,27.61290168762207,1074100.0,14.939258575439453
2004-12-28,27.94576644897461,27.45888900756836,27.617870330810547,27.871244430541992,1458100.0,15.079030990600586
2004-12-29,27.950735092163086,27.70729637145996,27.87621307373047,27.950735092163086,849700.0,15.12203598022461
2004-12-30,28.12462043762207,27.881181716918945,27.975576400756836,28.050098419189453,1620400.0,15.175795555114746
2004-12-31,28.069971084594727,27.925893783569336,27.97060775756836,28.00538444519043,863300.0,15.151603698730469
2005-01-03,28.07493782043457,27.468826293945312,28.00538444519043,27.61290168762207,1754500.0,14.939258575439453
2005-01-04,27.73213768005371,26.98691749572754,27.662582397460938,27.106151580810547,1993800.0,14.665095329284668
2005-01-05,27.270099639892578,26.92729949951172,27.22041893005371,26.98691749572754,1636200.0,14.60058879852295
2005-01-06,26.96207618713379,26.6043701171875,26.93723487854004,26.79315948486328,2451100.0,14.49576187133789
2005-01-07,26.99685287475586,26.445390701293945,26.917362213134766,26.837873458862305,2070100.0,14.519948959350586
2005-01-10,26.932268142700195,26.649084091186523,26.862712860107422,26.748445510864258,1582200.0,14.471565246582031
2005-01-11,26.837873458862305,26.430484771728516,26.693796157836914,26.574562072753906,1712000.0,14.37749195098877
2005-01-12,26.932268142700195,26.529848098754883,26.66398811340332,26.72360610961914,2503500.0,14.45812702178955
2005-01-13,26.773286819458008,26.137365341186523,26.773286819458008,26.192014694213867,2034500.0,14.170522689819336
2005-01-14,26.703733444213867,26.206918716430664,26.28144073486328,26.659019470214844,1869400.0,14.42318344116211
2005-01-18,27.270099639892578,26.360931396484375,26.53481674194336,27.15086555480957,3797300.0,14.689287185668945
2005-01-19,27.18564224243164,26.465261459350586,27.12602424621582,26.56959342956543,1943500.0,14.374809265136719
2005-01-20,26.38080406188965,25.908830642700195,26.370868682861328,26.033035278320312,2638800.0,14.084511756896973
2005-01-21,26.01316261291504,25.58590316772461,25.993289947509766,25.58590316772461,2588300.0,13.842602729797363
2005-01-24,25.739913940429688,25.26297378540039,25.590869903564453,25.337495803833008,2671100.0,13.708210945129395
2005-01-25,25.695201873779297,25.148706436157227,25.436857223510742,25.173547744750977,2800600.0,13.619508743286133
2005-01-26,25.377241134643555,25.094057083129883,25.198387145996094,25.23813247680664,2830000.0,13.65445327758789
2005-01-27,25.387176513671875,25.09902572631836,25.248069763183594,25.183483123779297,1645700.0,13.62488079071045
2005-01-28,25.377241134643555,24.890363693237305,25.21329116821289,25.009597778320312,2099800.0,13.530807495117188
2005-01-31,25.675329208374023,25.044374465942383,25.26297378540039,25.59583854675293,1769300.0,13.847977638244629
2005-02-01,25.814435958862305,25.377241134643555,25.710105895996094,25.670360565185547,1849300.0,13.888296127319336
2005-02-02,25.779659271240234,25.412017822265625,25.744882583618164,25.506412506103516,1370900.0,13.799598693847656
2005-02-03,25.506412506103516,25.21329116821289,25.506412506103516,25.49150848388672,1150100.0,13.791534423828125
2005-02-04,25.938640594482422,25.471635818481445,25.53622055053711,25.923734664916992,1987000.0,14.025382041931152
2005-02-07,26.167173385620117,25.779659271240234,25.834308624267578,26.04793930053711,2051600.0,14.092575073242188
2005-02-08,26.346027374267578,25.496475219726562,26.052907943725586,25.834308624267578,2587500.0,13.976998329162598
2005-02-09,25.327558517456055,24.115333557128906,25.277877807617188,24.582338333129883,7836800.0,13.299652099609375
2005-02-10,24.632020950317383,23.50922203063965,24.582338333129883,23.82718276977539,5670000.0,12.891093254089355
2005-02-11,24.33393096923828,23.68310546875,23.82718276977539,24.10042953491211,3551500.0,13.038923263549805
2005-02-14,24.105398178100586,23.499284744262695,24.105398178100586,23.583744049072266,3739400.0,12.759385108947754
2005-02-15,23.63839340209961,23.365144729614258,23.63839340209961,23.529094696044922,3390300.0,12.729819297790527
2005-02-16,23.529094696044922,23.141578674316406,23.524126052856445,23.201196670532227,2974500.0,12.55241870880127
2005-02-17,23.330368041992188,22.81865119934082,23.226037979125977,22.977630615234375,2540300.0,12.431465148925781
2005-02-18,22.9577579498291,22.659669876098633,22.952789306640625,22.659669876098633,2586700.0,12.259435653686523
2005-02-22,22.61495590209961,22.257251739501953,22.60502052307129,22.356613159179688,2708300.0,12.095480918884277
2005-02-23,22.942853927612305,22.103239059448242,22.480817794799805,22.321836471557617,2791700.0,12.076664924621582
2005-02-24,22.88820457458496,22.311901092529297,22.361581802368164,22.783872604370117,2300200.0,12.326634407043457
2005-02-25,22.848459243774414,22.480817794799805,22.684511184692383,22.72425651550293,2157900.0,12.29438591003418
2005-02-28,23.330368041992188,22.744129180908203,23.12667465209961,22.967695236206055,4219800.0,12.426085472106934
2005-03-01,23.380050659179688,23.017375946044922,23.146547317504883,23.35024070739746,3588800.0,12.633054733276367
2005-03-02,23.166419982910156,22.719287872314453,23.16145133972168,22.893173217773438,2956200.0,12.38576889038086
2005-03-03,23.176355361938477,22.823617935180664,22.903108596801758,23.047183990478516,2794100.0,12.469096183776855
2005-03-04,23.40985870361328,23.027311325073242,23.35024070739746,23.275718688964844,2377500.0,12.592738151550293
2005-03-07,23.43470001220703,23.086929321289062,23.206165313720703,23.176355361938477,1925700.0,12.538979530334473
2005-03-08,23.176355361938477,22.37648582458496,23.176355361938477,22.431135177612305,3038500.0,12.135796546936035
2005-03-09,22.555339813232422,21.988971710205078,22.381454467773438,22.05852508544922,3831900.0,11.934203147888184
2005-03-10,22.729223251342773,22.301963806152344,22.406295776367188,22.555339813232422,3067400.0,12.202991485595703
2005-03-11,22.92298126220703,22.4957218170166,22.85342788696289,22.619924545288086,2940200.0,12.237936019897461
2005-03-14,22.927949905395508,22.53546714782715,22.669607162475586,22.92298126220703,2968800.0,12.401897430419922
2005-03-15,23.136611938476562,22.609989166259766,22.94782257080078,22.609989166259766,1683700.0,12.232563972473145
2005-03-16,22.704383850097656,22.028717041015625,22.609989166259766,22.18769645690918,2631700.0,12.00408935546875
2005-03-17,22.505657196044922,22.113174438476562,22.301963806152344,22.262218475341797,1959000.0,12.044408798217773
2005-03-18,22.530498504638672,21.874704360961914,22.381454467773438,22.336740493774414,2483200.0,12.08472728729248
2005-03-21,22.76896858215332,22.37648582458496,22.386423110961914,22.714319229125977,2093600.0,12.289009094238281
2005-03-22,22.81865119934082,22.54540252685547,22.619924545288086,22.60502052307129,2286100.0,12.229873657226562
2005-03-23,22.66463851928711,22.41126251220703,22.555339813232422,22.451007843017578,1681400.0,12.1465482711792
2005-03-24,22.76896858215332,22.30693244934082,22.480817794799805,22.52056121826172,1810200.0,12.184178352355957
2005-03-28,22.80374526977539,22.431135177612305,22.67457389831543,22.505657196044922,1309800.0,12.176117897033691
2005-03-29,22.600051879882812,22.157888412475586,22.396358489990234,22.292028427124023,1832800.0,12.060537338256836
2005-03-30,22.72425651550293,22.346677780151367,22.356613159179688,22.69941520690918,1285100.0,12.280942916870117
2005-03-31,22.82858657836914,22.654701232910156,22.689477920532227,22.778905868530273,1657900.0,12.323949813842773
2005-04-01,22.89813995361328,22.4460391998291,22.878267288208008,22.565275192260742,1732300.0,12.208369255065918
2005-04-04,22.903108596801758,22.455976486206055,22.515594482421875,22.823617935180664,1244800.0,12.348139762878418
2005-04-05,22.98259925842285,22.61495590209961,22.873300552368164,22.783872604370117,1107500.0,12.326634407043457
2005-04-06,23.206165313720703,22.808713912963867,22.893173217773438,23.002471923828125,2000600.0,12.444905281066895
2005-04-07,23.12667465209961,22.763999938964844,22.952789306640625,23.081960678100586,1413700.0,12.487909317016602
2005-04-08,23.06705665588379,22.644765853881836,23.03227996826172,22.66463851928711,1222300.0,12.262127876281738
2005-04-11,24.279281616210938,23.15151596069336,23.822214126586914,23.583744049072266,3360700.0,12.759385108947754
2005-04-12,23.593679428100586,22.977630615234375,23.58871078491211,23.558902740478516,3098600.0,12.745945930480957
2005-04-13,23.57877540588379,23.141578674316406,23.563871383666992,23.171388626098633,2108100.0,12.536288261413574
2005-04-14,23.28068733215332,22.942853927612305,23.166419982910156,22.9726619720459,1988200.0,12.428777694702148
2005-04-15,22.421199798583984,21.76043701171875,22.356613159179688,21.839927673339844,4527000.0,11.815938949584961
2005-04-18,21.82999038696289,21.328208923339844,21.825023651123047,21.412668228149414,3996400.0,11.5847806930542
2005-04-19,21.780309677124023,21.40273094177246,21.46234893798828,21.740564346313477,2367200.0,11.76218032836914
2005-04-20,21.82005500793457,21.268590927124023,21.735595703125,21.29840087890625,1259900.0,11.522957801818848
2005-04-21,22.028717041015625,21.46234893798828,21.49712562561035,21.9840030670166,1735300.0,11.893890380859375
2005-04-22,21.9840030670166,21.432540893554688,21.884639739990234,21.611392974853516,2090800.0,11.692296028137207
2005-04-25,21.9989070892334,21.671010971069336,21.859800338745117,21.85483169555664,1560400.0,11.824005126953125
2005-04-26,21.859800338745117,21.45241355895996,21.661073684692383,21.482221603393555,1093600.0,11.622408866882324
2005-04-27,21.671010971069336,21.020185470581055,21.313304901123047,21.641202926635742,1513500.0,11.70842456817627
2005-04-28,21.66604232788086,21.362985610961914,21.39279556274414,21.39279556274414,1438000.0,11.574028015136719
2005-04-29,21.601457595825195,21.243751525878906,21.447444915771484,21.601457595825195,1433000.0,11.686918258666992
2005-05-02,21.825023651123047,21.5368709564209,21.601457595825195,21.710756301879883,1481900.0,11.74605655670166
2005-05-03,22.00884437561035,21.65610694885254,21.65610694885254,21.85483169555664,1472100.0,11.824005126953125
2005-05-04,22.08336639404297,21.805150985717773,21.884639739990234,21.988971710205078,1250500.0,11.896570205688477
2005-05-05,22.068462371826172,21.72566032409668,21.909481048583984,21.82005500793457,1018600.0,11.80518913269043
2005-05-06,22.0336856842041,21.671010971069336,21.82005500793457,21.864768981933594,1237300.0,11.82938003540039
2005-05-09,22.10820770263672,21.765405654907227,21.909481048583984,22.088335037231445,976300.0,11.950337409973145
2005-05-10,22.003875732421875,21.790246963500977,21.88960838317871,21.85483169555664,935500.0,11.824005126953125
2005-05-11,21.87967300415039,21.65610694885254,21.710756301879883,21.82999038696289,1300300.0,11.81056022644043
2005-05-12,21.979034423828125,21.507062911987305,21.735595703125,21.5219669342041,1458900.0,11.643914222717285
2005-05-13,21.839927673339844,21.472286224365234,21.601457595825195,21.671010971069336,1173200.0,11.7245512008667
2005-05-16,21.611392974853516,21.189102172851562,21.29840087890625,21.526935577392578,1569300.0,11.646601676940918
2005-05-17,21.735595703125,21.16922950744629,21.338146209716797,21.675979614257812,1846300.0,11.727239608764648
2005-05-18,22.073429107666016,21.66604232788086,21.71572494506836,21.869735717773438,1805900.0,11.832066535949707
2005-05-19,22.37648582458496,21.800182342529297,21.800182342529297,22.277122497558594,1899100.0,12.052473068237305
2005-05-20,22.321836471557617,22.10820770263672,22.301963806152344,22.296995162963867,1560400.0,12.063223838806152
2005-05-23,22.172792434692383,21.884639739990234,22.157888412475586,22.00884437561035,2390700.0,11.907325744628906
2005-05-24,22.977630615234375,22.018779754638672,22.02374839782715,22.744129180908203,3619500.0,12.305133819580078
2005-05-25,23.399921417236328,22.843490600585938,23.176355361938477,23.12667465209961,4263000.0,12.512099266052246
2005-05-26,23.548965454101562,23.146547317504883,23.31546401977539,23.370113372802734,2676600.0,12.643806457519531
2005-05-27,23.365144729614258,22.89813995361328,23.35024070739746,23.052152633666992,2727900.0,12.471779823303223
2005-05-31,23.146547317504883,22.903108596801758,23.072025299072266,23.00743865966797,1877600.0,12.447590827941895
2005-06-01,23.25584602355957,22.778905868530273,23.002471923828125,23.121706008911133,2172800.0,12.509414672851562
2005-06-02,23.335336685180664,22.918012619018555,22.94782257080078,23.300559997558594,1758100.0,12.606176376342773
2005-06-03,23.23100471496582,22.609989166259766,23.16145133972168,22.72425651550293,1866000.0,12.29438591003418
2005-06-06,22.833555221557617,22.57024383544922,22.684511184692383,22.704383850097656,1836100.0,12.283631324768066
2005-06-07,22.962726593017578,22.57024383544922,22.81865119934082,22.609989166259766,1610700.0,12.232563972473145
2005-06-08,22.73419189453125,22.500690460205078,22.714319229125977,22.500690460205078,1262200.0,12.17342758178711
2005-06-09,22.58017921447754,22.391389846801758,22.505657196044922,22.500690460205078,1529500.0,12.17342758178711
2005-06-10,22.515594482421875,22.182729721069336,22.500690460205078,22.301963806152344,1863400.0,12.065913200378418
2005-06-13,22.555339813232422,22.14298439025879,22.14298439025879,22.311901092529297,1747600.0,12.0712890625
2005-06-14,22.292028427124023,21.9989070892334,22.287059783935547,22.02374839782715,2011700.0,11.915390014648438
2005-06-15,22.252283096313477,21.48719024658203,22.232410430908203,21.641202926635742,2859300.0,11.70842456817627
2005-06-16,21.72566032409668,21.20400619506836,21.457380294799805,21.695852279663086,3702000.0,11.737991333007812
2005-06-17,22.08336639404297,21.70081901550293,21.859800338745117,21.988971710205078,4011800.0,11.896570205688477
2005-06-20,22.0336856842041,21.661073684692383,21.810117721557617,21.76043701171875,2258700.0,11.772931098937988
2005-06-21,21.82999038696289,21.626296997070312,21.710756301879883,21.770374298095703,2055200.0,11.77830696105957
2005-06-22,21.934322357177734,21.65610694885254,21.859800338745117,21.76043701171875,2665500.0,11.772931098937988
2005-06-23,21.934322357177734,21.75050163269043,21.75050163269043,21.79521369934082,3040100.0,11.791749954223633
2005-06-24,21.710756301879883,21.328208923339844,21.710756301879883,21.482221603393555,2901400.0,11.622408866882324
2005-06-27,21.566679000854492,21.318273544311523,21.348081588745117,21.442476272583008,2131700.0,11.600910186767578
2005-06-28,21.765405654907227,21.442476272583008,21.492156982421875,21.735595703125,2384100.0,11.759493827819824
2005-06-29,21.810117721557617,21.591520309448242,21.805150985717773,21.641202926635742,2046500.0,11.70842456817627
2005-06-30,21.904512405395508,21.70081901550293,21.76043701171875,21.710756301879883,1691300.0,11.74605655670166
2005-07-01,22.167823791503906,21.84489631652832,21.874704360961914,21.9989070892334,2285500.0,11.901952743530273
2005-07-05,22.08336639404297,21.765405654907227,21.899545669555664,22.02374839782715,1245400.0,11.915390014648438
2005-07-06,22.207569122314453,21.94922637939453,22.02374839782715,21.969099044799805,1359400.0,11.885823249816895
2005-07-07,22.098270416259766,21.646169662475586,21.7852783203125,22.063493728637695,1389300.0,11.936896324157715
2005-07-08,22.202600479125977,21.944257736206055,22.088335037231445,22.147951126098633,2026600.0,11.982587814331055
2005-07-11,22.197633743286133,21.993940353393555,22.00884437561035,22.113174438476562,2242900.0,11.963772773742676
2005-07-12,22.57024383544922,21.959163665771484,22.013813018798828,22.455976486206055,2526600.0,12.149235725402832
2005-07-13,22.585147857666016,22.277122497558594,22.58017921447754,22.455976486206055,2102500.0,12.149235725402832
2005-07-14,22.694446563720703,22.381454467773438,22.530498504638672,22.619924545288086,1897400.0,12.237936019897461
2005-07-15,22.783872604370117,22.565275192260742,22.729223251342773,22.66463851928711,1428000.0,12.262127876281738
2005-07-18,22.833555221557617,22.60502052307129,22.61495590209961,22.66463851928711,1092500.0,12.262127876281738
2005-07-19,23.12667465209961,22.798778533935547,22.868331909179688,23.106801986694336,1996000.0,12.501349449157715
2005-07-20,22.918012619018555,22.257251739501953,22.41126251220703,22.83852195739746,2966000.0,12.356203079223633
2005-07-21,22.937885284423828,22.66463851928711,22.76896858215332,22.858394622802734,2925800.0,12.366955757141113
2005-07-22,22.93291664123535,22.788841247558594,22.903108596801758,22.873300552368164,1893100.0,12.375018119812012
2005-07-25,22.937885284423828,22.480817794799805,22.937885284423828,22.530498504638672,1858100.0,12.18955135345459
2005-07-26,22.654701232910156,22.4957218170166,22.555339813232422,22.54540252685547,1397800.0,12.19761848449707
2005-07-27,22.654701232910156,22.505657196044922,22.555339813232422,22.60502052307129,1543600.0,12.229873657226562
2005-07-28,22.918012619018555,22.62986183166504,22.62986183166504,22.83852195739746,1325800.0,12.356203079223633
2005-07-29,23.24591064453125,22.73419189453125,22.913043975830078,22.744129180908203,1617200.0,12.305133819580078
2005-08-01,22.88820457458496,22.619924545288086,22.73419189453125,22.739160537719727,1399600.0,12.302448272705078
2005-08-02,22.967695236206055,22.76896858215332,22.86336326599121,22.903108596801758,1416500.0,12.391144752502441
2005-08-03,23.201196670532227,22.848459243774414,22.85342788696289,23.171388626098633,1519600.0,12.536288261413574
2005-08-04,23.64832878112793,23.121706008911133,23.235973358154297,23.270750045776367,2860500.0,12.590051651000977
2005-08-05,23.270750045776367,22.11814308166504,23.15151596069336,22.34170913696289,3343400.0,12.087413787841797
2005-08-08,22.43610382080078,22.068462371826172,22.416231155395508,22.147951126098633,2134000.0,11.982587814331055
2005-08-09,22.34170913696289,21.93929100036621,22.33177375793457,22.02374839782715,2255700.0,11.915390014648438
2005-08-10,22.287059783935547,21.839927673339844,22.207569122314453,21.849863052368164,2195300.0,11.82131290435791
2005-08-11,22.038652420043945,21.810117721557617,21.934322357177734,21.9840030670166,2563400.0,11.893890380859375
2005-08-12,22.073429107666016,21.82999038696289,21.9840030670166,21.988971710205078,1324100.0,11.896570205688477
2005-08-15,22.12807846069336,21.800182342529297,21.884639739990234,22.028717041015625,1037300.0,11.91807746887207
2005-08-16,22.02374839782715,21.82999038696289,21.979034423828125,21.909481048583984,1322500.0,11.853565216064453
2005-08-17,22.262218475341797,21.884639739990234,21.884639739990234,22.133047103881836,1833800.0,11.97452449798584
2005-08-18,22.23737907409668,21.9840030670166,22.018779754638672,22.157888412475586,1136200.0,11.98796272277832
2005-08-19,22.28209114074707,21.944257736206055,22.232410430908203,21.979034423828125,1160700.0,11.891196250915527
2005-08-22,22.088335037231445,21.730628967285156,22.00884437561035,21.84489631652832,1435500.0,11.818626403808594
2005-08-23,22.018779754638672,21.87967300415039,21.88960838317871,21.909481048583984,1106700.0,11.853565216064453
2005-08-24,22.138015747070312,21.79521369934082,21.909481048583984,21.859800338745117,1337000.0,11.826690673828125
2005-08-25,21.959163665771484,21.63126564025879,21.815086364746094,21.84489631652832,1162100.0,11.818626403808594
2005-08-26,21.859800338745117,21.60642433166504,21.775341033935547,21.76043701171875,1857800.0,11.772931098937988
2005-08-29,22.043621063232422,21.611392974853516,21.740564346313477,21.988971710205078,1497200.0,11.896570205688477
2005-08-30,21.993940353393555,21.810117721557617,21.88960838317871,21.87967300415039,1847700.0,11.83743953704834
2005-08-31,22.133047103881836,21.730628967285156,21.82999038696289,22.133047103881836,1769300.0,11.97452449798584
2005-09-01,22.23737907409668,21.9989070892334,22.12807846069336,22.217506408691406,2158900.0,12.020218849182129
2005-09-02,22.296995162963867,22.063493728637695,22.28209114074707,22.103239059448242,773200.0,11.958398818969727
2005-09-06,22.41126251220703,22.167823791503906,22.227441787719727,22.381454467773438,1240200.0,12.108917236328125
2005-09-07,22.42616844177246,22.23737907409668,22.296995162963867,22.381454467773438,1400800.0,12.108917236328125
2005-09-08,22.43610382080078,22.23737907409668,22.292028427124023,22.292028427124023,1571500.0,12.060537338256836
2005-09-09,22.386423110961914,22.232410430908203,22.301963806152344,22.356613159179688,1537100.0,12.095480918884277
2005-09-12,22.689477920532227,22.301963806152344,22.30693244934082,22.60502052307129,2242900.0,12.229873657226562
2005-09-13,22.57024383544922,22.406295776367188,22.431135177612305,22.421199798583984,1844200.0,12.130420684814453
2005-09-14,22.41126251220703,22.138015747070312,22.396358489990234,22.172792434692383,1404600.0,11.996024131774902
2005-09-15,22.296995162963867,22.133047103881836,22.167823791503906,22.21253776550293,1275000.0,12.01753044128418
2005-09-16,22.48578453063965,22.217506408691406,22.311901092529297,22.441072463989258,2134700.0,12.1411714553833
2005-09-19,22.63979721069336,22.197633743286133,22.406295776367188,22.62986183166504,3134400.0,12.243314743041992
2005-09-20,22.99750328063965,22.669607162475586,22.704383850097656,22.85342788696289,2617100.0,12.36426830291748
2005-09-21,22.778905868530273,22.505657196044922,22.778905868530273,22.60502052307129,2188300.0,12.229873657226562
2005-09-22,22.7093505859375,22.336740493774414,22.58017921447754,22.4957218170166,1867800.0,12.17073917388916
2005-09-23,22.530498504638672,22.242345809936523,22.41126251220703,22.336740493774414,1317100.0,12.08472728729248
2005-09-26,22.431135177612305,22.197633743286133,22.346677780151367,22.21253776550293,1308100.0,12.01753044128418
2005-09-27,22.67457389831543,22.242345809936523,22.287059783935547,22.53546714782715,1894500.0,12.192240715026855
2005-09-28,22.942853927612305,22.5106258392334,22.600051879882812,22.85342788696289,2424300.0,12.36426830291748
2005-09-29,23.191261291503906,22.7093505859375,22.893173217773438,23.16145133972168,1740500.0,12.530916213989258
2005-09-30,23.504253387451172,23.027311325073242,23.10183334350586,23.504253387451172,2247000.0,12.716383934020996
2005-10-03,23.524126052856445,23.111770629882812,23.45953941345215,23.4197940826416,2728100.0,12.670683860778809
2005-10-04,23.668201446533203,23.32539939880371,23.360177993774414,23.335336685180664,2594600.0,12.624993324279785
2005-10-05,23.404890060424805,22.63979721069336,23.404890060424805,22.7093505859375,2259700.0,12.286317825317383
2005-10-06,22.913043975830078,22.46094512939453,22.66463851928711,22.61495590209961,1860500.0,12.235248565673828
2005-10-07,23.10183334350586,22.654701232910156,22.719287872314453,22.977630615234375,1805000.0,12.431465148925781
2005-10-10,22.952789306640625,22.619924545288086,22.937885284423828,22.773937225341797,1248100.0,12.32126235961914
2005-10-11,22.85342788696289,22.22247314453125,22.773937225341797,22.490753173828125,1782000.0,12.168052673339844
2005-10-12,22.848459243774414,22.46094512939453,22.565275192260742,22.555339813232422,1860800.0,12.202991485595703
2005-10-13,22.813682556152344,22.301963806152344,22.480817794799805,22.704383850097656,1570700.0,12.283631324768066
2005-10-14,22.754064559936523,22.227441787719727,22.689477920532227,22.321836471557617,2817000.0,12.076664924621582
2005-10-17,22.34170913696289,21.993940353393555,22.31686782836914,22.217506408691406,3421900.0,12.020218849182129
2005-10-18,22.490753173828125,21.9840030670166,22.28209114074707,22.296995162963867,2197000.0,12.063223838806152
2005-10-19,22.600051879882812,22.10820770263672,22.381454467773438,22.33177375793457,1952300.0,12.082040786743164
2005-10-20,22.530498504638672,22.08336639404297,22.262218475341797,22.217506408691406,2454500.0,12.020218849182129
2005-10-21,22.609989166259766,22.18769645690918,22.247314453125,22.530498504638672,2813200.0,12.18955135345459
2005-10-24,26.609338760375977,23.90667152404785,23.90667152404785,25.044374465942383,16012500.0,13.549620628356934
2005-10-25,24.940044403076172,23.822214126586914,24.940044403076172,24.199792861938477,8099900.0,13.092682838439941
2005-10-26,25.21329116821289,24.343868255615234,24.343868255615234,24.840681076049805,6344500.0,13.439421653747559
2005-10-27,24.81087303161621,24.12527084350586,24.791000366210938,24.368709564208984,3958900.0,13.184070587158203
2005-10-28,24.815841674804688,24.145143508911133,24.3935489654541,24.71647834777832,3001000.0,13.372220993041992
2005-10-31,25.46666717529297,24.736351013183594,24.766159057617188,25.461698532104492,5894600.0,13.775406837463379
2005-11-01,29.759136199951172,28.69098663330078,29.461048126220703,28.8151912689209,19734000.0,15.589726448059082
2005-11-02,28.8151912689209,27.64767837524414,28.8151912689209,27.94576644897461,7480200.0,15.119351387023926
2005-11-03,28.069971084594727,26.33112335205078,28.06500244140625,26.57952880859375,10530000.0,14.380183219909668
2005-11-04,27.180673599243164,25.78462791442871,26.3559627532959,26.92729949951172,10194000.0,14.568333625793457
2005-11-07,26.778255462646484,26.241695404052734,26.773286819458008,26.420549392700195,3672900.0,14.294169425964355
2005-11-08,26.375835418701172,25.888957977294922,26.36590003967285,25.973417282104492,4647500.0,14.052258491516113
2005-11-09,26.142333984375,25.566030502319336,25.883991241455078,26.02309799194336,4910400.0,14.079139709472656
2005-11-10,26.753414154052734,25.834308624267578,26.17711067199707,26.624242782592773,3369100.0,14.404370307922363
2005-11-11,26.69876480102539,26.142333984375,26.6043701171875,26.256601333618164,2131700.0,14.20546817779541
2005-11-14,28.417739868164062,26.57952880859375,26.75838279724121,27.324750900268555,10732900.0,14.78336238861084
2005-11-15,27.294940948486328,26.798128128051758,27.275068283081055,26.857744216918945,4150800.0,14.530705451965332
2005-11-16,27.06640625,26.08271598815918,26.82793617248535,26.69876480102539,4881900.0,14.444689750671387
2005-11-17,27.001821517944336,26.524879455566406,26.6043701171875,26.8527774810791,2570400.0,14.5280122756958
2005-11-18,27.568187713623047,27.041566848754883,27.15086555480957,27.250228881835938,8458200.0,14.743042945861816
2005-11-21,24.304122924804688,23.598648071289062,23.792404174804688,24.035842895507812,22030900.0,13.003984451293945
2005-11-22,24.294187545776367,23.87189483642578,24.020938873291016,24.234569549560547,5955400.0,13.111498832702637
2005-11-23,24.284250259399414,23.77750015258789,24.11036491394043,23.832149505615234,3187000.0,12.893781661987305
2005-11-25,24.279281616210938,23.876863479614258,23.97125816345215,24.145143508911133,1480300.0,13.063116073608398
2005-11-28,24.51775360107422,24.060684204101562,24.343868255615234,24.368709564208984,3546300.0,13.184070587158203
2005-11-29,24.761192321777344,24.209728240966797,24.41839027404785,24.368709564208984,2435400.0,13.184070587158203
2005-11-30,29.031702041625977,28.17022705078125,28.17022705078125,28.84792137145996,4066900.0,15.607438087463379
2005-12-01,25.23813247680664,24.87049102783203,25.024503707885742,25.03940773010254,2706700.0,13.546937942504883
2005-12-02,25.01456642150879,24.497880935668945,24.865522384643555,24.602210998535156,2880800.0,13.31040096282959
2005-12-05,24.56246566772461,24.025907516479492,24.478008270263672,24.52768898010254,3457800.0,13.2700834274292
2005-12-06,24.721446990966797,24.463104248046875,24.641956329345703,24.522720336914062,2312600.0,13.267395973205566
2005-12-07,24.70654296875,24.43329429626465,24.51775360107422,24.52768898010254,1823500.0,13.2700834274292
2005-12-08,24.617115020751953,24.259408950805664,24.41839027404785,24.3935489654541,1997100.0,13.197509765625
2005-12-09,24.781064987182617,24.28921890258789,24.368709564208984,24.602210998535156,1678800.0,13.31040096282959
2005-12-12,24.771127700805664,24.16998291015625,24.651891708374023,24.304122924804688,1889300.0,13.149129867553711
2005-12-13,24.52768898010254,24.145143508911133,24.378644943237305,24.3935489654541,2614600.0,13.197509765625
2005-12-14,24.756223678588867,24.448198318481445,24.542593002319336,24.6568603515625,2234200.0,13.339967727661133
2005-12-15,24.78603172302246,24.373676300048828,24.71647834777832,24.74131965637207,1973500.0,13.385665893554688
2005-12-16,24.761192321777344,24.33393096923828,24.69163703918457,24.438262939453125,2419300.0,13.221699714660645
2005-12-19,24.592275619506836,24.269346237182617,24.3935489654541,24.3935489654541,1788300.0,13.197509765625
2005-12-20,24.428325653076172,24.085525512695312,24.343868255615234,24.16998291015625,1294300.0,13.076553344726562
2005-12-21,24.473039627075195,24.145143508911133,24.294187545776367,24.363740921020508,2030800.0,13.181386947631836
2005-12-22,24.542593002319336,24.294187545776367,24.294187545776367,24.52768898010254,1708400.0,13.2700834274292
2005-12-23,24.766159057617188,24.368709564208984,24.592275619506836,24.632020950317383,1058400.0,13.326534271240234
2005-12-27,25.3673038482666,25.01456642150879,25.337495803833008,25.04934310913086,5876400.0,13.552309036254883
2005-12-28,25.23813247680664,25.01456642150879,25.163610458374023,25.148706436157227,2319200.0,13.60606575012207
2005-12-29,25.26297378540039,25.01456642150879,25.163610458374023,25.089088439941406,1958000.0,13.573814392089844
2005-12-30,25.21329116821289,24.940044403076172,24.994693756103516,25.158641815185547,1465900.0,13.611442565917969
2006-01-03,25.57099723815918,24.994693756103516,25.57099723815918,25.4318904876709,2520400.0,13.759276390075684
2006-01-04,25.412017822265625,25.094057083129883,25.362335205078125,25.248069763183594,2234400.0,13.659823417663574
2006-01-05,27.632774353027344,26.96207618713379,27.175704956054688,27.230356216430664,13534500.0,14.732292175292969
2006-01-06,27.47379493713379,27.21048355102539,27.42411231994629,27.409208297729492,3960800.0,14.829056739807129
2006-01-09,27.319782257080078,26.96207618713379,27.319782257080078,27.175704956054688,2339200.0,14.70272445678711
2006-01-10,27.573156356811523,27.130992889404297,27.175704956054688,27.463857650756836,2645000.0,14.858624458312988
2006-01-11,27.80169105529785,27.359527587890625,27.48373031616211,27.607933044433594,2686400.0,14.936574935913086
2006-01-12,27.662582397460938,27.30487823486328,27.64767837524414,27.434049606323242,1901800.0,14.842493057250977
2006-01-13,27.270099639892578,26.3559627532959,26.584497451782227,26.713668823242188,3492800.0,14.452754020690918
2006-01-17,26.455326080322266,26.137365341186523,26.39073944091797,26.206918716430664,3589800.0,14.178585052490234
2006-01-18,26.649084091186523,25.983352661132812,26.033035278320312,26.529848098754883,2361500.0,14.353302955627441
2006-01-19,26.644115447998047,26.27150535583496,26.554689407348633,26.375835418701172,2088600.0,14.269973754882812
2006-01-20,26.38080406188965,25.079153060913086,26.346027374267578,25.113929748535156,6751300.0,13.587254524230957
2006-01-23,25.23813247680664,24.84564971923828,25.163610458374023,24.964885711669922,2705300.0,13.506621360778809
2006-01-24,25.35736846923828,24.825777053833008,25.089088439941406,24.840681076049805,1807400.0,13.439421653747559
2006-01-25,24.865522384643555,24.448198318481445,24.840681076049805,24.547561645507812,2625200.0,13.280835151672363
2006-01-26,25.39214515686035,24.56246566772461,24.617115020751953,25.233163833618164,2688200.0,13.651762008666992
2006-01-27,25.685264587402344,25.064247131347656,25.402080535888672,25.23813247680664,4071600.0,13.65445327758789
2006-01-30,25.44182586669922,24.88042640686035,25.188451766967773,25.337495803833008,2681200.0,13.708210945129395
2006-01-31,25.52628517150879,25.17851448059082,25.337495803833008,25.188451766967773,1551200.0,13.627572059631348
2006-02-01,25.56106185913086,25.103992462158203,25.17851448059082,25.481571197509766,1504300.0,13.786158561706543
2006-02-02,25.660425186157227,25.218259811401367,25.481571197509766,25.486539840698242,2261100.0,13.788847923278809
2006-02-03,25.511381149291992,24.98972511291504,25.312654495239258,25.054311752319336,2229800.0,13.555001258850098
2006-02-06,25.069215774536133,24.542593002319336,25.03940773010254,24.910236358642578,1843100.0,13.477051734924316
2006-02-07,25.01456642150879,24.46807098388672,24.959917068481445,24.50284767150879,2150000.0,13.256646156311035
2006-02-08,25.635583877563477,24.413421630859375,25.287813186645508,25.610742568969727,4322800.0,13.856043815612793
2006-02-09,25.511381149291992,24.900299072265625,25.496475219726562,24.974821090698242,2042700.0,13.511992454528809
2006-02-10,25.56106185913086,24.791000366210938,24.890363693237305,25.506412506103516,2300400.0,13.799598693847656
2006-02-13,25.923734664916992,25.337495803833008,25.521316528320312,25.864118576049805,2357100.0,13.993124961853027
2006-02-14,26.033035278320312,25.551124572753906,25.983352661132812,25.983352661132812,2042700.0,14.05763053894043
2006-02-15,26.519912719726562,24.71647834777832,25.883991241455078,26.425518035888672,3074300.0,14.296858787536621
2006-02-16,26.554689407348633,26.15226936340332,26.470230102539062,26.524879455566406,2297200.0,14.350615501403809
2006-02-17,26.8676815032959,26.465261459350586,26.480167388916016,26.683860778808594,2626600.0,14.436623573303223
2006-02-21,26.976980209350586,26.480167388916016,26.778255462646484,26.922330856323242,3137900.0,14.565645217895508
2006-02-22,27.175704956054688,26.73354148864746,27.12602424621582,27.026660919189453,2434600.0,14.622088432312012
2006-02-23,27.026660919189453,26.4056453704834,27.001821517944336,26.519912719726562,1662500.0,14.34792423248291
2006-02-24,26.81800079345703,26.36590003967285,26.514944076538086,26.72360610961914,1614800.0,14.45812702178955
2006-02-27,27.28997230529785,26.748445510864258,26.778255462646484,27.175704956054688,3506000.0,14.70272445678711
2006-02-28,27.180673599243164,26.678892135620117,27.12602424621582,26.99685287475586,3270700.0,14.60595989227295
2006-03-01,27.319782257080078,26.952138900756836,27.026660919189453,27.155834197998047,1764700.0,14.691976547241211
2006-03-02,27.294940948486328,26.952138900756836,27.155834197998047,27.12602424621582,1818900.0,14.675848007202148
2006-03-03,27.349590301513672,26.967044830322266,27.016725540161133,26.967044830322266,2084800.0,14.589832305908203
2006-03-06,27.41417694091797,26.75838279724121,26.952138900756836,27.225387573242188,2380600.0,14.729606628417969
2006-03-07,27.309844970703125,26.748445510864258,27.24526023864746,26.798128128051758,2056400.0,14.498448371887207
2006-03-08,26.862712860107422,26.505006790161133,26.753414154052734,26.8030948638916,2962500.0,14.50113296508789
2006-03-09,26.837873458862305,26.30628204345703,26.728572845458984,26.519912719726562,2141300.0,14.34792423248291
2006-03-10,27.771883010864258,26.554689407348633,26.644115447998047,27.747041702270508,3527400.0,15.011834144592285
2006-03-13,27.891117095947266,27.359527587890625,27.47379493713379,27.821563720703125,2488600.0,15.052146911621094
2006-03-14,28.358121871948242,27.622838973999023,27.747041702270508,28.268695831298828,2925600.0,15.294059753417969
2006-03-15,29.356718063354492,28.318376541137695,28.392898559570312,28.556848526000977,7215200.0,15.449956893920898
2006-03-16,28.616464614868164,27.985511779785156,28.571752548217773,28.069971084594727,2071300.0,15.186546325683594
2006-03-17,28.45748519897461,28.050098419189453,28.19417381286621,28.268695831298828,2592900.0,15.294059753417969
2006-03-20,28.42270851135254,27.93583106994629,28.154428482055664,28.377994537353516,2113900.0,15.353193283081055
2006-03-21,28.447547912597656,27.906021118164062,28.447547912597656,28.010353088378906,1732900.0,15.154290199279785
2006-03-22,28.21901512145996,27.42411231994629,27.771883010864258,28.189205169677734,1812700.0,15.251049995422363
2006-03-23,28.094810485839844,27.51850700378418,28.0401611328125,27.990480422973633,1457200.0,15.143539428710938
2006-03-24,28.104747772216797,27.737104415893555,27.891117095947266,28.104747772216797,1184600.0,15.205362319946289
2006-03-27,28.522069931030273,27.85137176513672,28.084875106811523,28.3034725189209,1433600.0,15.312871932983398
2006-03-28,28.154428482055664,27.409208297729492,28.154428482055664,27.50857162475586,2145600.0,14.882813453674316
2006-03-29,27.796722412109375,26.98691749572754,27.324750900268555,27.632774353027344,2331600.0,14.950013160705566
2006-03-30,28.15939712524414,27.468826293945312,27.722200393676758,27.64767837524414,1884900.0,14.958073616027832
2006-03-31,27.771883010864258,27.369462966918945,27.652647018432617,27.597997665405273,1789900.0,14.931198120117188
2006-04-03,28.462453842163086,27.747041702270508,27.796722412109375,28.462453842163086,2868000.0,15.398884773254395
2006-04-04,30.002574920654297,29.485889434814453,29.709455490112305,29.709455490112305,13437200.0,16.07354736328125
2006-04-05,29.808818817138672,29.600156784057617,29.754169464111328,29.66474151611328,3747600.0,16.049354553222656
2006-04-06,29.704486846923828,29.421302795410156,29.49085807800293,29.510730743408203,2554000.0,15.966036796569824
2006-04-07,29.610092163085938,28.914552688598633,29.53557014465332,28.949331283569336,3438000.0,15.662299156188965
2006-04-10,29.008947372436523,28.69098663330078,28.964235305786133,28.760541915893555,2471500.0,15.56015682220459
2006-04-11,28.835063934326172,28.507165908813477,28.760541915893555,28.65620994567871,2302400.0,15.503717422485352
2006-04-12,29.00398063659668,28.606529235839844,28.616464614868164,28.879776000976562,1769000.0,15.62466812133789
2006-04-13,29.16792869567871,28.770477294921875,28.90958595275879,28.864871978759766,1689900.0,15.616609573364258
2006-04-17,29.28716468811035,28.864871978759766,28.864871978759766,29.13315200805664,1215500.0,15.761746406555176
2006-04-18,29.470985412597656,29.0635986328125,29.182832717895508,29.376590728759766,1417100.0,15.893461227416992
2006-04-19,29.356718063354492,28.94436264038086,29.282196044921875,29.088438034057617,1438000.0,15.73756217956543
2006-04-20,29.649837493896484,29.068565368652344,29.068565368652344,29.58525276184082,3054600.0,16.006349563598633
2006-04-21,29.674678802490234,29.093406677246094,29.674678802490234,29.247419357299805,1530800.0,15.823572158813477
2006-04-24,29.421302795410156,29.078502655029297,29.257354736328125,29.13315200805664,1287300.0,15.761746406555176
2006-04-25,29.138120651245117,28.974170684814453,29.10831069946289,29.058629989624023,1571300.0,15.721431732177734
2006-04-26,29.28716468811035,29.023853302001953,29.088438034057617,29.16792869567871,1262500.0,15.780566215515137
2006-04-27,29.45608139038086,29.023853302001953,29.138120651245117,29.326908111572266,1623400.0,15.866580963134766
2006-04-28,29.23748207092285,28.97913932800293,29.0635986328125,29.088438034057617,1347300.0,15.73756217956543
2006-05-01,29.172897338867188,28.869840621948242,29.068565368652344,28.974170684814453,1714200.0,15.675736427307129
2006-05-02,29.321941375732422,28.854936599731445,28.96920394897461,29.207674026489258,1404500.0,15.802068710327148
2006-05-03,29.212642669677734,28.939393997192383,29.19277000427246,29.018884658813477,972300.0,15.699932098388672
2006-05-04,29.138120651245117,28.94436264038086,29.088438034057617,29.088438034057617,1023800.0,15.73756217956543
2006-05-05,29.187801361083984,28.939393997192383,29.033788681030273,29.128183364868164,1437200.0,15.759065628051758
2006-05-08,29.580284118652344,29.19277000427246,29.22754669189453,29.575315475463867,1266100.0,16.000972747802734
2006-05-09,29.46601676940918,29.09837532043457,29.33684539794922,29.13315200805664,1451000.0,15.761746406555176
2006-05-10,29.421302795410156,29.043725967407227,29.128183364868164,29.182832717895508,1409700.0,15.788630485534668
2006-05-11,29.157991409301758,28.77544593811035,29.093406677246094,28.82512664794922,1865400.0,15.595104217529297
2006-05-12,28.994043350219727,28.601560592651367,28.626401901245117,28.720796585083008,1305800.0,15.538660049438477
2006-05-15,28.710859298706055,28.318376541137695,28.666147232055664,28.651243209838867,1467600.0,15.501028060913086
2006-05-16,28.636337280273438,28.39786720275879,28.601560592651367,28.502199172973633,1276900.0,15.420391082763672
2006-05-17,28.5518798828125,28.154428482055664,28.377994537353516,28.189205169677734,2192300.0,15.251049995422363
2006-05-18,28.298503875732422,27.781818389892578,28.268695831298828,27.811626434326172,1969400.0,15.046772956848145
2006-05-19,27.871244430541992,27.175704956054688,27.41417694091797,27.69736099243164,2468800.0,14.984953880310059
2006-05-22,27.91098976135254,27.33965492248535,27.622838973999023,27.498634338378906,3195800.0,14.877440452575684
2006-05-23,27.786787033081055,27.170738220214844,27.250228881835938,27.170738220214844,3665300.0,14.70003890991211
2006-05-24,27.140928268432617,26.038002014160156,26.08271598815918,27.03162956237793,3917100.0,14.624778747558594
2006-05-25,28.035194396972656,27.096216201782227,27.10118293762207,27.91098976135254,3617800.0,15.100531578063965
2006-05-26,28.13455581665039,27.702327728271484,27.896085739135742,28.045129776000977,1709000.0,15.173103332519531
2006-05-30,28.010353088378906,27.627805709838867,27.920927047729492,27.642711639404297,1481500.0,14.955390930175781
2006-05-31,27.965639114379883,27.632774353027344,27.74207305908203,27.94576644897461,2115800.0,15.119351387023926
2006-06-01,28.109716415405273,27.74207305908203,28.045129776000977,28.035194396972656,1644900.0,15.16772747039795
2006-06-02,28.382963180541992,27.920927047729492,28.00538444519043,28.21901512145996,2024000.0,15.267181396484375
2006-06-05,28.179269790649414,27.8265323638916,28.045129776000977,27.871244430541992,1691900.0,15.079030990600586
2006-06-06,28.094810485839844,27.761945724487305,27.91098976135254,28.069971084594727,1987000.0,15.186546325683594
2006-06-07,28.651243209838867,27.965639114379883,28.119651794433594,28.223981857299805,2697100.0,15.269867897033691
2006-06-08,28.258760452270508,27.225387573242188,28.045129776000977,28.233919143676758,4278500.0,15.27524471282959
2006-06-09,28.22895050048828,27.85137176513672,28.18423843383789,27.990480422973633,1387500.0,15.143539428710938
2006-06-12,28.139524459838867,27.324750900268555,27.896085739135742,27.359527587890625,1572700.0,14.802178382873535
2006-06-13,27.44895362854004,26.798128128051758,27.41417694091797,26.82793617248535,2802100.0,14.51457691192627
2006-06-14,27.309844970703125,26.82793617248535,26.87761688232422,27.275068283081055,2076100.0,14.756484985351562
2006-06-15,27.920927047729492,27.240291595458984,27.384366989135742,27.796722412109375,2006300.0,15.038713455200195
2006-06-16,27.96067237854004,27.28997230529785,27.67251968383789,27.453922271728516,1923000.0,14.853248596191406
2006-06-19,27.73213768005371,27.265132904052734,27.563220977783203,27.563220977783203,1697300.0,14.912379264831543
2006-06-20,27.642711639404297,27.309844970703125,27.568187713623047,27.49366569519043,1575900.0,14.874749183654785
2006-06-21,27.796722412109375,27.3794002532959,27.47379493713379,27.76691436767578,2149200.0,15.0225830078125
2006-06-22,27.771883010864258,27.051502227783203,27.771883010864258,27.299909591674805,1777400.0,14.769920349121094
2006-06-23,27.796722412109375,27.076343536376953,27.225387573242188,27.35455894470215,1796500.0,14.79948902130127
2006-06-26,27.657615661621094,27.3148136138916,27.3148136138916,27.478761672973633,1075700.0,14.866684913635254
2006-06-27,27.548316955566406,27.076343536376953,27.503602981567383,27.135961532592773,1366200.0,14.681225776672363
2006-06-28,27.61290168762207,27.02169418334961,27.170738220214844,27.478761672973633,1695500.0,14.866684913635254
2006-06-29,27.87621307373047,27.190610885620117,27.60296630859375,27.761945724487305,3147500.0,15.019895553588867
2006-06-30,25.610742568969727,23.976226806640625,25.610742568969727,24.12527084350586,11365200.0,13.052367210388184
2006-07-03,25.312654495239258,24.343868255615234,24.46807098388672,25.153675079345703,3505900.0,13.608757972717285
2006-07-05,26.311250686645508,24.964885711669922,25.138769149780273,26.192014694213867,6617700.0,14.170522689819336
2006-07-06,26.36590003967285,25.834308624267578,26.112524032592773,26.0926513671875,3884700.0,14.116772651672363
2006-07-07,26.346027374267578,25.98832130432129,26.033035278320312,26.102588653564453,3170900.0,14.122139930725098
2006-07-10,26.375835418701172,25.938640594482422,26.08271598815918,26.17711067199707,2636300.0,14.162460327148438
2006-07-11,26.47519874572754,26.062843322753906,26.077747344970703,26.460294723510742,4213900.0,14.315672874450684
2006-07-12,26.728572845458984,26.41558074951172,26.480167388916016,26.614307403564453,4209900.0,14.39899730682373
2006-07-13,26.559656143188477,26.286409378051758,26.529848098754883,26.33112335205078,3748700.0,14.245787620544434
2006-07-14,26.33112335205078,25.983352661132812,26.231760025024414,26.206918716430664,2257700.0,14.178585052490234
2006-07-17,25.302719116210938,24.41839027404785,24.840681076049805,25.17851448059082,6200800.0,13.622197151184082
2006-07-18,25.80946922302246,25.064247131347656,25.064247131347656,25.744882583618164,3713600.0,13.928617477416992
2006-07-19,26.23672866821289,25.789596557617188,25.81940460205078,26.102588653564453,2820800.0,14.122139930725098
2006-07-20,26.08271598815918,25.372272491455078,26.008193969726562,25.556093215942383,2623300.0,13.826476097106934
2006-07-21,25.635583877563477,25.148706436157227,25.630615234375,25.456729888916016,2504100.0,13.77271842956543
2006-07-24,25.680295944213867,25.287813186645508,25.556093215942383,25.590869903564453,2939100.0,13.845292091369629
2006-07-25,26.062843322753906,25.481571197509766,25.481571197509766,26.02309799194336,2749400.0,14.079139709472656
2006-07-26,26.018129348754883,25.66539192199707,25.923734664916992,25.799531936645508,2314600.0,13.958182334899902
2006-07-27,26.077747344970703,25.50144386291504,25.829341888427734,25.660425186157227,2262700.0,13.88292121887207
2006-07-28,26.167173385620117,25.754817962646484,25.834308624267578,26.008193969726562,1937300.0,14.07107162475586
2006-07-31,26.042970657348633,25.710105895996094,25.958513259887695,26.028066635131836,2168300.0,14.081826210021973
2006-08-01,26.077747344970703,25.566030502319336,25.933671951293945,25.58590316772461,2936400.0,13.842602729797363
2006-08-02,25.580934524536133,24.602210998535156,25.138769149780273,25.183483123779297,5397900.0,13.62488079071045
2006-08-03,25.541189193725586,24.9052677154541,25.123865127563477,25.39214515686035,2829400.0,13.737774848937988
2006-08-04,25.575965881347656,24.850618362426758,25.44182586669922,25.00463104248047,3330500.0,13.528122901916504
2006-08-07,24.840681076049805,24.10042953491211,24.815841674804688,24.388582229614258,4097000.0,13.194823265075684
2006-08-08,24.269346237182617,23.449604034423828,24.26437759399414,23.663232803344727,7402900.0,12.802391052246094
2006-08-09,23.966289520263672,23.285655975341797,23.668201446533203,23.593679428100586,4816800.0,12.764762878417969
2006-08-10,23.593679428100586,23.399921417236328,23.593679428100586,23.51915740966797,2904700.0,12.724445343017578
2006-08-11,23.499284744262695,23.389986038208008,23.499284744262695,23.429731369018555,2338200.0,12.676061630249023
2006-08-14,23.573806762695312,23.002471923828125,23.35024070739746,23.29062271118164,2509900.0,12.60080337524414
2006-08-15,23.499284744262695,23.081960678100586,23.4694766998291,23.270750045776367,2749400.0,12.590051651000977
2006-08-16,23.762596130371094,23.32539939880371,23.44463539123535,23.698009490966797,3539000.0,12.821208953857422
2006-08-17,23.832149505615234,23.345272064208984,23.698009490966797,23.37508201599121,3718000.0,12.64649772644043
2006-08-18,23.474443435668945,23.146547317504883,23.474443435668945,23.38501739501953,2437800.0,12.651870727539062
2006-08-21,23.4197940826416,22.967695236206055,23.355209350585938,23.16145133972168,2522800.0,12.530916213989258
2006-08-22,23.32539939880371,23.027311325073242,23.111770629882812,23.21113395690918,3589600.0,12.557796478271484
2006-08-23,23.702978134155273,23.31546401977539,23.389986038208008,23.548965454101562,3668300.0,12.740569114685059
2006-08-24,23.722850799560547,23.265783309936523,23.67317008972168,23.295591354370117,2276600.0,12.603487014770508
2006-08-25,23.394954681396484,23.10183334350586,23.121706008911133,23.15151596069336,2217300.0,12.525542259216309
2006-08-28,23.514188766479492,23.10183334350586,23.10183334350586,23.365144729614258,2229800.0,12.641119003295898
2006-08-29,23.598648071289062,23.19622802734375,23.399921417236328,23.370113372802734,5324000.0,12.643806457519531
2006-08-30,23.504253387451172,23.235973358154297,23.32539939880371,23.355209350585938,4170100.0,12.635746955871582
2006-08-31,23.63839340209961,23.31546401977539,23.355209350585938,23.539030075073242,3727000.0,12.735193252563477
2006-09-01,23.633424758911133,23.360177993774414,23.524126052856445,23.394954681396484,1948200.0,12.657249450683594
2006-09-05,23.63839340209961,23.355209350585938,23.489349365234375,23.489349365234375,1758100.0,12.708313941955566
2006-09-06,23.335336685180664,23.072025299072266,23.24591064453125,23.156482696533203,2171500.0,12.528227806091309
2006-09-07,23.34030532836914,22.9726619720459,22.9726619720459,23.06705665588379,1854800.0,12.479846954345703
2006-09-08,23.702978134155273,23.10183334350586,23.10183334350586,23.653297424316406,2665700.0,12.797019004821777
2006-09-11,23.608583450317383,23.265783309936523,23.593679428100586,23.539030075073242,1674200.0,12.735193252563477
2006-09-12,24.001066207885742,23.454572677612305,23.4694766998291,23.856990814208984,2083500.0,12.907218933105469
2006-09-13,24.020938873291016,23.7327880859375,23.807310104370117,23.936481475830078,1472900.0,12.950226783752441
2006-09-14,24.001066207885742,23.70794677734375,23.886798858642578,23.97125816345215,1900600.0,12.969039916992188
2006-09-15,24.199792861938477,23.92157745361328,24.095460891723633,24.070621490478516,2979700.0,13.02280044555664
2006-09-18,24.4432315826416,24.105398178100586,24.120302200317383,24.343868255615234,3176500.0,13.170637130737305
2006-09-19,24.438262939453125,24.070621490478516,24.368709564208984,24.16998291015625,2734400.0,13.076553344726562
2006-09-20,24.244504928588867,24.00603485107422,24.16998291015625,24.085525512695312,2309100.0,13.030864715576172
2006-09-21,24.045780181884766,23.504253387451172,24.045780181884766,23.598648071289062,2451900.0,12.767450332641602
2006-09-22,23.77750015258789,23.37508201599121,23.668201446533203,23.568838119506836,1516200.0,12.751322746276855
2006-09-25,23.822214126586914,23.454572677612305,23.747692108154297,23.688074111938477,1892300.0,12.81583023071289
2006-09-26,23.847055435180664,23.399921417236328,23.643360137939453,23.847055435180664,2395400.0,12.901846885681152
2006-09-27,24.16004753112793,23.712915420532227,23.852022171020508,23.87189483642578,1927600.0,12.91528034210205
2006-09-28,24.4581356048584,24.09049415588379,24.11036491394043,24.3935489654541,3309800.0,13.197509765625
2006-09-29,24.413421630859375,24.09049415588379,24.269346237182617,24.403486251831055,2893200.0,13.202886581420898
2006-10-02,24.3935489654541,24.095460891723633,24.3935489654541,24.189855575561523,2025800.0,13.087307929992676
2006-10-03,24.234569549560547,24.00603485107422,24.050748825073242,24.105398178100586,2231500.0,13.041614532470703
2006-10-04,24.38361358642578,24.145143508911133,24.145143508911133,24.244504928588867,1873200.0,13.116874694824219
2006-10-05,24.423358917236328,24.050748825073242,24.32399559020996,24.145143508911133,2561100.0,13.063116073608398
2006-10-06,24.165016174316406,23.89673614501953,24.095460891723633,24.080556869506836,1064000.0,13.028173446655273
2006-10-09,24.070621490478516,23.64832878112793,24.04081153869629,23.852022171020508,2332200.0,12.904532432556152
2006-10-10,23.87189483642578,23.618520736694336,23.7327880859375,23.693042755126953,2392800.0,12.818522453308105
2006-10-11,24.179920196533203,23.58871078491211,23.593679428100586,24.145143508911133,2794300.0,13.063116073608398
2006-10-12,24.3935489654541,24.09049415588379,24.145143508911133,24.179920196533203,2041400.0,13.081933975219727
2006-10-13,24.59724235534668,24.150110244750977,24.21966552734375,24.507816314697266,1703000.0,13.259333610534668
2006-10-16,25.511381149291992,25.103992462158203,25.138769149780273,25.198387145996094,5741100.0,13.632948875427246
2006-10-17,25.739913940429688,24.984758377075195,25.089088439941406,25.635583877563477,4597200.0,13.869482040405273
2006-10-18,25.804500579833984,25.39214515686035,25.65545654296875,25.635583877563477,3872000.0,13.869482040405273
2006-10-19,25.695201873779297,25.19342041015625,25.541189193725586,25.312654495239258,2429200.0,13.694769859313965
2006-10-20,25.566030502319336,24.999662399291992,25.287813186645508,25.446794509887695,2804400.0,13.767341613769531
2006-10-23,25.734947204589844,25.352399826049805,25.47660255432129,25.541189193725586,2210800.0,13.818410873413086
2006-10-24,25.541189193725586,25.258005142211914,25.49150848388672,25.426921844482422,1522400.0,13.756590843200684
2006-10-25,25.933671951293945,25.248069763183594,25.337495803833008,25.804500579833984,2456000.0,13.960871696472168
2006-10-26,26.301313400268555,25.774690628051758,25.834308624267578,26.15226936340332,3581900.0,14.149022102355957
2006-10-27,26.495071411132812,26.10755729675293,26.132396697998047,26.216856002807617,2469900.0,14.183966636657715
2006-10-30,26.549720764160156,26.0926513671875,26.216856002807617,26.41558074951172,3165900.0,14.29147720336914
2006-10-31,26.574562072753906,26.147300720214844,26.33112335205078,26.256601333618164,3250000.0,14.20546817779541
2006-11-01,26.38080406188965,25.913799285888672,26.067811965942383,26.27150535583496,2788500.0,14.213530540466309
2006-11-02,26.400676727294922,25.993289947509766,26.30628204345703,26.36590003967285,3325600.0,14.264602661132812
2006-11-03,25.23813247680664,24.46807098388672,25.23813247680664,24.592275619506836,6552600.0,13.305024147033691
2006-11-06,24.890363693237305,24.592275619506836,24.592275619506836,24.74131965637207,2496200.0,13.385665893554688
2006-11-07,25.397113800048828,24.74131965637207,24.815841674804688,25.223228454589844,3186200.0,13.64638900756836
2006-11-08,25.461698532104492,24.940044403076172,25.01456642150879,25.287813186645508,1692300.0,13.681327819824219
2006-11-09,25.62067985534668,25.208324432373047,25.337495803833008,25.337495803833008,2639100.0,13.708210945129395
2006-11-10,25.3673038482666,24.840681076049805,25.337495803833008,25.20335578918457,2222000.0,13.635636329650879
2006-11-13,25.734947204589844,25.009597778320312,25.089088439941406,25.705137252807617,3108700.0,13.907111167907715
2006-11-14,25.685264587402344,25.03940773010254,25.65545654296875,25.546157836914062,3846200.0,13.821102142333984
2006-11-15,25.481571197509766,25.20335578918457,25.362335205078125,25.23813247680664,4150300.0,13.65445327758789
2006-11-16,25.74985122680664,25.23813247680664,25.23813247680664,25.71507453918457,2725900.0,13.91248893737793
2006-11-17,25.779659271240234,25.600807189941406,25.71507453918457,25.685264587402344,2789800.0,13.896358489990234
2006-11-20,25.80946922302246,25.52628517150879,25.56106185913086,25.754817962646484,2428600.0,13.933990478515625
2006-11-21,25.829341888427734,25.566030502319336,25.79456329345703,25.74985122680664,2803700.0,13.931304931640625
2006-11-22,25.97838592529297,25.610742568969727,25.72500991821289,25.97838592529297,2407800.0,14.054946899414062
2006-11-24,26.077747344970703,25.680295944213867,25.864118576049805,25.695201873779297,1131700.0,13.901738166809082
2006-11-27,25.97838592529297,25.566030502319336,25.695201873779297,25.630615234375,2727500.0,13.866793632507324
2006-11-28,25.58590316772461,25.26297378540039,25.506412506103516,25.46666717529297,2532100.0,13.778095245361328
2006-11-29,25.993289947509766,25.49150848388672,25.590869903564453,25.8939266204834,2866900.0,14.009251594543457
2006-11-30,26.231760025024414,25.829341888427734,25.943607330322266,25.933671951293945,2908800.0,14.03075122833252
2006-12-01,26.05787467956543,25.521316528320312,26.05787467956543,25.84424591064453,2490000.0,13.982373237609863
2006-12-04,26.18704605102539,25.84424591064453,25.84424591064453,26.157238006591797,2747400.0,14.15170955657959
2006-12-05,26.241695404052734,25.958513259887695,26.10755729675293,26.216856002807617,1796700.0,14.183966636657715
2006-12-06,26.39073944091797,26.0926513671875,26.15226936340332,26.3410587310791,2410100.0,14.251158714294434
2006-12-07,26.57952880859375,26.346027374267578,26.430484771728516,26.425518035888672,2275700.0,14.296858787536621
2006-12-08,26.69876480102539,26.430484771728516,26.430484771728516,26.6043701171875,1951300.0,14.393620491027832
2006-12-11,26.67392349243164,26.460294723510742,26.67392349243164,26.54475212097168,2016100.0,14.361364364624023
2006-12-12,26.649084091186523,26.3410587310791,26.465261459350586,26.48513412475586,3219200.0,14.329111099243164
2006-12-13,26.678892135620117,26.395708084106445,26.6043701171875,26.514944076538086,2348700.0,14.34523868560791
2006-12-14,26.847808837890625,26.3410587310791,26.480167388916016,26.798128128051758,1614500.0,14.498448371887207
2006-12-15,26.798128128051758,26.529848098754883,26.72360610961914,26.624242782592773,2189600.0,14.404370307922363
2006-12-18,26.79315948486328,26.226791381835938,26.59443473815918,26.346027374267578,1775800.0,14.253849029541016
2006-12-19,26.50997543334961,26.251632690429688,26.346027374267578,26.430484771728516,1863400.0,14.299540519714355
2006-12-20,26.574562072753906,26.33112335205078,26.38080406188965,26.4056453704834,1705700.0,14.28610610961914
2006-12-21,26.788190841674805,26.30628204345703,26.529848098754883,26.654050827026367,2421800.0,14.420496940612793
2006-12-22,26.70870018005371,26.36590003967285,26.62921142578125,26.619274139404297,1301800.0,14.401681900024414
2006-12-26,26.73354148864746,26.54475212097168,26.589466094970703,26.66398811340332,761800.0,14.425873756408691
2006-12-27,26.89252281188965,26.683860778808594,26.693796157836914,26.79315948486328,954000.0,14.49576187133789
2006-12-28,26.847808837890625,26.50997543334961,26.70870018005371,26.50997543334961,2049800.0,14.342549324035645
2006-12-29,26.59443473815918,26.465261459350586,26.50997543334961,26.514944076538086,1058800.0,14.34523868560791
2007-01-03,26.430484771728516,25.645519256591797,26.4056453704834,25.804500579833984,3087600.0,13.960871696472168
2007-01-04,25.804500579833984,25.481571197509766,25.789596557617188,25.734947204589844,4051700.0,13.923240661621094
2007-01-05,25.90386390686035,25.57099723815918,25.834308624267578,25.74985122680664,2143400.0,13.931304931640625
2007-01-08,26.003225326538086,25.556093215942383,25.635583877563477,25.908830642700195,2596800.0,14.017316818237305
2007-01-09,25.98832130432129,25.546157836914062,25.983352661132812,25.779659271240234,2127800.0,13.947430610656738
2007-01-10,25.789596557617188,25.471635818481445,25.645519256591797,25.66539192199707,1709600.0,13.885607719421387
2007-01-11,25.779659271240234,25.58590316772461,25.734947204589844,25.600807189941406,1885200.0,13.850666046142578
2007-01-12,25.53622055053711,25.337495803833008,25.397113800048828,25.451763153076172,1804200.0,13.770029067993164
2007-01-16,25.660425186157227,25.347431182861328,25.511381149291992,25.516347885131836,2058400.0,13.804974555969238
2007-01-17,25.864118576049805,25.412017822265625,25.531251907348633,25.839277267456055,2042100.0,13.97968578338623
2007-01-18,26.127429962158203,25.486539840698242,25.486539840698242,25.8939266204834,2627100.0,14.009251594543457
2007-01-19,25.948575973510742,25.461698532104492,25.8939266204834,25.729978561401367,1555000.0,13.920551300048828
2007-01-22,25.695201873779297,25.402080535888672,25.53622055053711,25.44182586669922,1701600.0,13.764657020568848
2007-01-23,25.814435958862305,25.21329116821289,25.49150848388672,25.511381149291992,1684600.0,13.802282333374023
2007-01-24,25.79456329345703,25.337495803833008,25.516347885131836,25.625646591186523,1636200.0,13.864105224609375
2007-01-25,26.033035278320312,25.3822078704834,25.695201873779297,25.958513259887695,2444400.0,14.044196128845215
2007-01-26,26.216856002807617,25.799531936645508,25.849212646484375,26.15226936340332,2382900.0,14.149022102355957
2007-01-29,26.231760025024414,25.86908531188965,26.15226936340332,26.003225326538086,1849900.0,14.068385124206543
2007-01-30,26.08271598815918,25.883991241455078,26.052907943725586,26.042970657348633,2739800.0,14.08989143371582
2007-01-31,26.112524032592773,25.85418128967285,26.01316261291504,26.062843322753906,2937600.0,14.100641250610352
2007-02-01,26.430484771728516,26.05787467956543,26.182079315185547,26.4056453704834,1721500.0,14.28610610961914
2007-02-02,26.798128128051758,26.400676727294922,26.4056453704834,26.763351440429688,2726000.0,14.47962760925293
2007-02-05,26.718637466430664,26.30628204345703,26.6043701171875,26.519912719726562,2204300.0,14.34792423248291
2007-02-06,26.703733444213867,26.326154708862305,26.4056453704834,26.45035743713379,3198500.0,14.310297012329102
2007-02-07,27.94576644897461,26.897489547729492,27.15086555480957,27.175704956054688,7179100.0,14.70272445678711
2007-02-08,27.200546264648438,26.778255462646484,27.076343536376953,27.046533584594727,2754700.0,14.632838249206543
2007-02-09,27.215450286865234,26.748445510864258,27.026660919189453,26.8527774810791,1728700.0,14.5280122756958
2007-02-12,26.947172164916992,26.53481674194336,26.82793617248535,26.619274139404297,1564500.0,14.401681900024414
2007-02-13,27.250228881835938,26.385772705078125,26.57952880859375,27.011756896972656,2882200.0,14.614027976989746
2007-02-14,27.240291595458984,26.837873458862305,27.10118293762207,26.922330856323242,2253000.0,14.565645217895508
2007-02-15,27.111120223999023,26.82793617248535,26.82793617248535,27.006790161132812,2591200.0,14.611340522766113
2007-02-16,27.42411231994629,27.006790161132812,27.006790161132812,27.170738220214844,4351600.0,14.70003890991211
2007-02-20,27.170738220214844,26.703733444213867,27.026660919189453,27.10118293762207,1817500.0,14.662406921386719
2007-02-21,27.15086555480957,26.89252281188965,27.041566848754883,27.026660919189453,1926000.0,14.622088432312012
2007-02-22,27.200546264648438,26.897489547729492,27.140928268432617,27.02169418334961,1359200.0,14.619399070739746
2007-02-23,27.046533584594727,26.703733444213867,26.8676815032959,26.81800079345703,1070900.0,14.509199142456055
2007-02-26,26.897489547729492,26.524879455566406,26.822967529296875,26.659019470214844,1471300.0,14.42318344116211
2007-02-27,26.59443473815918,25.84424591064453,26.57952880859375,26.08271598815918,3640700.0,14.111391067504883
2007-02-28,26.584497451782227,25.933671951293945,26.08271598815918,26.29634666442871,3411200.0,14.226969718933105
2007-03-01,26.137365341186523,25.600807189941406,25.883991241455078,25.908830642700195,2872100.0,14.017316818237305
2007-03-02,26.122461318969727,25.70016860961914,25.8790225982666,25.729978561401367,1773400.0,13.920551300048828
2007-03-05,25.958513259887695,25.486539840698242,25.645519256591797,25.53622055053711,1827400.0,13.815725326538086
2007-03-06,25.834308624267578,25.511381149291992,25.610742568969727,25.625646591186523,2462800.0,13.864105224609375
2007-03-07,25.81940460205078,25.50144386291504,25.625646591186523,25.50144386291504,1965000.0,13.79690933227539
2007-03-08,25.814435958862305,25.461698532104492,25.57099723815918,25.610742568969727,2066300.0,13.856043815612793
2007-03-09,25.769723892211914,25.446794509887695,25.734947204589844,25.710105895996094,2860500.0,13.909801483154297
2007-03-12,25.72500991821289,25.451763153076172,25.481571197509766,25.556093215942383,2255100.0,13.826476097106934
2007-03-13,25.75978660583496,25.21329116821289,25.46666717529297,25.352399826049805,2485900.0,13.716275215148926
2007-03-14,25.56106185913086,25.029470443725586,25.3822078704834,25.402080535888672,2550300.0,13.743152618408203
2007-03-15,25.521316528320312,25.243101119995117,25.377241134643555,25.456729888916016,1225500.0,13.77271842956543
2007-03-16,25.52628517150879,25.09902572631836,25.412017822265625,25.158641815185547,2328700.0,13.611442565917969
2007-03-19,25.471635818481445,25.123865127563477,25.267942428588867,25.29775047302246,1728500.0,13.68670654296875
2007-03-20,26.350996017456055,25.710105895996094,25.834308624267578,25.8939266204834,3808400.0,14.009251594543457
2007-03-21,26.162206649780273,25.739913940429688,25.888957977294922,26.05787467956543,1673100.0,14.09795093536377
2007-03-22,26.206918716430664,25.938640594482422,26.028066635131836,26.206918716430664,1571300.0,14.178585052490234
2007-03-23,26.216856002807617,25.91876792907715,26.167173385620117,26.038002014160156,1714100.0,14.087203979492188
2007-03-26,26.02309799194336,25.774690628051758,25.983352661132812,25.96347999572754,1428700.0,14.046883583068848
2007-03-27,26.01316261291504,25.734947204589844,25.923734664916992,25.913799285888672,2022000.0,14.020001411437988
2007-03-28,26.17711067199707,25.65545654296875,25.859149932861328,25.834308624267578,2537500.0,13.976998329162598
2007-03-29,26.028066635131836,25.79456329345703,25.8939266204834,25.98832130432129,2994600.0,14.060322761535645
2007-03-30,26.04793930053711,25.640552520751953,25.958513259887695,25.898895263671875,1378000.0,14.011941909790039
2007-04-02,26.08271598815918,25.610742568969727,25.933671951293945,25.695201873779297,2009700.0,13.901738166809082
2007-04-03,26.778255462646484,25.720041275024414,25.864118576049805,26.728572845458984,4740100.0,14.4608154296875
2007-04-04,26.857744216918945,26.539785385131836,26.678892135620117,26.70870018005371,3435600.0,14.450066566467285
2007-04-05,26.917362213134766,26.67392349243164,26.73354148864746,26.728572845458984,1977100.0,14.4608154296875
2007-04-09,26.763351440429688,26.539785385131836,26.728572845458984,26.6043701171875,1719800.0,14.393620491027832
2007-04-10,26.66398811340332,26.182079315185547,26.465261459350586,26.256601333618164,2916300.0,14.20546817779541
2007-04-11,26.72360610961914,26.112524032592773,26.276473999023438,26.654050827026367,3950900.0,14.420496940612793
2007-04-12,27.240291595458984,26.614307403564453,26.649084091186523,26.8676815032959,2554600.0,14.53607177734375
2007-04-13,26.90245819091797,26.564624786376953,26.84284019470215,26.72360610961914,1359200.0,14.45812702178955
2007-04-16,26.92729949951172,26.619274139404297,26.917362213134766,26.67392349243164,2487300.0,14.43125057220459
2007-04-17,26.947172164916992,26.649084091186523,26.703733444213867,26.87761688232422,2639100.0,14.54145336151123
2007-04-18,27.076343536376953,26.703733444213867,26.84284019470215,26.976980209350586,2107300.0,14.595211029052734
2007-04-19,27.155834197998047,26.748445510864258,26.96207618713379,27.106151580810547,2382100.0,14.665095329284668
2007-04-20,27.324750900268555,27.1160888671875,27.170738220214844,27.225387573242188,2897000.0,14.729606628417969
2007-04-23,27.42411231994629,27.155834197998047,27.309844970703125,27.260164260864258,2684400.0,14.748420715332031
2007-04-24,27.64767837524414,27.230356216430664,27.25519561767578,27.503602981567383,2343300.0,14.880125999450684
2007-04-25,27.891117095947266,27.453922271728516,27.533411026000977,27.806659698486328,2638300.0,15.044087409973145
2007-04-26,27.836467742919922,27.48373031616211,27.821563720703125,27.737104415893555,2575500.0,15.00645637512207
2007-04-27,29.351749420166016,27.761945724487305,28.19417381286621,28.00538444519043,2741800.0,15.151603698730469
2007-04-30,28.12462043762207,27.593029022216797,28.020288467407227,27.593029022216797,1908000.0,14.928511619567871
2007-05-01,27.990480422973633,27.54334831237793,27.61290168762207,27.930862426757812,1759500.0,15.111286163330078
2007-05-02,27.94576644897461,27.563220977783203,27.7768497467041,27.747041702270508,1949000.0,15.011834144592285
2007-05-03,27.821563720703125,27.404239654541016,27.81659507751465,27.60296630859375,2971000.0,14.933886528015137
2007-05-04,27.687423706054688,27.260164260864258,27.60296630859375,27.652647018432617,2464000.0,14.960762977600098
2007-05-07,27.821563720703125,27.15086555480957,27.558252334594727,27.662582397460938,3013900.0,14.96613597869873
2007-05-08,28.010353088378906,27.180673599243164,27.617870330810547,27.270099639892578,4040900.0,14.753792762756348
2007-05-09,27.727169036865234,27.121055603027344,27.270099639892578,27.667551040649414,3127000.0,14.968823432922363
2007-05-10,27.717233657836914,27.240291595458984,27.617870330810547,27.240291595458984,2460600.0,14.73766803741455
2007-05-11,28.035194396972656,27.19557762145996,27.294940948486328,28.035194396972656,3831300.0,15.16772747039795
2007-05-14,28.189205169677734,27.69736099243164,27.896085739135742,27.781818389892578,4396100.0,15.030649185180664
2007-05-15,28.139524459838867,27.583093643188477,27.747041702270508,27.881181716918945,3888600.0,15.084405899047852
2007-05-16,28.989076614379883,27.593029022216797,27.87621307373047,28.57672119140625,8474500.0,15.460710525512695
2007-05-17,28.5518798828125,28.22895050048828,28.536975860595703,28.25379180908203,2926900.0,15.285998344421387
2007-05-18,28.52703857421875,28.174301147460938,28.248823165893555,28.48232650756836,3230700.0,15.409639358520508
2007-05-21,29.376590728759766,26.8676815032959,26.8676815032959,28.348186492919922,3692000.0,15.337069511413574
2007-05-22,28.889713287353516,28.308441162109375,28.8151912689209,28.686019897460938,4870800.0,15.5198392868042
2007-05-23,28.71582794189453,27.145896911621094,28.686019897460938,27.846405029296875,6679900.0,15.065592765808105
2007-05-24,28.268695831298828,27.717233657836914,28.0401611328125,27.717233657836914,2414500.0,14.99570369720459
2007-05-25,28.15939712524414,27.44895362854004,27.642711639404297,28.06500244140625,2305100.0,15.183859825134277
2007-05-29,28.144493103027344,27.47379493713379,28.144493103027344,27.80169105529785,3381000.0,15.041397094726562
2007-05-30,28.199142456054688,27.374431610107422,27.573156356811523,28.15939712524414,3217600.0,15.23492431640625
2007-05-31,27.831499099731445,27.30487823486328,27.747041702270508,27.523475646972656,3732900.0,14.890875816345215
2007-06-01,28.20410919189453,27.409208297729492,27.523475646972656,27.846405029296875,2776000.0,15.065592765808105
2007-06-04,28.119651794433594,27.523475646972656,27.61290168762207,27.985511779785156,2781200.0,15.140849113464355
2007-06-05,28.42270851135254,27.806659698486328,27.831499099731445,28.298503875732422,3821500.0,15.310186386108398
2007-06-06,28.268695831298828,27.607933044433594,28.268695831298828,27.632774353027344,2598900.0,14.950013160705566
2007-06-07,27.88614845275879,27.419143676757812,27.563220977783203,27.523475646972656,2869600.0,14.890875816345215
2007-06-08,27.811626434326172,27.324750900268555,27.498634338378906,27.811626434326172,1660300.0,15.046772956848145
2007-06-11,27.70729637145996,27.488698959350586,27.69736099243164,27.622838973999023,2353100.0,14.944636344909668
2007-06-12,27.69736099243164,27.19557762145996,27.573156356811523,27.19557762145996,2409300.0,14.713475227355957
2007-06-13,27.871244430541992,27.05647087097168,27.121055603027344,27.836467742919922,3418500.0,15.060212135314941
2007-06-14,27.662582397460938,26.92729949951172,27.071374893188477,27.250228881835938,3386500.0,14.743042945861816
2007-06-15,27.548316955566406,27.250228881835938,27.369462966918945,27.399272918701172,3373000.0,14.82368278503418
2007-06-18,27.781818389892578,27.38933563232422,27.419143676757812,27.439016342163086,2254600.0,14.845183372497559
2007-06-19,28.666147232055664,27.478761672973633,27.513538360595703,28.42270851135254,7794500.0,15.377384185791016
2007-06-20,29.023853302001953,28.010353088378906,28.36309051513672,28.51710319519043,7037300.0,15.428455352783203
2007-06-21,28.899648666381836,28.472389221191406,28.566783905029297,28.636337280273438,3873100.0,15.492966651916504
2007-06-22,28.8151912689209,28.46742057800293,28.566783905029297,28.591625213623047,3184000.0,15.468774795532227
2007-06-25,29.649837493896484,28.541942596435547,28.541942596435547,29.19277000427246,4983000.0,15.794008255004883
2007-06-26,29.28716468811035,28.844999313354492,29.19277000427246,28.91952133178711,4198900.0,15.646173477172852
2007-06-27,29.53557014465332,28.820159912109375,28.91952133178711,29.49085807800293,3581500.0,15.955279350280762
2007-06-28,29.808818817138672,29.391494750976562,29.53557014465332,29.461048126220703,2795700.0,15.93914794921875
2007-06-29,29.803850173950195,29.292131423950195,29.610092163085938,29.386526107788086,3093600.0,15.898829460144043
2007-07-02,29.634933471679688,29.242450714111328,29.485889434814453,29.446144104003906,2645300.0,15.931092262268066
2007-07-03,29.505762100219727,29.217609405517578,29.461048126220703,29.30206871032715,1181600.0,15.8531494140625
2007-07-05,29.65480613708496,29.33684539794922,29.381559371948242,29.634933471679688,3714500.0,16.03322410583496
2007-07-06,29.699520111083984,29.485889434814453,29.634933471679688,29.644868850708008,2102300.0,16.038602828979492
2007-07-09,30.459644317626953,29.56041145324707,29.56041145324707,30.459644317626953,4269100.0,16.479413986206055
2007-07-10,31.676837921142578,29.58525276184082,31.676837921142578,29.58525276184082,3090700.0,16.006349563598633
2007-07-11,29.729328155517578,29.376590728759766,29.580284118652344,29.709455490112305,2610800.0,16.07354736328125
2007-07-12,30.032384872436523,29.709455490112305,29.803850173950195,30.032384872436523,2608700.0,16.248260498046875
2007-07-13,30.002574920654297,29.704486846923828,30.002574920654297,29.888307571411133,2340400.0,16.170310974121094
2007-07-16,29.997608184814453,29.639902114868164,29.639902114868164,29.933021545410156,2150600.0,16.194499969482422
2007-07-17,30.817350387573242,29.779008865356445,29.84856414794922,30.59378433227539,5260800.0,16.55198860168457
2007-07-18,30.68817901611328,30.052257537841797,30.53416633605957,30.613656997680664,3035800.0,16.562747955322266
2007-07-19,30.847158432006836,30.514293670654297,30.77263641357422,30.6981143951416,2271100.0,16.60843849182129
2007-07-20,30.92664909362793,30.40499496459961,30.6981143951416,30.494421005249023,2503000.0,16.498233795166016
2007-07-23,30.83225440979004,30.395057678222656,30.46461296081543,30.50932502746582,3288700.0,16.50629425048828
2007-07-24,30.99620246887207,30.280790328979492,30.305631637573242,30.350345611572266,3493700.0,16.4202880859375
2007-07-25,30.84218978881836,30.04728889465332,30.57887840270996,30.27582359313965,3373600.0,16.37996482849121
2007-07-26,29.992639541625977,28.358121871948242,29.947925567626953,28.74066925048828,5325200.0,15.549412727355957
2007-07-27,28.725765228271484,27.930862426757812,28.676082611083984,28.094810485839844,4490700.0,15.19998550415039
2007-07-30,28.248823165893555,27.622838973999023,28.060033798217773,27.846405029296875,3909000.0,15.065592765808105
2007-07-31,28.3034725189209,27.632774353027344,28.268695831298828,27.662582397460938,4251900.0,14.96613597869873
2007-08-01,28.084875106811523,27.011756896972656,27.573156356811523,28.020288467407227,4868900.0,15.15966510772705
2007-08-02,28.37302589416504,27.627805709838867,28.020288467407227,28.010353088378906,3409000.0,15.154290199279785
2007-08-03,28.154428482055664,26.8030948638916,28.010353088378906,26.8030948638916,3164000.0,14.50113296508789
2007-08-06,27.190610885620117,26.31621742248535,27.011756896972656,26.798128128051758,3649900.0,14.498448371887207
2007-08-07,27.130992889404297,26.33112335205078,26.678892135620117,26.644115447998047,5053500.0,14.415121078491211
2007-08-08,27.35455894470215,25.35736846923828,26.976980209350586,26.321186065673828,5402500.0,14.240411758422852
2007-08-09,26.072778701782227,24.77609634399414,26.038002014160156,24.80093765258789,7331200.0,13.417919158935547
2007-08-10,27.200546264648438,23.32539939880371,23.335336685180664,26.226791381835938,6982000.0,14.189338684082031
2007-08-13,29.138120651245117,26.395708084106445,26.430484771728516,28.651243209838867,7095100.0,15.501028060913086
2007-08-14,28.666147232055664,27.453922271728516,27.453922271728516,27.632774353027344,3950200.0,14.950013160705566
2007-08-15,27.662582397460938,26.783222198486328,26.87761688232422,26.81800079345703,2746600.0,14.509199142456055
2007-08-16,27.061439514160156,26.132396697998047,26.743478775024414,26.703733444213867,3384300.0,14.44737720489502
2007-08-17,27.687423706054688,26.678892135620117,27.498634338378906,27.230356216430664,3196300.0,14.732292175292969
2007-08-20,27.627805709838867,27.006790161132812,27.006790161132812,27.443984985351562,2120400.0,14.847872734069824
2007-08-21,27.69736099243164,26.773286819458008,27.41417694091797,27.145896911621094,2602700.0,14.68659496307373
2007-08-22,27.781818389892578,27.19557762145996,27.235322952270508,27.702327728271484,2515300.0,14.987641334533691
2007-08-23,28.974170684814453,27.88614845275879,27.96067237854004,28.68105125427246,4273700.0,15.5171537399292
2007-08-24,28.720796585083008,28.13455581665039,28.62143325805664,28.62143325805664,1622300.0,15.484899520874023
2007-08-27,28.601560592651367,28.035194396972656,28.566783905029297,28.079906463623047,1765500.0,15.19192123413086
2007-08-28,28.21901512145996,27.235322952270508,27.856340408325195,27.3794002532959,2616800.0,14.812932968139648
2007-08-29,27.737104415893555,27.200546264648438,27.3794002532959,27.67251968383789,2017500.0,14.971517562866211
2007-08-30,28.000415802001953,27.10118293762207,27.573156356811523,27.632774353027344,1663700.0,14.950013160705566
2007-08-31,28.06500244140625,27.309844970703125,27.747041702270508,27.796722412109375,1916500.0,15.038713455200195
2007-09-04,28.810222625732422,27.846405029296875,28.16933250427246,28.601560592651367,3276700.0,15.474152565002441
2007-09-05,28.333282470703125,27.747041702270508,28.25379180908203,28.13455581665039,2773800.0,15.221490859985352
2007-09-06,28.26372718811035,27.781818389892578,28.144493103027344,28.119651794433594,1803500.0,15.213425636291504
2007-09-07,27.737104415893555,27.3297176361084,27.607933044433594,27.49366569519043,2638800.0,14.874749183654785
2007-09-10,27.632774353027344,27.111120223999023,27.607933044433594,27.130992889404297,2159200.0,14.678535461425781
2007-09-11,27.806659698486328,26.59443473815918,26.59443473815918,27.64767837524414,2317300.0,14.958073616027832
2007-09-12,27.69736099243164,27.324750900268555,27.622838973999023,27.49366569519043,2274800.0,14.874749183654785
2007-09-13,27.69736099243164,26.882585525512695,27.69736099243164,27.086278915405273,2696700.0,14.654346466064453
2007-09-14,27.106151580810547,26.445390701293945,26.728572845458984,26.8527774810791,2256700.0,14.5280122756958
2007-09-17,26.952138900756836,26.44042205810547,26.8030948638916,26.783222198486328,1892300.0,14.490381240844727
2007-09-18,27.096216201782227,26.420549392700195,26.967044830322266,27.046533584594727,2455800.0,14.632838249206543
2007-09-19,28.114683151245117,27.16080093383789,27.265132904052734,27.64767837524414,3772300.0,14.958073616027832
2007-09-20,28.223981857299805,27.51850700378418,27.657615661621094,27.622838973999023,3153400.0,14.944636344909668
2007-09-21,28.084875106811523,27.468826293945312,27.955703735351562,27.58806037902832,2660600.0,14.925823211669922
2007-09-24,27.920927047729492,27.140928268432617,27.49366569519043,27.230356216430664,2030800.0,14.732292175292969
2007-09-25,28.045129776000977,27.165769577026367,27.225387573242188,27.906021118164062,2645800.0,15.097845077514648
2007-09-26,28.412771224975586,27.85137176513672,28.293537139892578,28.035194396972656,2005000.0,15.16772747039795
2007-09-27,28.19417381286621,27.563220977783203,28.18423843383789,27.80169105529785,1835200.0,15.041397094726562
2007-09-28,28.020288467407227,27.70729637145996,27.73213768005371,27.771883010864258,1190300.0,15.02527141571045
2007-10-01,28.989076614379883,27.896085739135742,28.12462043762207,28.964235305786133,2163100.0,15.670361518859863
2007-10-02,28.755573272705078,27.990480422973633,28.70589256286621,28.22895050048828,2906800.0,15.272558212280273
2007-10-03,28.368059158325195,28.08984375,28.119651794433594,28.268695831298828,2020400.0,15.294059753417969
2007-10-04,28.59659194946289,27.91098976135254,28.377994537353516,27.98054313659668,1466200.0,15.138166427612305
2007-10-05,28.546911239624023,28.08984375,28.248823165893555,28.174301147460938,1837600.0,15.242989540100098
2007-10-08,28.3531551361084,27.86627769470215,28.21901512145996,28.144493103027344,1428000.0,15.226866722106934
2007-10-09,28.442581176757812,27.756977081298828,28.43264389038086,28.015321731567383,2330800.0,15.156977653503418
2007-10-10,28.70589256286621,27.891117095947266,28.010353088378906,28.59659194946289,2509300.0,15.47145938873291
2007-10-11,29.40639877319336,28.651243209838867,28.651243209838867,28.844999313354492,2800600.0,15.605856895446777
2007-10-12,29.451112747192383,28.82512664794922,28.835063934326172,29.401430130004883,2954300.0,15.90689754486084
2007-10-15,29.808818817138672,28.989076614379883,29.401430130004883,29.28716468811035,3733900.0,15.845073699951172
2007-10-16,29.36168670654297,28.785381317138672,29.30206871032715,28.835063934326172,2201900.0,15.600478172302246
2007-10-17,28.94436264038086,28.238887786865234,28.85990333557129,28.64627456665039,2086800.0,15.498337745666504
2007-10-18,28.88474464416504,28.437612533569336,28.57672119140625,28.67111587524414,1226100.0,15.511775016784668
2007-10-19,28.770477294921875,28.293537139892578,28.710859298706055,28.293537139892578,2366600.0,15.307502746582031
2007-10-22,28.348186492919922,27.94576644897461,28.199142456054688,28.26372718811035,1588400.0,15.291366577148438
2007-10-23,28.368059158325195,27.985511779785156,28.248823165893555,28.248823165893555,2381900.0,15.283309936523438
2007-10-24,28.283599853515625,27.727169036865234,28.109716415405273,28.084875106811523,2355800.0,15.194609642028809
2007-10-25,28.392898559570312,27.727169036865234,28.238887786865234,27.97060775756836,1734200.0,15.132782936096191
2007-10-26,28.308441162109375,27.861309051513672,28.055065155029297,28.25379180908203,954200.0,15.285998344421387
2007-10-29,28.48232650756836,28.139524459838867,28.407804489135742,28.27863311767578,1170200.0,15.299437522888184
2007-10-30,28.94436264038086,28.144493103027344,28.21901512145996,28.49226188659668,1453700.0,15.415016174316406
2007-10-31,29.008947372436523,28.238887786865234,28.442581176757812,29.008947372436523,2282800.0,15.694555282592773
2007-11-01,28.984107971191406,28.15939712524414,28.984107971191406,28.164365768432617,2195500.0,15.237615585327148
2007-11-02,28.502199172973633,27.54334831237793,28.22895050048828,27.965639114379883,2498800.0,15.130099296569824
2007-11-05,28.025257110595703,27.359527587890625,27.891117095947266,27.429080963134766,2035900.0,14.83980941772461
2007-11-06,27.871244430541992,27.22041893005371,27.44895362854004,27.771883010864258,2450900.0,15.02527141571045
2007-11-07,27.722200393676758,26.678892135620117,27.548316955566406,26.743478775024414,2417300.0,14.468880653381348
2007-11-08,27.036598205566406,26.206918716430664,26.76831817626953,26.693796157836914,3209600.0,14.441999435424805
2007-11-09,26.778255462646484,26.33112335205078,26.524879455566406,26.410612106323242,2428000.0,14.288788795471191
2007-11-12,26.703733444213867,25.839277267456055,26.261568069458008,25.958513259887695,2428400.0,14.044196128845215
2007-11-13,26.654050827026367,26.01316261291504,26.182079315185547,26.649084091186523,1971500.0,14.417811393737793
2007-11-14,26.862712860107422,26.21188735961914,26.862712860107422,26.251632690429688,2713500.0,14.202777862548828
2007-11-15,26.44042205810547,25.720041275024414,26.0926513671875,25.779659271240234,2450100.0,13.947430610656738
2007-11-16,26.112524032592773,25.521316528320312,25.90386390686035,25.834308624267578,2311000.0,13.976998329162598
2007-11-19,25.91876792907715,25.531251907348633,25.80946922302246,25.59583854675293,2909800.0,13.847977638244629
2007-11-20,26.10755729675293,25.208324432373047,25.710105895996094,25.754817962646484,3444500.0,13.933990478515625
2007-11-21,25.80946922302246,25.362335205078125,25.49150848388672,25.402080535888672,1922700.0,13.743152618408203
2007-11-23,25.640552520751953,25.153675079345703,25.62067985534668,25.496475219726562,1389000.0,13.794218063354492
2007-11-26,25.60577392578125,24.984758377075195,25.551124572753906,25.029470443725586,2624400.0,13.541559219360352
2007-11-27,25.551124572753906,25.09902572631836,25.13380241394043,25.511381149291992,2250000.0,13.802282333374023
2007-11-28,25.948575973510742,25.486539840698242,25.615711212158203,25.938640594482422,2493000.0,14.033440589904785
2007-11-29,26.256601333618164,25.739913940429688,25.78462791442871,26.137365341186523,1776800.0,14.14095687866211
2007-11-30,26.505006790161133,26.077747344970703,26.505006790161133,26.241695404052734,2143400.0,14.197403907775879
2007-12-03,26.50997543334961,26.003225326538086,26.08271598815918,26.062843322753906,2239800.0,14.100641250610352
2007-12-04,26.256601333618164,25.412017822265625,25.90386390686035,25.705137252807617,3602400.0,13.907111167907715
2007-12-05,26.455326080322266,25.734947204589844,25.789596557617188,26.44042205810547,2276600.0,14.30492115020752
2007-12-06,26.649084091186523,26.132396697998047,26.430484771728516,26.649084091186523,1924900.0,14.417811393737793
2007-12-07,27.44895362854004,26.45035743713379,26.649084091186523,26.644115447998047,1568100.0,14.415121078491211
2007-12-10,26.87761688232422,26.554689407348633,26.683860778808594,26.73354148864746,1206600.0,14.46350383758545
2007-12-11,27.02169418334961,26.112524032592773,26.72360610961914,26.167173385620117,1889500.0,14.157084465026855
2007-12-12,26.82793617248535,25.75978660583496,26.72360610961914,26.127429962158203,2204000.0,14.135584831237793
2007-12-13,26.226791381835938,25.883991241455078,25.948575973510742,26.097620010375977,1595100.0,14.119454383850098
2007-12-14,26.087684631347656,25.556093215942383,25.96347999572754,25.600807189941406,3498800.0,13.850666046142578
2007-12-17,25.81940460205078,25.23813247680664,25.541189193725586,25.253036499023438,2820800.0,13.662516593933105
2007-12-18,25.66539192199707,25.23813247680664,25.471635818481445,25.541189193725586,2652400.0,13.818410873413086
2007-12-19,25.739913940429688,25.163610458374023,25.59583854675293,25.163610458374023,2273000.0,13.61413288116455
2007-12-20,25.566030502319336,24.805904388427734,25.337495803833008,25.22819709777832,2794300.0,13.64907455444336
2007-12-21,26.256601333618164,25.52628517150879,25.58590316772461,25.764755249023438,3674800.0,13.93936824798584
2007-12-24,26.042970657348633,25.625646591186523,25.680295944213867,25.8939266204834,897600.0,14.009251594543457
2007-12-26,26.08271598815918,25.113929748535156,25.8939266204834,25.14373779296875,2105500.0,13.60338020324707
2007-12-27,25.59583854675293,24.582338333129883,25.3673038482666,24.64692497253418,2228900.0,13.33459186553955
2007-12-28,25.034439086914062,24.62208366394043,25.034439086914062,24.761192321777344,2051200.0,13.39641284942627
2007-12-31,24.791000366210938,24.448198318481445,24.632020950317383,24.577369689941406,2068800.0,13.296961784362793
2008-01-02,24.592275619506836,23.489349365234375,24.512784957885742,23.573806762695312,3719400.0,12.754012107849121
2008-01-03,23.89673614501953,22.37648582458496,23.86195945739746,22.451007843017578,6351800.0,12.1465482711792
2008-01-04,22.441072463989258,21.869735717773438,22.27215576171875,21.87967300415039,4376200.0,11.83743953704834
2008-01-07,22.043621063232422,21.641202926635742,22.038652420043945,21.740564346313477,3800900.0,11.76218032836914
2008-01-08,21.85483169555664,20.831396102905273,21.745532989501953,20.935726165771484,5649100.0,11.326743125915527
2008-01-09,21.03508949279785,19.86260986328125,20.900949478149414,20.180570602416992,8214300.0,10.918188095092773
2008-01-10,20.761842727661133,19.917259216308594,20.071269989013672,20.592926025390625,5793400.0,11.141282081604004
2008-01-11,20.602861404418945,20.319677352905273,20.344518661499023,20.433944702148438,4230700.0,11.05526351928711
2008-01-14,20.791650772094727,19.827831268310547,20.558147430419922,20.20541000366211,3287300.0,10.931625366210938
2008-01-15,19.95700454711914,19.375732421875,19.882482528686523,19.430381774902344,4832000.0,10.512316703796387
2008-01-16,19.90732192993164,19.301210403442383,19.301210403442383,19.499935150146484,4813400.0,10.54995059967041
2008-01-17,19.62413787841797,19.201847076416016,19.519807815551758,19.31611442565918,5907600.0,10.450495719909668
2008-01-18,20.493562698364258,19.251527786254883,19.51483917236328,19.534711837768555,5577400.0,10.568760871887207
2008-01-22,19.534711837768555,18.62554359436035,18.62554359436035,19.181974411010742,5916400.0,10.37791633605957
2008-01-23,19.16210174560547,18.337390899658203,18.645416259765625,19.122356414794922,7766200.0,10.345663070678711
2008-01-24,19.489999771118164,18.868982315063477,19.241592407226562,19.475093841552734,5009200.0,10.536505699157715
2008-01-25,19.94209861755371,19.5893611907959,19.678787231445312,19.698659896850586,3850600.0,10.657459259033203
2008-01-28,19.857641220092773,19.375732421875,19.783119201660156,19.817895889282227,3040900.0,10.721969604492188
2008-01-29,20.2998046875,19.8377685546875,19.8377685546875,20.20541000366211,2516600.0,10.931625366210938
2008-01-30,20.627702713012695,20.081207275390625,20.081207275390625,20.185537338256836,3169500.0,10.92087173461914
2008-01-31,21.283496856689453,19.90732192993164,19.90732192993164,21.0251522064209,5891300.0,11.375128746032715
2008-02-01,21.16922950744629,20.6127986907959,20.995344161987305,20.935726165771484,4080300.0,11.326743125915527
2008-02-04,21.069866180419922,20.69228744506836,20.90591812133789,20.910886764526367,2948700.0,11.31330394744873
2008-02-05,22.927949905395508,20.85623550415039,21.303369522094727,22.172792434692383,7875700.0,11.996024131774902
2008-02-06,22.525529861450195,21.422603607177734,22.336740493774414,21.49712562561035,4452900.0,11.630472183227539
2008-02-07,21.849863052368164,21.258655548095703,21.338146209716797,21.646169662475586,3586000.0,11.71111011505127
2008-02-08,21.929353713989258,21.447444915771484,21.447444915771484,21.695852279663086,2411000.0,11.737991333007812
2008-02-11,22.182729721069336,21.636234283447266,21.730628967285156,22.073429107666016,2998400.0,11.94227123260498
2008-02-12,22.431135177612305,21.800182342529297,22.257251739501953,21.94922637939453,4719800.0,11.87507438659668
2008-02-13,22.451007843017578,22.028717041015625,22.073429107666016,22.311901092529297,3267200.0,12.0712890625
2008-02-14,22.689477920532227,22.028717041015625,22.27215576171875,22.088335037231445,2754000.0,11.950337409973145
2008-02-15,22.37648582458496,21.85483169555664,22.0485897064209,22.311901092529297,2155400.0,12.0712890625
2008-02-19,22.644765853881836,22.277122497558594,22.53546714782715,22.321836471557617,2171500.0,12.076664924621582
2008-02-20,22.63979721069336,22.113174438476562,22.172792434692383,22.565275192260742,2469300.0,12.208369255065918
2008-02-21,22.69941520690918,22.11814308166504,22.600051879882812,22.22247314453125,2847300.0,12.022907257080078
2008-02-22,22.515594482421875,22.00884437561035,22.326805114746094,22.451007843017578,2562600.0,12.1465482711792
2008-02-25,22.79380989074707,22.346677780151367,22.540433883666992,22.704383850097656,3115400.0,12.283631324768066
2008-02-26,22.94782257080078,22.505657196044922,22.575212478637695,22.86336326599121,3190300.0,12.36964225769043
2008-02-27,23.320432662963867,22.679542541503906,22.739160537719727,23.12667465209961,3907600.0,12.512099266052246
2008-02-28,23.062089920043945,22.157888412475586,23.012407302856445,22.17776107788086,2997000.0,11.9987154006958
2008-02-29,22.10820770263672,21.531902313232422,21.810117721557617,21.586551666259766,2970900.0,11.67885684967041
2008-03-03,21.616361618041992,21.223878860473633,21.412668228149414,21.477252960205078,2500400.0,11.619720458984375
2008-03-04,21.82999038696289,21.253686904907227,21.293432235717773,21.70081901550293,3216800.0,11.740675926208496
2008-03-05,22.053556442260742,21.45241355895996,21.60642433166504,21.71572494506836,3264100.0,11.74874496459961
2008-03-06,21.834959030151367,21.23878288269043,21.680946350097656,21.338146209716797,2610100.0,11.544463157653809
2008-03-07,21.268590927124023,20.45381736755371,21.13445281982422,20.62273406982422,3310700.0,11.1574068069458
2008-03-10,20.891014099121094,20.473690032958984,20.667448043823242,20.493562698364258,2347400.0,11.087520599365234
2008-03-11,20.960567474365234,20.374326705932617,20.910886764526367,20.895980834960938,2465800.0,11.305240631103516
2008-03-12,21.0599308013916,20.722097396850586,20.980440139770508,20.74197006225586,4352400.0,11.221917152404785
2008-03-13,20.707191467285156,19.922225952148438,20.433944702148438,20.369359970092773,5558100.0,11.0203275680542
2008-03-14,20.62273406982422,20.11101531982422,20.438913345336914,20.433944702148438,4591700.0,11.05526351928711
2008-03-17,20.57305335998535,19.5744571685791,20.309741973876953,19.80299186706543,5566600.0,10.713902473449707
2008-03-18,20.28986930847168,19.86260986328125,20.046430587768555,20.28986930847168,2563400.0,10.977313041687012
2008-03-19,20.771778106689453,20.00171661376953,20.3494873046875,20.031526565551758,2953500.0,10.837547302246094
2008-03-20,20.314708709716797,19.817895889282227,20.056365966796875,20.274965286254883,2904100.0,10.969252586364746
2008-03-24,21.17916488647461,20.319677352905273,20.3494873046875,21.089738845825195,2625800.0,11.410073280334473
2008-03-25,21.069866180419922,20.57305335998535,20.995344161987305,20.662479400634766,2345800.0,11.178912162780762
2008-03-26,20.74197006225586,20.24018669128418,20.51343536376953,20.51343536376953,1739200.0,11.098272323608398
2008-03-27,20.672414779663086,20.19547462463379,20.672414779663086,20.25509262084961,1982400.0,10.958500862121582
2008-03-28,20.498531341552734,20.23025131225586,20.438913345336914,20.269996643066406,1338000.0,10.966564178466797
2008-03-31,20.344518661499023,20.016620635986328,20.225282669067383,20.26502799987793,1518400.0,10.96388053894043
2008-04-01,20.945663452148438,20.269996643066406,20.42897605895996,20.945663452148438,2159200.0,11.332120895385742
2008-04-02,21.348081588745117,20.85623550415039,20.995344161987305,21.0102481842041,2007100.0,11.367063522338867
2008-04-03,20.935726165771484,20.568084716796875,20.781713485717773,20.707191467285156,1862700.0,11.203103065490723
2008-04-04,20.82145881652832,20.33458137512207,20.82145881652832,20.503498077392578,1771800.0,11.09289836883545
2008-04-07,20.69228744506836,20.344518661499023,20.399168014526367,20.617765426635742,2080500.0,11.154719352722168
2008-04-08,20.826427459716797,20.602861404418945,20.602861404418945,20.791650772094727,2119200.0,11.248794555664062
2008-04-09,20.891014099121094,20.59789276123047,20.841331481933594,20.65751075744629,2291300.0,11.17622184753418
2008-04-10,20.91585350036621,20.57305335998535,20.756874084472656,20.796619415283203,1738200.0,11.251483917236328
2008-04-11,20.78668212890625,20.448848724365234,20.712160110473633,20.503498077392578,2072100.0,11.09289836883545
2008-04-14,20.707191467285156,20.309741973876953,20.458786010742188,20.62273406982422,1721200.0,11.1574068069458
2008-04-15,20.722097396850586,20.364391326904297,20.69228744506836,20.642606735229492,1281300.0,11.168158531188965
2008-04-16,21.24871826171875,20.737001419067383,20.781713485717773,21.114580154418945,1984600.0,11.423507690429688
2008-04-17,21.20400619506836,20.93075942993164,21.124515533447266,21.14438819885254,1268500.0,11.439634323120117
2008-04-18,21.94922637939453,21.318273544311523,21.422603607177734,21.919418334960938,2224300.0,11.8589448928833
2008-04-21,21.884639739990234,21.581584930419922,21.810117721557617,21.730628967285156,1523400.0,11.756806373596191
2008-04-22,21.60642433166504,20.920822143554688,21.601457595825195,21.040058135986328,1539300.0,11.38318920135498
2008-04-23,21.611392974853516,21.079803466796875,21.079803466796875,21.507062911987305,1336100.0,11.635851860046387
2008-04-24,22.10820770263672,21.51202964782715,21.616361618041992,22.003875732421875,1422500.0,11.904638290405273
2008-04-25,22.15291976928711,21.556743621826172,22.053556442260742,21.9840030670166,995600.0,11.893890380859375
2008-04-28,22.12807846069336,21.834959030151367,21.91444969177246,21.944257736206055,993100.0,11.872385025024414
2008-04-29,22.10820770263672,21.815086364746094,21.969099044799805,22.02374839782715,1426200.0,11.915390014648438
2008-04-30,22.172792434692383,21.636234283447266,22.028717041015625,21.65610694885254,1584400.0,11.716487884521484
2008-05-01,22.451007843017578,21.66604232788086,21.66604232788086,22.451007843017578,1786900.0,12.1465482711792
2008-05-02,22.684511184692383,22.113174438476562,22.684511184692383,22.34170913696289,1289500.0,12.087413787841797
2008-05-05,22.441072463989258,22.182729721069336,22.182729721069336,22.346677780151367,1162900.0,12.090100288391113
2008-05-06,22.416231155395508,21.775341033935547,22.02374839782715,22.351646423339844,1538500.0,12.092789649963379
2008-05-07,22.46094512939453,21.904512405395508,22.182729721069336,21.993940353393555,1617200.0,11.899263381958008
2008-05-08,22.555339813232422,18.873950958251953,21.149356842041016,21.765405654907227,2040300.0,11.775619506835938
2008-05-09,21.740564346313477,21.328208923339844,21.59648895263672,21.63126564025879,1248700.0,11.703043937683105
2008-05-12,23.95635414123535,21.661073684692383,21.710756301879883,23.568838119506836,7331200.0,12.751322746276855
2008-05-13,23.583744049072266,22.7093505859375,23.414827346801758,22.868331909179688,5078000.0,12.372331619262695
2008-05-14,23.668201446533203,22.868331909179688,23.052152633666992,23.370113372802734,2145900.0,12.643806457519531
2008-05-15,23.727819442749023,23.146547317504883,23.429731369018555,23.693042755126953,1684200.0,12.818522453308105
2008-05-16,23.74272346496582,23.240942001342773,23.688074111938477,23.57877540588379,2013100.0,12.756696701049805
2008-05-19,23.886798858642578,23.439666748046875,23.568838119506836,23.71788215637207,2363500.0,12.83195972442627
2008-05-20,23.62348747253418,23.111770629882812,23.568838119506836,23.4197940826416,1845000.0,12.670683860778809
2008-05-21,23.772533416748047,23.330368041992188,23.608583450317383,23.360177993774414,3573800.0,12.638433456420898
2008-05-22,24.189855575561523,22.654701232910156,22.654701232910156,23.941448211669922,5009800.0,12.952914237976074
2008-05-23,23.961320877075195,23.534061431884766,23.847055435180664,23.797372817993164,2762400.0,12.874966621398926
2008-05-27,24.21966552734375,23.71788215637207,23.847055435180664,24.150110244750977,1642200.0,13.065801620483398
2008-05-28,24.32399559020996,23.856990814208984,24.19482421875,24.105398178100586,1804400.0,13.041614532470703
2008-05-29,24.48297691345215,24.070621490478516,24.120302200317383,24.41839027404785,1999500.0,13.210952758789062
2008-05-30,24.666797637939453,24.060684204101562,24.666797637939453,24.41839027404785,2860400.0,13.210952758789062
2008-06-02,24.199792861938477,23.539030075073242,24.199792861938477,23.876863479614258,3571900.0,12.917972564697266
2008-06-03,24.33393096923828,23.991130828857422,24.07558822631836,24.140174865722656,2252300.0,13.060432434082031
2008-06-04,24.239538192749023,23.822214126586914,23.9960994720459,23.89673614501953,4423300.0,12.928722381591797
2008-06-05,24.59724235534668,23.67317008972168,24.249473571777344,24.269346237182617,2089200.0,13.1303129196167
2008-06-06,25.09902572631836,24.304122924804688,24.756223678588867,24.304122924804688,4792000.0,13.149129867553711
2008-06-09,24.487943649291992,23.40985870361328,24.373676300048828,23.737754821777344,2999200.0,12.8427095413208
2008-06-10,24.035842895507812,23.300559997558594,23.300559997558594,23.702978134155273,2529600.0,12.823894500732422
2008-06-11,23.847055435180664,23.310495376586914,23.310495376586914,23.529094696044922,2855300.0,12.729819297790527
2008-06-12,23.653297424316406,23.206165313720703,23.558902740478516,23.206165313720703,4314600.0,12.555105209350586
2008-06-13,23.83711814880371,23.394954681396484,23.404890060424805,23.747692108154297,3559200.0,12.848087310791016
2008-06-16,23.71788215637207,23.414827346801758,23.51915740966797,23.663232803344727,2216000.0,12.802391052246094
2008-06-17,24.10042953491211,23.633424758911133,23.727819442749023,23.668201446533203,2563400.0,12.805079460144043
2008-06-18,23.876863479614258,23.548965454101562,23.58871078491211,23.722850799560547,2665200.0,12.834646224975586
2008-06-19,24.105398178100586,23.499284744262695,23.663232803344727,24.055715560913086,1935700.0,13.014734268188477
2008-06-20,24.105398178100586,23.10183334350586,23.86195945739746,23.737754821777344,3373000.0,12.8427095413208
2008-06-23,23.852022171020508,23.583744049072266,23.852022171020508,23.787437438964844,3494000.0,12.869588851928711
2008-06-24,23.847055435180664,23.37508201599121,23.61355209350586,23.489349365234375,3933600.0,12.708313941955566
2008-06-25,24.085525512695312,23.474443435668945,23.58871078491211,23.92157745361328,1776000.0,12.942164421081543
2008-06-26,23.678138732910156,23.265783309936523,23.558902740478516,23.355209350585938,3870600.0,12.635746955871582
2008-06-27,23.4694766998291,23.062089920043945,23.365144729614258,23.275718688964844,3775000.0,12.592738151550293
2008-06-30,23.365144729614258,22.575212478637695,23.355209350585938,23.270750045776367,4265700.0,12.590051651000977
2008-07-01,23.63839340209961,22.88820457458496,23.136611938476562,23.449604034423828,5093400.0,12.686810493469238
2008-07-02,23.807310104370117,23.360177993774414,23.4694766998291,23.534061431884766,3306100.0,12.732507705688477
2008-07-03,24.055715560913086,23.628456115722656,23.688074111938477,23.807310104370117,1445500.0,12.880339622497559
2008-07-07,24.259408950805664,23.50922203063965,23.668201446533203,23.822214126586914,2969800.0,12.888401985168457
2008-07-08,24.16004753112793,23.678138732910156,23.678138732910156,24.16004753112793,2576700.0,13.071182250976562
2008-07-09,24.304122924804688,23.737754821777344,24.13520622253418,23.77750015258789,2245000.0,12.864214897155762
2008-07-10,24.001066207885742,23.394954681396484,23.82718276977539,23.678138732910156,3019300.0,12.810455322265625
2008-07-11,23.514188766479492,22.937885284423828,23.399921417236328,23.042217254638672,2315400.0,12.466403007507324
2008-07-14,22.58017921447754,21.581584930419922,21.586551666259766,22.053556442260742,6272300.0,11.93151569366455
2008-07-15,22.28209114074707,21.671010971069336,21.839927673339844,21.988971710205078,3239300.0,11.896570205688477
2008-07-16,22.525529861450195,21.800182342529297,21.899545669555664,22.5106258392334,2836200.0,12.178807258605957
2008-07-17,23.19622802734375,22.34170913696289,22.585147857666016,23.047183990478516,2086800.0,12.469096183776855
2008-07-18,23.146547317504883,22.560306549072266,23.042217254638672,22.94782257080078,2301300.0,12.415337562561035
2008-07-21,23.017375946044922,22.684511184692383,22.992534637451172,22.833555221557617,1724900.0,12.353513717651367
2008-07-22,23.62348747253418,22.704383850097656,22.714319229125977,23.62348747253418,2288500.0,12.780888557434082
2008-07-23,24.274314880371094,23.454572677612305,23.698009490966797,24.26437759399414,3293500.0,13.127625465393066
2008-07-24,24.25444221496582,23.156482696533203,24.25444221496582,23.166419982910156,3003000.0,12.533602714538574
2008-07-25,23.489349365234375,23.062089920043945,23.389986038208008,23.270750045776367,1752900.0,12.590051651000977
2008-07-28,23.365144729614258,22.813682556152344,23.260814666748047,22.813682556152344,1619600.0,12.342763900756836
2008-07-29,23.50922203063965,22.609989166259766,22.609989166259766,23.429731369018555,3192500.0,12.676061630249023
2008-07-30,23.95635414123535,23.4197940826416,23.548965454101562,23.911640167236328,1571300.0,12.936785697937012
2008-07-31,23.97125816345215,23.429731369018555,23.847055435180664,23.534061431884766,1783300.0,12.732507705688477
2008-08-01,23.67317008972168,23.09189796447754,23.49431610107422,23.305526733398438,2316200.0,12.608864784240723
2008-08-04,23.44463539123535,22.763999938964844,23.235973358154297,23.166419982910156,1679400.0,12.533602714538574
2008-08-05,23.74272346496582,23.081960678100586,23.37508201599121,23.74272346496582,2152800.0,12.845398902893066
2008-08-06,22.918012619018555,22.157888412475586,22.823617935180664,22.729223251342773,4335900.0,12.297067642211914
2008-08-07,22.868331909179688,22.525529861450195,22.525529861450195,22.62986183166504,3221800.0,12.243314743041992
2008-08-08,23.121706008911133,22.356613159179688,22.356613159179688,23.111770629882812,1505600.0,12.504036903381348
2008-08-11,23.310495376586914,22.585147857666016,22.977630615234375,22.739160537719727,2259200.0,12.302448272705078
2008-08-12,23.10183334350586,22.565275192260742,22.808713912963867,23.037248611450195,1540100.0,12.463715553283691
2008-08-13,23.936481475830078,22.952789306640625,23.10183334350586,23.698009490966797,3662000.0,12.821208953857422
2008-08-14,24.368709564208984,23.399921417236328,23.51915740966797,24.353803634643555,2481100.0,13.176007270812988
2008-08-15,24.52768898010254,23.89673614501953,24.353803634643555,24.080556869506836,1997200.0,13.028173446655273
2008-08-18,24.070621490478516,23.50922203063965,24.00603485107422,23.653297424316406,1539900.0,12.797019004821777
2008-08-19,23.653297424316406,23.012407302856445,23.653297424316406,23.12667465209961,1464400.0,12.512099266052246
2008-08-20,23.44463539123535,22.9726619720459,23.121706008911133,23.191261291503906,1235700.0,12.54704475402832
2008-08-21,23.504253387451172,22.85342788696289,22.85342788696289,23.4843807220459,1116600.0,12.705626487731934
2008-08-22,23.847055435180664,23.414827346801758,23.4843807220459,23.817245483398438,1054500.0,12.885717391967773
2008-08-25,23.822214126586914,23.454572677612305,23.737754821777344,23.499284744262695,1342400.0,12.713690757751465
2008-08-26,23.539030075073242,23.23100471496582,23.449604034423828,23.414827346801758,1080600.0,12.667998313903809
2008-08-27,23.76756477355957,23.2210693359375,23.320432662963867,23.568838119506836,1303000.0,12.751322746276855
2008-08-28,24.179920196533203,23.608583450317383,23.668201446533203,23.9315128326416,1911500.0,12.947540283203125
2008-08-29,23.782468795776367,23.31546401977539,23.782468795776367,23.365144729614258,1730500.0,12.641119003295898
2008-09-02,23.847055435180664,22.754064559936523,23.45953941345215,22.808713912963867,3272400.0,12.340076446533203
2008-09-03,22.843490600585938,22.391389846801758,22.719287872314453,22.60502052307129,2835600.0,12.229873657226562
2008-09-04,22.530498504638672,22.013813018798828,22.530498504638672,22.018779754638672,1491800.0,11.912703514099121
2008-09-05,22.10820770263672,21.695852279663086,21.72566032409668,21.969099044799805,1469800.0,11.885823249816895
2008-09-08,22.893173217773438,22.247314453125,22.465911865234375,22.585147857666016,2447700.0,12.219120979309082
2008-09-09,22.89813995361328,21.909481048583984,22.669607162475586,21.919418334960938,2596000.0,11.8589448928833
2008-09-10,22.34170913696289,21.88960838317871,22.157888412475586,22.12807846069336,2030200.0,11.97183609008789
2008-09-11,22.326805114746094,21.75050163269043,21.899545669555664,22.28209114074707,1785500.0,12.055159568786621
2008-09-12,22.550371170043945,22.063493728637695,22.078397750854492,22.41126251220703,2148600.0,12.125039100646973
2008-09-15,22.54540252685547,21.76043701171875,21.869735717773438,21.76043701171875,2107900.0,11.772931098937988
2008-09-16,21.964130401611328,21.218910217285156,21.412668228149414,21.685914993286133,3449700.0,11.73261547088623
2008-09-17,21.825023651123047,20.448848724365234,21.29840087890625,20.448848724365234,2745300.0,11.063332557678223
2008-09-18,21.278528213500977,20.245155334472656,20.75190544128418,21.174196243286133,3405400.0,11.455758094787598
2008-09-19,22.262218475341797,20.77674674987793,20.77674674987793,21.626296997070312,2708300.0,11.700361251831055
2008-09-22,21.59648895263672,20.712160110473633,21.23878288269043,20.732032775878906,1475200.0,11.216541290283203
2008-09-23,21.30833625793457,20.433944702148438,20.980440139770508,20.493562698364258,1603100.0,11.087520599365234
2008-09-24,20.801586151123047,20.279932022094727,20.44388198852539,20.652542114257812,1483300.0,11.17353343963623
2008-09-25,21.184133529663086,20.72706413269043,20.8115234375,20.955598831176758,1733100.0,11.337494850158691
2008-09-26,21.015216827392578,20.558147430419922,20.558147430419922,20.970502853393555,1294800.0,11.345558166503906
2008-09-29,20.945663452148438,19.51483917236328,20.68235206604004,19.653947830200195,2207800.0,10.633270263671875
2008-09-30,20.046430587768555,19.13726043701172,19.922225952148438,19.96693992614746,2869600.0,10.802605628967285
2008-10-01,20.021589279174805,19.529743194580078,19.87254524230957,19.882482528686523,2036200.0,10.756915092468262
2008-10-02,19.882482528686523,19.206815719604492,19.693693161010742,19.206815719604492,1604100.0,10.391362190246582
2008-10-03,19.44528579711914,18.327455520629883,19.375732421875,18.337390899658203,2687600.0,9.920979499816895
2008-10-06,18.098920822143555,16.981090545654297,17.964780807495117,17.289113998413086,3206100.0,9.353837966918945
2008-10-07,17.6269474029541,16.509117126464844,17.448095321655273,16.52402114868164,3442900.0,8.939903259277344
2008-10-08,16.9661865234375,16.09676170349121,16.09676170349121,16.16631507873535,3301700.0,8.74637508392334
2008-10-09,16.59357452392578,15.242242813110352,16.449499130249023,15.242242813110352,3263900.0,8.246427536010742
2008-10-10,15.346572875976562,13.756769180297852,14.745429039001465,14.700715065002441,4369300.0,7.95344877243042
2008-10-13,16.1911563873291,14.884536743164062,15.431031227111816,16.13153839111328,3669300.0,8.727559089660645
2008-10-14,18.46159553527832,16.171283721923828,16.6680965423584,16.673065185546875,4005300.0,9.020537376403809
2008-10-15,16.41969108581543,15.58007526397705,16.260709762573242,15.58007526397705,4974800.0,8.429203987121582
2008-10-16,16.196125030517578,14.50199031829834,15.6049165725708,16.161348342895508,3865700.0,8.74368953704834
2008-10-17,16.469371795654297,15.212433815002441,15.93281364440918,15.704278945922852,2511700.0,8.4964017868042
2008-10-20,16.404787063598633,15.724151611328125,15.724151611328125,16.404787063598633,2037100.0,8.875391006469727
2008-10-21,16.469371795654297,15.893068313598633,16.116634368896484,15.942749977111816,1962100.0,8.625422477722168
2008-10-22,15.535362243652344,13.389127731323242,15.495616912841797,13.692183494567871,7074000.0,7.407808780670166
2008-10-23,13.910781860351562,12.98173999786377,13.721992492675781,13.811419486999512,6830100.0,7.472318172454834
2008-10-24,14.025049209594727,12.892313957214355,12.892313957214355,13.717024803161621,4089800.0,7.421246528625488
2008-10-27,13.98033618927002,13.190402030944824,13.523266792297363,13.488490104675293,2859300.0,7.297605514526367
2008-10-28,14.983899116516113,13.65243911743164,13.9207181930542,14.983899116516113,3524700.0,8.106658935546875
2008-10-29,15.063389778137207,13.895877838134766,15.063389778137207,13.900845527648926,6309700.0,7.520698547363281
2008-10-30,14.511926651000977,14.030016899108887,14.313200950622559,14.213838577270508,3814600.0,7.690035343170166
2008-10-31,15.167719841003418,14.208869934082031,14.323137283325195,14.983899116516113,2768700.0,8.106658935546875
2008-11-03,15.793705940246582,14.775237083435059,15.654597282409668,15.748991966247559,3835800.0,8.520591735839844
2008-11-04,16.409753799438477,15.748991966247559,16.047080993652344,16.38491439819336,4275300.0,8.864643096923828
2008-11-05,16.285551071166992,15.401223182678223,16.196125030517578,15.431031227111816,2406000.0,8.3485689163208
2008-11-06,15.58007526397705,14.695747375488281,15.291923522949219,14.795109748840332,3618600.0,8.004520416259766
2008-11-07,15.629756927490234,14.795109748840332,14.954090118408203,15.262114524841309,2420300.0,8.257177352905273
2008-11-10,15.863259315490723,14.834855079650879,15.555234909057617,15.152815818786621,2949700.0,8.19804573059082
2008-11-11,15.147848129272461,14.357913970947266,14.939186096191406,14.621225357055664,2270100.0,7.910443305969238
2008-11-12,14.685811042785645,13.846196174621582,14.347977638244629,13.895877838134766,2358000.0,7.518012523651123
2008-11-13,15.192561149597168,13.518299102783203,13.697152137756348,15.192561149597168,4327100.0,8.219550132751465
2008-11-14,15.043517112731934,14.10950756072998,14.909377098083496,14.174093246459961,3416500.0,7.668534755706787
2008-11-17,14.258551597595215,13.632566452026367,13.975367546081543,13.831291198730469,2443600.0,7.483067989349365
2008-11-18,14.193965911865234,13.394095420837402,13.786578178405762,13.885941505432129,2821600.0,7.512635707855225
2008-11-19,14.203902244567871,13.01154899597168,13.851163864135742,13.021485328674316,2449700.0,7.04494571685791
2008-11-20,13.120847702026367,12.03779411315918,12.971803665161133,12.12722110748291,5067700.0,6.561123847961426
2008-11-21,12.917154312133789,11.888750076293945,12.03779411315918,12.917154312133789,3927100.0,6.988499164581299
2008-11-24,13.428872108459473,12.693588256835938,13.125816345214844,13.210274696350098,3981200.0,7.147084712982178
2008-11-25,13.62759780883789,12.951931953430176,13.418936729431152,13.389127731323242,4116100.0,7.243846893310547
2008-11-26,13.508362770080566,12.991676330566406,13.13575267791748,13.418936729431152,4448700.0,7.259974479675293
2008-11-28,13.861100196838379,13.279828071594238,13.324542045593262,13.841227531433105,2772200.0,7.488444805145264
2008-12-01,13.702119827270508,12.658811569213867,13.567980766296387,12.658811569213867,2285700.0,6.848729610443115
2008-12-02,13.781610488891602,12.832695960998535,12.862504959106445,13.741865158081055,4292100.0,7.434688568115234
2008-12-03,14.253582954406738,13.195369720458984,13.314605712890625,14.169124603271484,3308000.0,7.665844917297363
2008-12-04,14.427468299865723,13.418936729431152,13.970399856567383,13.682247161865234,2361000.0,7.402432441711426
2008-12-05,14.43740463256836,13.120847702026367,13.523266792297363,14.323137283325195,2811000.0,7.749168872833252
2008-12-08,15.237274169921875,14.621225357055664,14.621225357055664,15.018675804138184,2640700.0,8.125473976135254
2008-12-09,15.147848129272461,14.715620040893555,14.944153785705566,14.859695434570312,3557500.0,8.039462089538574
2008-12-10,15.465808868408203,14.680843353271484,14.99383544921875,15.162752151489258,1673100.0,8.203423500061035
2008-12-11,15.594980239868164,14.854727745056152,15.02364444732666,15.0931978225708,2550000.0,8.165793418884277
2008-12-12,15.565171241760254,14.47218132019043,14.755365371704102,15.565171241760254,3720800.0,8.421140670776367
2008-12-15,15.898036003112793,15.157784461975098,15.565171241760254,15.455872535705566,1845500.0,8.362009048461914
2008-12-16,16.091793060302734,15.321732521057129,15.624789237976074,16.091793060302734,2546200.0,8.706056594848633
2008-12-17,16.59357452392578,15.724151611328125,15.893068313598633,16.280582427978516,2536900.0,8.808197021484375
2008-12-18,16.9661865234375,16.280582427978516,16.35013771057129,16.767459869384766,2746400.0,9.071609497070312
2008-12-19,17.33382797241211,16.439563751220703,16.861854553222656,16.469371795654297,4228500.0,8.9103364944458
2008-12-22,16.6680965423584,15.927845001220703,16.484275817871094,16.26567840576172,1877100.0,8.800130844116211
2008-12-23,16.57370376586914,15.391286849975586,16.54886245727539,15.659565925598145,3658800.0,8.472211837768555
2008-12-24,15.888099670410156,15.51052188873291,15.773833274841309,15.808609962463379,1177500.0,8.552848815917969
2008-12-26,16.13153839111328,15.753960609436035,15.888099670410156,16.12160301208496,4861900.0,8.722185134887695
2008-12-29,16.55879783630371,16.007335662841797,16.12160301208496,16.55879783630371,5879700.0,8.958719253540039
2008-12-30,16.981090545654297,16.424659729003906,16.732683181762695,16.841981887817383,4403400.0,9.111926078796387
2008-12-31,17.562362670898438,16.88172721862793,16.88172721862793,17.458030700683594,2311800.0,9.44522476196289
2009-01-02,18.59076690673828,17.408349990844727,17.621978759765625,18.431785583496094,3452700.0,9.972049713134766
2009-01-05,18.819299697875977,18.17841148376465,18.242996215820312,18.660320281982422,5197400.0,10.095695495605469
2009-01-06,19.817895889282227,18.580829620361328,18.82923698425293,19.6390438079834,7825700.0,10.625202178955078
2009-01-07,19.485031127929688,18.466562271118164,19.485031127929688,18.824268341064453,9006900.0,10.184395790100098
2009-01-08,18.70006561279297,18.183378219604492,18.70006561279297,18.277772903442383,6297800.0,9.888726234436035
2009-01-09,18.34235954284668,17.885290145874023,18.30758285522461,18.064144134521484,4780100.0,9.77314567565918
2009-01-12,18.267837524414062,17.756118774414062,18.133697509765625,17.91510009765625,3054100.0,9.692513465881348
2009-01-13,18.695096969604492,17.910131454467773,17.939939498901367,18.54108428955078,4603400.0,10.031185150146484
2009-01-14,18.387073516845703,17.542490005493164,18.347328186035156,17.73624610900879,4524900.0,9.595746994018555
2009-01-15,18.37713623046875,17.443126678466797,17.76108741760254,18.21318817138672,3868700.0,9.853782653808594
2009-01-16,18.491403579711914,17.83064079284668,18.491403579711914,18.372167587280273,3338800.0,9.93979549407959
2009-01-20,18.41191291809082,17.40338134765625,17.944908142089844,17.482872009277344,4134300.0,9.45866584777832
2009-01-21,18.292678833007812,17.423254013061523,17.711406707763672,18.21318817138672,3149400.0,9.853782653808594
2009-01-22,18.6007022857666,17.681596755981445,17.86541748046875,18.228092193603516,3270700.0,9.861847877502441
2009-01-23,18.00949478149414,17.59217071533203,17.88032341003418,17.860450744628906,3333400.0,9.662945747375488
2009-01-26,18.560956954956055,17.964780807495117,17.98465347290039,18.228092193603516,2501600.0,9.861847877502441
2009-01-27,18.938535690307617,18.218156814575195,18.218156814575195,18.779556274414062,2562800.0,10.160202980041504
2009-01-28,19.296241760253906,18.903759002685547,19.037899017333984,19.107452392578125,2314800.0,10.337600708007812
2009-01-29,19.1124210357666,18.22312355041504,19.057771682739258,18.292678833007812,3138500.0,9.896791458129883
2009-01-30,18.849109649658203,18.10388946533203,18.387073516845703,18.302614212036133,3260700.0,9.902166366577148
2009-02-02,18.878917694091797,17.8902587890625,18.6156063079834,18.70006561279297,3843400.0,10.117194175720215
2009-02-03,19.172039031982422,18.332422256469727,18.352294921875,19.1124210357666,3051100.0,10.340287208557129
2009-02-04,19.400571823120117,18.82923698425293,19.181974411010742,18.878917694091797,4104900.0,10.213959693908691
2009-02-05,19.38566780090332,18.62554359436035,18.764650344848633,19.271400451660156,3121400.0,10.426299095153809
2009-02-06,20.11101531982422,19.226688385009766,19.29127311706543,20.07623863220215,4182600.0,10.861740112304688
2009-02-09,20.11101531982422,19.634075164794922,20.106048583984375,20.006685256958008,1774200.0,10.824108123779297
2009-02-10,20.215347290039062,19.092548370361328,19.986812591552734,19.286304473876953,2988000.0,10.434366226196289
2009-02-11,20.210378646850586,19.405540466308594,19.822864532470703,20.016620635986328,3781200.0,10.829486846923828
2009-02-12,20.309741973876953,19.286304473876953,19.678787231445312,19.728469848632812,4168500.0,10.67358684539795
2009-02-13,20.081207275390625,19.64897918701172,19.728469848632812,19.663883209228516,2700700.0,10.638642311096191
2009-02-17,19.301210403442383,18.79446029663086,19.206815719604492,18.859045028686523,3258800.0,10.203208923339844
2009-02-18,19.02796173095703,18.719938278198242,18.94847297668457,18.819299697875977,2651800.0,10.181703567504883
2009-02-19,19.157133102416992,18.228092193603516,18.819299697875977,18.30758285522461,2456900.0,9.904850959777832
2009-02-20,18.421850204467773,17.954845428466797,17.964780807495117,18.203250885009766,2427800.0,9.848408699035645
2009-02-23,18.585798263549805,17.433191299438477,18.27280616760254,17.477903366088867,3363100.0,9.455977439880371
2009-02-24,17.954845428466797,17.279178619384766,17.661724090576172,17.850513458251953,2927500.0,9.657567977905273
2009-02-25,17.800832748413086,17.15497398376465,17.746183395385742,17.398412704467773,3548500.0,9.412965774536133
2009-02-26,17.661724090576172,17.07051658630371,17.621978759765625,17.115230560302734,3249800.0,9.259760856628418
2009-02-27,17.607074737548828,16.59357452392578,16.936376571655273,17.259305953979492,3483100.0,9.337706565856934
2009-03-02,17.244401931762695,16.876758575439453,16.94134521484375,16.98605728149414,4975100.0,9.189874649047852
2009-03-03,17.313955307006836,16.6531925201416,17.194719314575195,16.971153259277344,4796300.0,9.181809425354004
2009-03-04,18.302614212036133,17.090389251708984,17.120197296142578,17.999557495117188,6074400.0,9.738204956054688
2009-03-05,17.870386123657227,16.861854553222656,17.656757354736328,16.981090545654297,3637100.0,9.187190055847168
2009-03-06,17.289113998413086,16.101730346679688,16.961217880249023,16.315359115600586,4939500.0,8.827011108398438
2009-03-09,16.424659729003906,15.848355293273926,16.106698989868164,15.93778133392334,4537800.0,8.622732162475586
2009-03-10,16.211029052734375,15.455872535705566,15.848355293273926,16.2060604095459,5609400.0,8.767878532409668
2009-03-11,16.673065185546875,16.09676170349121,16.330265045166016,16.533958435058594,4083500.0,8.94527816772461
2009-03-12,17.458030700683594,16.469371795654297,16.469371795654297,17.423254013061523,4061800.0,9.426409721374512
2009-03-13,17.621978759765625,17.24936866760254,17.448095321655273,17.58223533630371,3628400.0,9.512422561645508
2009-03-16,17.73624610900879,17.04567527770996,17.73624610900879,17.08045196533203,3693800.0,9.240946769714355
2009-03-17,17.537521362304688,16.971153259277344,17.159942626953125,17.537521362304688,1917800.0,9.488228797912598
2009-03-18,18.1386661529541,17.388477325439453,17.572298049926758,17.95981216430664,2539700.0,9.716699600219727
2009-03-19,18.00949478149414,17.542490005493164,17.930004119873047,17.597139358520508,2496800.0,9.520486831665039
2009-03-20,17.885290145874023,17.294082641601562,17.66669273376465,17.33382797241211,2796700.0,9.37802791595459
2009-03-23,18.57586097717285,17.47293472290039,17.70146942138672,18.57586097717285,2664100.0,10.049995422363281
2009-03-24,18.6007022857666,18.098920822143555,18.347328186035156,18.118793487548828,2050300.0,9.802715301513672
2009-03-25,18.466562271118164,17.805801391601562,18.183378219604492,18.242996215820312,2013400.0,9.86991024017334
2009-03-26,18.938535690307617,18.28274154663086,18.372167587280273,18.779556274414062,2360500.0,10.160202980041504
2009-03-27,18.49637222290039,17.994590759277344,18.49637222290039,18.093952178955078,2297400.0,9.78927230834961
2009-03-30,18.233060836791992,17.29905128479004,17.76108741760254,18.22312355041504,2328400.0,9.859156608581543
2009-03-31,18.62554359436035,18.143634796142578,18.292678833007812,18.302614212036133,1852100.0,9.902166366577148
2009-04-01,18.73484230041504,17.91510009765625,18.07904815673828,18.670255661010742,1869000.0,10.101064682006836
2009-04-02,19.688724517822266,18.844141006469727,19.067707061767578,19.494966506958008,2815600.0,10.547255516052246
2009-04-03,19.996747970581055,19.44528579711914,19.460189819335938,19.947067260742188,2700900.0,10.791855812072754
2009-04-06,20.12592124938965,19.44528579711914,20.12592124938965,19.758277893066406,2215700.0,10.689715385437012
2009-04-07,19.658916473388672,18.908727645874023,19.529743194580078,19.29127311706543,2613300.0,10.437052726745605
2009-04-08,19.092548370361328,18.560956954956055,18.560956954956055,18.88885498046875,2568200.0,10.21933650970459
2009-04-09,19.425413131713867,18.988216400146484,19.1273250579834,19.415477752685547,2032400.0,10.504250526428223
2009-04-13,19.34095573425293,18.834205627441406,19.216751098632812,19.08757972717285,1859700.0,10.326851844787598
2009-04-14,19.1273250579834,18.680192947387695,18.938535690307617,18.739810943603516,1334400.0,10.138696670532227
2009-04-15,18.824268341064453,18.37713623046875,18.824268341064453,18.501338958740234,2120900.0,10.009683609008789
2009-04-16,18.809364318847656,18.451658248901367,18.466562271118164,18.660320281982422,3440700.0,10.095695495605469
2009-04-17,19.047834396362305,18.630512237548828,18.670255661010742,18.868982315063477,3095800.0,10.208582878112793
2009-04-20,18.645416259765625,18.262868881225586,18.610639572143555,18.297645568847656,1687600.0,9.899476051330566
2009-04-21,18.551021575927734,18.198284149169922,18.208219528198242,18.46159553527832,1581800.0,9.988177299499512
2009-04-22,18.714969635009766,18.168474197387695,18.312551498413086,18.30758285522461,1768200.0,9.904850959777832
2009-04-23,18.357263565063477,17.860450744628906,18.262868881225586,18.302614212036133,1723400.0,9.902166366577148
2009-04-24,18.6007022857666,18.267837524414062,18.392040252685547,18.416881561279297,1836600.0,9.96398639678955
2009-04-27,18.551021575927734,18.16350746154785,18.198284149169922,18.352294921875,2062800.0,9.929041862487793
2009-04-28,18.65038299560547,18.18834686279297,18.228092193603516,18.501338958740234,1494700.0,10.009683609008789
2009-04-29,19.286304473876953,18.655351638793945,18.670255661010742,19.132293701171875,1568900.0,10.351042747497559
2009-04-30,19.047834396362305,18.292678833007812,19.003122329711914,18.362232208251953,3387800.0,9.934420585632324
2009-05-01,18.431785583496094,17.98465347290039,18.37713623046875,18.431785583496094,2860400.0,9.972049713134766
2009-05-04,18.883886337280273,18.25790023803711,18.580829620361328,18.814332962036133,2869800.0,10.179018020629883
2009-05-05,18.83917236328125,18.630512237548828,18.819299697875977,18.774587631225586,1913900.0,10.157513618469238
2009-05-06,19.057771682739258,18.799428939819336,18.943504333496094,18.98324966430664,1363000.0,10.270405769348145
2009-05-07,19.147197723388672,18.59076690673828,19.10248374938965,18.67522430419922,2284200.0,10.103757858276367
2009-05-08,18.973312377929688,18.451658248901367,18.80439567565918,18.620574951171875,2169100.0,10.074188232421875
2009-05-11,18.85407829284668,18.24796485900879,18.426816940307617,18.64044761657715,1567300.0,10.084942817687988
2009-05-12,18.76961898803711,18.347328186035156,18.75968360900879,18.580829620361328,1370600.0,10.05268669128418
2009-05-13,18.387073516845703,17.905162811279297,18.387073516845703,17.95981216430664,1634800.0,9.716699600219727
2009-05-14,18.24796485900879,17.939939498901367,17.994590759277344,18.118793487548828,1331400.0,9.802715301513672
2009-05-15,18.252933502197266,17.954845428466797,18.118793487548828,18.029367446899414,1782300.0,9.754332542419434
2009-05-18,18.486434936523438,18.04427146911621,18.1535701751709,18.486434936523438,1476500.0,10.001615524291992
2009-05-19,18.62554359436035,18.287710189819336,18.43675422668457,18.441722869873047,1348300.0,9.977428436279297
2009-05-20,18.878917694091797,18.382104873657227,18.551021575927734,18.456626892089844,2519600.0,9.985488891601562
2009-05-21,20.02655792236328,18.82923698425293,19.07764434814453,19.84770393371582,7890600.0,10.7380952835083
2009-05-22,19.902355194091797,19.64897918701172,19.84770393371582,19.75330924987793,2241200.0,10.687026977539062
2009-05-26,21.00031280517578,19.76821517944336,19.76821517944336,20.925790786743164,3688100.0,11.321366310119629
2009-05-27,21.17916488647461,20.677383422851562,20.851268768310547,20.791650772094727,2867200.0,11.248794555664062
2009-05-28,21.10961151123047,20.448848724365234,21.089738845825195,20.761842727661133,2279200.0,11.232666969299316
2009-05-29,21.13445281982422,20.59789276123047,20.722097396850586,21.094707489013672,2479300.0,11.412755966186523
2009-06-01,21.9840030670166,21.189102172851562,21.189102172851562,21.934322357177734,2537300.0,11.867010116577148
2009-06-02,22.028717041015625,21.601457595825195,21.84489631652832,21.780309677124023,2863700.0,11.783684730529785
2009-06-03,21.745532989501953,21.233814239501953,21.745532989501953,21.526935577392578,1691100.0,11.646601676940918
2009-06-04,21.775341033935547,21.412668228149414,21.57164764404297,21.720691680908203,1348100.0,11.75143051147461
2009-06-05,22.123111724853516,21.705787658691406,21.82999038696289,21.825023651123047,1974500.0,11.807875633239746
2009-06-08,21.93929100036621,21.467317581176758,21.75050163269043,21.775341033935547,1291000.0,11.780997276306152
2009-06-09,21.988971710205078,21.62133026123047,21.884639739990234,21.705787658691406,1610700.0,11.743365287780762
2009-06-10,22.013813018798828,21.482221603393555,21.859800338745117,21.869735717773438,1619400.0,11.832066535949707
2009-06-11,22.43610382080078,21.859800338745117,21.88960838317871,22.17776107788086,2661600.0,11.9987154006958
2009-06-12,22.416231155395508,21.909481048583984,22.386423110961914,22.351646423339844,2282200.0,12.092789649963379
2009-06-15,22.23737907409668,21.69088363647461,22.113174438476562,21.988971710205078,2244800.0,11.896570205688477
2009-06-16,22.12807846069336,21.591520309448242,22.12807846069336,21.69088363647461,1938100.0,11.73530387878418
2009-06-17,22.15291976928711,21.586551666259766,21.705787658691406,22.073429107666016,2218100.0,11.94227123260498
2009-06-18,22.33177375793457,21.800182342529297,22.157888412475586,22.202600479125977,1954700.0,12.012155532836914
2009-06-19,22.406295776367188,21.661073684692383,22.311901092529297,21.805150985717773,3314700.0,11.79712200164795
2009-06-22,21.7852783203125,21.16922950744629,21.720691680908203,21.20400619506836,2163300.0,11.471887588500977
2009-06-23,21.348081588745117,21.040058135986328,21.348081588745117,21.154325485229492,1618600.0,11.445011138916016
2009-06-24,21.636234283447266,21.23878288269043,21.372922897338867,21.39279556274414,2176400.0,11.574028015136719
2009-06-25,21.556743621826172,21.174196243286133,21.288463592529297,21.516998291015625,1624200.0,11.641225814819336
2009-06-26,21.75050163269043,21.293432235717773,21.457380294799805,21.675979614257812,1782000.0,11.727239608764648
2009-06-29,21.954195022583008,21.502094268798828,21.651138305664062,21.909481048583984,1374900.0,11.853565216064453
2009-06-30,22.113174438476562,21.641202926635742,21.92438507080078,22.00884437561035,2393900.0,11.907325744628906
2009-07-01,22.301963806152344,21.849863052368164,22.088335037231445,22.207569122314453,2025400.0,12.014842987060547
2009-07-02,22.10820770263672,21.740564346313477,22.10820770263672,21.76043701171875,2350400.0,11.772931098937988
2009-07-06,21.82999038696289,21.472286224365234,21.76043701171875,21.705787658691406,1720900.0,11.743365287780762
2009-07-07,21.720691680908203,21.199037551879883,21.720691680908203,21.218910217285156,1902300.0,11.479954719543457
2009-07-08,21.382858276367188,20.707191467285156,21.223878860473633,20.955598831176758,2776500.0,11.337494850158691
2009-07-09,21.29840087890625,20.90591812133789,21.13445281982422,21.194068908691406,1667900.0,11.466514587402344
2009-07-10,21.30833625793457,20.980440139770508,21.079803466796875,21.199037551879883,2022100.0,11.46920394897461
2009-07-13,21.586551666259766,21.040058135986328,21.208974838256836,21.586551666259766,1376900.0,11.67885684967041
2009-07-14,21.730628967285156,21.422603607177734,21.56171226501465,21.72566032409668,1275800.0,11.75411605834961
2009-07-15,22.147951126098633,21.502094268798828,21.65610694885254,22.147951126098633,2565000.0,11.982587814331055
2009-07-16,22.619924545288086,21.969099044799805,22.028717041015625,22.565275192260742,1638600.0,12.208369255065918
2009-07-17,22.590116500854492,22.321836471557617,22.53546714782715,22.550371170043945,1420600.0,12.20030689239502
2009-07-20,22.85342788696289,22.575212478637695,22.63979721069336,22.83852195739746,1404300.0,12.356203079223633
2009-07-21,23.206165313720703,22.80374526977539,23.05712127685547,23.18629264831543,2213000.0,12.544353485107422
2009-07-22,23.265783309936523,22.85342788696289,22.85342788696289,23.06705665588379,1587800.0,12.479846954345703
2009-07-23,23.380050659179688,22.883235931396484,23.042217254638672,23.380050659179688,2154300.0,12.649184226989746
2009-07-24,23.35024070739746,23.027311325073242,23.15151596069336,23.265783309936523,1384700.0,12.587362289428711
2009-07-27,23.404890060424805,23.042217254638672,23.28068733215332,23.265783309936523,1535200.0,12.587362289428711
2009-07-28,23.80234146118164,23.23100471496582,23.285655975341797,23.70794677734375,2213800.0,12.826581954956055
2009-07-29,23.916608810424805,23.573806762695312,23.678138732910156,23.822214126586914,2354500.0,12.888401985168457
2009-07-30,24.378644943237305,23.792404174804688,23.98119354248047,24.085525512695312,2437800.0,13.030864715576172
2009-07-31,24.343868255615234,23.886798858642578,24.04081153869629,23.9315128326416,1710000.0,12.947540283203125
2009-08-03,24.184886932373047,23.658266067504883,24.184886932373047,24.150110244750977,2370000.0,13.065801620483398
2009-08-04,24.279281616210938,24.055715560913086,24.155078887939453,24.224632263183594,1410800.0,13.106121063232422
2009-08-05,24.343868255615234,24.04081153869629,24.26437759399414,24.11036491394043,1870800.0,13.044301986694336
2009-08-06,24.239538192749023,23.752660751342773,24.130237579345703,24.16998291015625,2283100.0,13.076553344726562
2009-08-07,24.82080841064453,24.105398178100586,24.473039627075195,24.567434310913086,4600000.0,13.291586875915527
2009-08-10,24.815841674804688,24.487943649291992,24.522720336914062,24.701574325561523,3103200.0,13.364158630371094
2009-08-11,24.701574325561523,24.319026947021484,24.651891708374023,24.328964233398438,2082600.0,13.162569999694824
2009-08-12,24.9201717376709,24.353803634643555,24.368709564208984,24.815841674804688,3992100.0,13.425982475280762
2009-08-13,24.97978973388672,24.72641372680664,24.840681076049805,24.95494842529297,1955900.0,13.501241683959961
2009-08-14,24.999662399291992,24.512784957885742,24.890363693237305,24.671764373779297,2139100.0,13.348030090332031
2009-08-17,24.52768898010254,24.06565284729004,24.50284767150879,24.105398178100586,1786300.0,13.041614532470703
2009-08-18,24.269346237182617,23.97125816345215,24.269346237182617,24.070621490478516,1893100.0,13.02280044555664
2009-08-19,24.478008270263672,23.757627487182617,23.82718276977539,24.373676300048828,1728500.0,13.18675708770752
2009-08-20,24.463104248046875,24.155078887939453,24.413421630859375,24.279281616210938,1024400.0,13.135687828063965
2009-08-21,24.71647834777832,24.25444221496582,24.29915428161621,24.68170166015625,1856500.0,13.353407859802246
2009-08-24,24.840681076049805,24.557498931884766,24.761192321777344,24.676733016967773,1358100.0,13.350719451904297
2009-08-25,24.964885711669922,24.627052307128906,24.840681076049805,24.81087303161621,1728300.0,13.423290252685547
2009-08-26,25.044374465942383,24.761192321777344,24.935075759887695,24.890363693237305,1850200.0,13.466303825378418
2009-08-27,24.890363693237305,24.49291229248047,24.890363693237305,24.721446990966797,2431900.0,13.374910354614258
2009-08-28,24.999662399291992,24.59724235534668,24.949981689453125,24.676733016967773,2517700.0,13.350719451904297
2009-08-31,24.58730697631836,24.22960090637207,24.58730697631836,24.269346237182617,1815900.0,13.1303129196167
2009-09-01,24.388582229614258,23.737754821777344,24.199792861938477,23.77750015258789,2434400.0,12.864214897155762
2009-09-02,23.847055435180664,23.529094696044922,23.568838119506836,23.534061431884766,2940500.0,12.732507705688477
2009-09-03,23.832149505615234,23.474443435668945,23.61355209350586,23.817245483398438,2239900.0,12.885717391967773
2009-09-04,24.115333557128906,23.633424758911133,23.92157745361328,24.115333557128906,1527800.0,13.046988487243652
2009-09-08,24.338899612426758,24.050748825073242,24.338899612426758,24.199792861938477,1592500.0,13.092682838439941
2009-09-09,24.64692497253418,24.115333557128906,24.319026947021484,24.522720336914062,2290300.0,13.267395973205566
2009-09-10,24.850618362426758,24.507816314697266,24.59724235534668,24.840681076049805,2159500.0,13.439421653747559
2009-09-11,25.33252716064453,24.84564971923828,24.915203094482422,25.282846450805664,3149100.0,13.678642272949219
2009-09-14,25.824373245239258,25.317623138427734,25.531251907348633,25.769723892211914,3258800.0,13.942056655883789
2009-09-15,25.824373245239258,25.580934524536133,25.635583877563477,25.744882583618164,3166200.0,13.928617477416992
2009-09-16,26.321186065673828,25.754817962646484,25.78462791442871,26.29634666442871,4396700.0,14.226969718933105
2009-09-17,26.24666404724121,25.91876792907715,26.17711067199707,25.958513259887695,1908900.0,14.044196128845215
2009-09-18,26.192014694213867,25.943607330322266,26.02309799194336,26.033035278320312,2083400.0,14.084511756896973
2009-09-21,26.01316261291504,25.481571197509766,25.938640594482422,25.898895263671875,2499800.0,14.011941909790039
2009-09-22,26.132396697998047,25.734947204589844,26.132396697998047,25.834308624267578,2121800.0,13.976998329162598
2009-09-23,25.948575973510742,25.69023323059082,25.85418128967285,25.69023323059082,2086200.0,13.899048805236816
2009-09-24,25.86908531188965,25.402080535888672,25.829341888427734,25.4318904876709,1413500.0,13.759276390075684
2009-09-25,25.541189193725586,25.163610458374023,25.347431182861328,25.233163833618164,1910800.0,13.651762008666992
2009-09-28,26.54475212097168,25.839277267456055,25.839277267456055,26.430484771728516,7170700.0,14.299540519714355
2009-09-29,26.678892135620117,26.36590003967285,26.4056453704834,26.455326080322266,5766900.0,14.312980651855469
2009-09-30,26.599401473999023,25.834308624267578,26.599401473999023,26.18704605102539,2954300.0,14.167838096618652
2009-10-01,26.400676727294922,25.49150848388672,26.167173385620117,25.531251907348633,2216200.0,13.813036918640137
2009-10-02,25.580934524536133,25.163610458374023,25.362335205078125,25.208324432373047,1667500.0,13.638323783874512
2009-10-05,25.49150848388672,25.094057083129883,25.282846450805664,25.456729888916016,1965800.0,13.77271842956543
2009-10-06,25.923734664916992,25.059280395507812,25.059280395507812,25.71507453918457,1820900.0,13.91248893737793
2009-10-07,25.849212646484375,25.436857223510742,25.754817962646484,25.615711212158203,1268400.0,13.858732223510742
2009-10-08,26.276473999023438,25.377241134643555,25.744882583618164,26.062843322753906,1538100.0,14.100641250610352
2009-10-09,26.18704605102539,25.91876792907715,26.052907943725586,26.087684631347656,1566100.0,14.114080429077148
2009-10-12,26.321186065673828,26.077747344970703,26.29634666442871,26.192014694213867,1061900.0,14.170522689819336
2009-10-13,26.276473999023438,25.983352661132812,26.11749267578125,26.192014694213867,1440300.0,14.170522689819336
2009-10-14,27.051502227783203,26.584497451782227,26.73354148864746,27.02169418334961,2845800.0,14.619399070739746
2009-10-15,27.011756896972656,26.41558074951172,26.981948852539062,26.574562072753906,2741500.0,14.37749195098877
2009-10-16,26.514944076538086,25.973417282104492,26.45035743713379,26.36590003967285,2642700.0,14.264602661132812
2009-10-19,26.678892135620117,26.360931396484375,26.480167388916016,26.659019470214844,1882800.0,14.42318344116211
2009-10-20,26.773286819458008,26.182079315185547,26.76831817626953,26.360931396484375,1405900.0,14.261914253234863
2009-10-21,26.66398811340332,26.147300720214844,26.162206649780273,26.18704605102539,2169100.0,14.167838096618652
2009-10-22,26.435453414916992,25.938640594482422,26.162206649780273,26.385772705078125,1498000.0,14.275354385375977
2009-10-23,26.589466094970703,25.66539192199707,26.589466094970703,25.72500991821289,1861000.0,13.917863845825195
2009-10-26,26.042970657348633,25.436857223510742,25.774690628051758,25.546157836914062,2048200.0,13.821102142333984
2009-10-27,25.739913940429688,25.342464447021484,25.546157836914062,25.377241134643555,1607500.0,13.729714393615723
2009-10-28,25.461698532104492,24.93010902404785,25.337495803833008,24.94501304626465,1544700.0,13.495867729187012
2009-10-29,25.566030502319336,24.9052677154541,25.079153060913086,25.46666717529297,1700300.0,13.778095245361328
2009-10-30,25.451763153076172,25.173547744750977,25.412017822265625,25.19342041015625,2277600.0,13.630261421203613
2009-11-02,25.546157836914062,24.83571434020996,25.317623138427734,25.258005142211914,2172300.0,13.665206909179688
2009-11-03,25.46666717529297,25.01456642150879,25.188451766967773,25.4318904876709,1689100.0,13.759276390075684
2009-11-04,25.85418128967285,25.39214515686035,25.421953201293945,25.56106185913086,1750800.0,13.829161643981934
2009-11-05,26.182079315185547,25.650487899780273,25.789596557617188,26.182079315185547,1816000.0,14.16515064239502
2009-11-06,26.157238006591797,25.834308624267578,25.943607330322266,26.132396697998047,1186700.0,14.13826847076416
2009-11-09,26.917362213134766,26.28144073486328,26.291378021240234,26.90245819091797,2196500.0,14.554891586303711
2009-11-10,26.887554168701172,26.624242782592773,26.773286819458008,26.728572845458984,1575100.0,14.4608154296875
2009-11-11,27.170738220214844,26.79315948486328,26.917362213134766,27.12602424621582,2049000.0,14.675848007202148
2009-11-12,27.15086555480957,26.400676727294922,26.400676727294922,26.783222198486328,2761300.0,14.490381240844727
2009-11-13,26.857744216918945,26.519912719726562,26.748445510864258,26.808063507080078,1862700.0,14.503820419311523
2009-11-16,27.384366989135742,26.728572845458984,26.728572845458984,27.3297176361084,1738800.0,14.786050796508789
2009-11-17,27.468826293945312,27.265132904052734,27.344621658325195,27.404239654541016,1342300.0,14.82636833190918
2009-11-18,27.434049606323242,27.155834197998047,27.384366989135742,27.319782257080078,1151800.0,14.780675888061523
2009-11-19,27.18564224243164,26.693796157836914,27.1160888671875,27.05647087097168,2052200.0,14.638214111328125
2009-11-20,27.22041893005371,26.808063507080078,27.190610885620117,26.991884231567383,1319500.0,14.603273391723633
2009-11-23,27.627805709838867,27.270099639892578,27.28003692626953,27.488698959350586,1642500.0,14.872065544128418
2009-11-24,27.49366569519043,26.857744216918945,27.359527587890625,27.409208297729492,1152800.0,14.829056739807129
2009-11-25,27.607933044433594,27.35455894470215,27.523475646972656,27.528444290161133,723300.0,14.893567085266113
2009-11-27,27.170738220214844,26.73354148864746,26.947172164916992,26.957107543945312,697700.0,14.584461212158203
2009-11-30,27.478761672973633,26.79315948486328,26.932268142700195,27.478761672973633,2635100.0,14.866684913635254
2009-12-01,27.786787033081055,27.419143676757812,27.632774353027344,27.60296630859375,3285600.0,14.933886528015137
2009-12-02,27.81659507751465,27.513538360595703,27.652647018432617,27.687423706054688,1309200.0,14.979575157165527
2009-12-03,27.821563720703125,27.344621658325195,27.811626434326172,27.38933563232422,1391200.0,14.818299293518066
2009-12-04,27.990480422973633,27.453922271728516,27.73213768005371,27.67251968383789,2285000.0,14.971517562866211
2009-12-07,27.7768497467041,27.50857162475586,27.717233657836914,27.642711639404297,2385900.0,14.955390930175781
2009-12-08,27.498634338378906,27.22041893005371,27.463857650756836,27.349590301513672,2506600.0,14.796799659729004
2009-12-09,27.55328369140625,27.096216201782227,27.30487823486328,27.513538360595703,1760000.0,14.885499954223633
2009-12-10,27.796722412109375,27.533411026000977,27.607933044433594,27.68245506286621,1212400.0,14.976889610290527
2009-12-11,27.86627769470215,27.64767837524414,27.821563720703125,27.712265014648438,994800.0,14.993017196655273
2009-12-14,28.069971084594727,27.752010345458984,27.930862426757812,28.045129776000977,1306200.0,15.173103332519531
2009-12-15,28.069971084594727,27.68245506286621,28.000415802001953,27.85137176513672,1298900.0,15.068273544311523
2009-12-16,28.20410919189453,27.915958404541016,27.915958404541016,28.025257110595703,1310300.0,15.162354469299316
2009-12-17,27.97060775756836,27.657615661621094,27.752010345458984,27.756977081298828,1409500.0,15.01720905303955
2009-12-18,27.990480422973633,27.45888900756836,27.990480422973633,27.67251968383789,2613300.0,14.971517562866211
2009-12-21,28.08984375,27.68245506286621,27.68245506286621,27.891117095947266,1082400.0,15.0897798538208
2009-12-22,28.318376541137695,28.129587173461914,28.189205169677734,28.238887786865234,1198400.0,15.277933120727539
2009-12-23,28.641305923461914,28.273664474487305,28.31340980529785,28.626401901245117,1056900.0,15.487588882446289
2009-12-24,28.8002872467041,28.56181526184082,28.745637893676758,28.785381317138672,308300.0,15.573599815368652
2009-12-28,28.904617309570312,28.67111587524414,28.77544593811035,28.879776000976562,1027100.0,15.62466812133789
2009-12-29,28.994043350219727,28.7655086517334,28.994043350219727,28.79034996032715,1019800.0,15.576284408569336
2009-12-30,28.869840621948242,28.666147232055664,28.686019897460938,28.869840621948242,790800.0,15.619294166564941
2009-12-31,28.864871978759766,28.57672119140625,28.854936599731445,28.581687927246094,797000.0,15.463397026062012
2010-01-04,28.8151912689209,28.56181526184082,28.785381317138672,28.686019897460938,1706200.0,15.5198392868042
2010-01-05,28.79034996032715,28.45748519897461,28.745637893676758,28.676082611083984,1400000.0,15.514469146728516
2010-01-06,28.79034996032715,28.5518798828125,28.695955276489258,28.780414581298828,1748400.0,15.570914268493652
2010-01-07,28.755573272705078,28.377994537353516,28.616464614868164,28.49226188659668,1515900.0,15.415016174316406
2010-01-08,28.42270851135254,28.144493103027344,28.417739868164062,28.417739868164062,1412500.0,15.374695777893066
2010-01-11,28.57672119140625,28.109716415405273,28.462453842163086,28.243854522705078,1298600.0,15.280622482299805
2010-01-12,28.139524459838867,27.786787033081055,28.139524459838867,27.93583106994629,1804600.0,15.113973617553711
2010-01-13,28.308441162109375,27.915958404541016,27.950735092163086,28.22895050048828,1203900.0,15.272558212280273
2010-01-14,28.377994537353516,28.069971084594727,28.258760452270508,28.323345184326172,1453500.0,15.323628425598145
2010-01-15,28.33824920654297,27.692392349243164,28.273664474487305,27.80169105529785,1624600.0,15.041397094726562
2010-01-19,28.323345184326172,27.677488327026367,27.74207305908203,28.323345184326172,1848500.0,15.323628425598145
2010-01-20,28.09977912902832,27.80169105529785,28.09977912902832,28.06500244140625,1619400.0,15.183859825134277
2010-01-21,28.144493103027344,27.240291595458984,28.055065155029297,27.319782257080078,2615400.0,14.780675888061523
2010-01-22,27.275068283081055,26.420549392700195,27.275068283081055,26.445390701293945,2542500.0,14.307607650756836
2010-01-25,26.668956756591797,26.182079315185547,26.549720764160156,26.430484771728516,2322200.0,14.299540519714355
2010-01-26,26.400676727294922,26.182079315185547,26.400676727294922,26.20195198059082,2043900.0,14.175904273986816
2010-01-27,26.276473999023438,25.804500579833984,26.192014694213867,26.04793930053711,3069500.0,14.092575073242188
2010-01-28,26.216856002807617,25.590869903564453,26.182079315185547,25.90386390686035,2239800.0,14.014627456665039
2010-01-29,26.062843322753906,25.44182586669922,26.062843322753906,25.486539840698242,2218800.0,13.788847923278809
2010-02-01,26.137365341186523,25.337495803833008,25.635583877563477,26.087684631347656,2926900.0,14.114080429077148
2010-02-02,26.38080406188965,25.92870330810547,26.05787467956543,26.360931396484375,1852300.0,14.261914253234863
2010-02-03,26.4056453704834,26.077747344970703,26.27150535583496,26.266536712646484,1116400.0,14.210843086242676
2010-02-04,26.162206649780273,25.47660255432129,26.062843322753906,25.481571197509766,2053100.0,13.786158561706543
2010-02-05,25.58590316772461,25.103992462158203,25.496475219726562,25.516347885131836,2241500.0,13.804974555969238
2010-02-08,26.261568069458008,25.57099723815918,25.859149932861328,25.675329208374023,2479900.0,13.890981674194336
2010-02-09,26.196983337402344,25.695201873779297,25.908830642700195,26.08271598815918,2483500.0,14.111391067504883
2010-02-10,26.659019470214844,25.734947204589844,26.659019470214844,25.898895263671875,3337800.0,14.011941909790039
2010-02-11,26.062843322753906,25.53622055053711,25.824373245239258,25.948575973510742,2335500.0,14.038820266723633
2010-02-12,25.81940460205078,25.094057083129883,25.705137252807617,25.471635818481445,3184800.0,13.780782699584961
2010-02-16,25.92870330810547,25.46666717529297,25.625646591186523,25.92870330810547,1894400.0,14.028066635131836
2010-02-17,25.993289947509766,25.75978660583496,25.97838592529297,25.859149932861328,1712800.0,13.990436553955078
2010-02-18,26.033035278320312,25.779659271240234,25.859149932861328,25.983352661132812,1334800.0,14.05763053894043
2010-02-19,26.182079315185547,25.72500991821289,25.898895263671875,26.05787467956543,1823300.0,14.09795093536377
2010-02-22,26.127429962158203,25.84424591064453,25.874053955078125,25.983352661132812,1686400.0,14.05763053894043
2010-02-23,26.062843322753906,25.675329208374023,25.95354461669922,25.923734664916992,1910200.0,14.025382041931152
2010-02-24,25.99825668334961,25.70016860961914,25.95354461669922,25.78462791442871,2263200.0,13.950119972229004
2010-02-25,25.58590316772461,25.198387145996094,25.446794509887695,25.53622055053711,1654200.0,13.815725326538086
2010-02-26,25.764755249023438,25.3822078704834,25.506412506103516,25.729978561401367,1892000.0,13.920551300048828
2010-03-01,26.167173385620117,25.680295944213867,25.72500991821289,26.05787467956543,2141000.0,14.09795093536377
2010-03-02,26.326154708862305,26.042970657348633,26.132396697998047,26.112524032592773,1766900.0,14.127520561218262
2010-03-03,26.216856002807617,25.943607330322266,26.216856002807617,25.98832130432129,2074200.0,14.060322761535645
2010-03-04,26.033035278320312,25.729978561401367,25.968448638916016,25.829341888427734,2237700.0,13.974308013916016
2010-03-05,26.326154708862305,25.908830642700195,25.938640594482422,26.311250686645508,1305000.0,14.235033988952637
2010-03-08,26.495071411132812,26.276473999023438,26.276473999023438,26.4056453704834,1501000.0,14.28610610961914
2010-03-09,26.559656143188477,26.216856002807617,26.33112335205078,26.47519874572754,1255900.0,14.323734283447266
2010-03-10,26.634178161621094,26.350996017456055,26.514944076538086,26.609338760375977,1709400.0,14.396307945251465
2010-03-11,26.62921142578125,26.370868682861328,26.480167388916016,26.62921142578125,1566300.0,14.407057762145996
2010-03-12,26.63914680480957,26.395708084106445,26.62921142578125,26.554689407348633,1134600.0,14.366742134094238
2010-03-15,26.66398811340332,26.4056453704834,26.505006790161133,26.619274139404297,989800.0,14.401681900024414
2010-03-16,26.69876480102539,26.495071411132812,26.68882942199707,26.659019470214844,1229500.0,14.42318344116211
2010-03-17,27.05647087097168,26.634178161621094,26.668956756591797,27.016725540161133,2132500.0,14.616715431213379
2010-03-18,27.15086555480957,26.92729949951172,27.036598205566406,27.046533584594727,1871100.0,14.632838249206543
2010-03-19,27.28997230529785,26.981948852539062,27.106151580810547,27.106151580810547,3289500.0,14.665095329284668
2010-03-22,27.409208297729492,26.82793617248535,26.912395477294922,27.33965492248535,2498100.0,14.791425704956055
2010-03-23,27.563220977783203,27.260164260864258,27.434049606323242,27.538379669189453,1816300.0,14.898941040039062
2010-03-24,27.463857650756836,27.225387573242188,27.463857650756836,27.265132904052734,2030000.0,14.751105308532715
2010-03-25,27.38933563232422,27.200546264648438,27.334686279296875,27.230356216430664,2921300.0,14.732292175292969
2010-03-26,27.319782257080078,27.08131217956543,27.265132904052734,27.1160888671875,2112000.0,14.670469284057617
2010-03-29,27.359527587890625,27.140928268432617,27.190610885620117,27.309844970703125,1152500.0,14.77529525756836
2010-03-30,27.36449432373047,27.18564224243164,27.324750900268555,27.319782257080078,1106900.0,14.780675888061523
2010-03-31,27.309844970703125,27.036598205566406,27.170738220214844,27.071374893188477,2287900.0,14.646284103393555
2010-04-01,27.374431610107422,26.634178161621094,26.932268142700195,26.952138900756836,9261100.0,14.581774711608887
2010-04-05,27.180673599243164,26.28144073486328,26.47519874572754,26.847808837890625,3816800.0,14.525325775146484
2010-04-06,26.872650146484375,26.624242782592773,26.668956756591797,26.773286819458008,3347300.0,14.485005378723145
2010-04-07,26.857744216918945,26.649084091186523,26.728572845458984,26.713668823242188,2968000.0,14.452754020690918
2010-04-08,26.72360610961914,26.4056453704834,26.599401473999023,26.659019470214844,2442200.0,14.42318344116211
2010-04-09,27.096216201782227,26.634178161621094,26.743478775024414,27.08131217956543,2092100.0,14.651656150817871
2010-04-12,27.3148136138916,26.99685287475586,27.061439514160156,27.235322952270508,3135300.0,14.734980583190918
2010-04-13,27.319782257080078,27.096216201782227,27.265132904052734,27.28003692626953,2446900.0,14.759172439575195
2010-04-14,27.617870330810547,27.19557762145996,27.334686279296875,27.593029022216797,3039400.0,14.928511619567871
2010-04-15,27.67251968383789,27.369462966918945,27.548316955566406,27.67251968383789,3775100.0,14.971517562866211
2010-04-16,27.632774353027344,27.349590301513672,27.622838973999023,27.42411231994629,2843400.0,14.83712100982666
2010-04-19,27.319782257080078,27.02169418334961,27.309844970703125,27.250228881835938,2897900.0,14.743042945861816
2010-04-20,27.463857650756836,27.180673599243164,27.384366989135742,27.434049606323242,2325100.0,14.842493057250977
2010-04-21,27.523475646972656,27.240291595458984,27.523475646972656,27.463857650756836,1640200.0,14.858624458312988
2010-04-22,27.55328369140625,27.02169418334961,27.275068283081055,27.49366569519043,1861000.0,14.874749183654785
2010-04-23,27.64767837524414,27.25519561767578,27.453922271728516,27.627805709838867,1433000.0,14.9473237991333
2010-04-26,27.752010345458984,27.523475646972656,27.597997665405273,27.533411026000977,2046500.0,14.896252632141113
2010-04-27,27.45888900756836,26.837873458862305,27.374431610107422,26.887554168701172,1951500.0,14.546830177307129
2010-04-28,27.071374893188477,26.385772705078125,27.006790161132812,26.574562072753906,3250200.0,14.37749195098877
2010-04-29,26.743478775024414,26.45035743713379,26.69876480102539,26.693796157836914,2003100.0,14.441999435424805
2010-04-30,26.738510131835938,25.993289947509766,26.738510131835938,26.028066635131836,2166900.0,14.081826210021973
2010-05-03,26.241695404052734,25.744882583618164,26.241695404052734,25.79456329345703,2947100.0,13.955493927001953
2010-05-04,25.660425186157227,25.009597778320312,25.590869903564453,25.337495803833008,3050700.0,13.708210945129395
2010-05-05,25.446794509887695,25.059280395507812,25.059280395507812,25.317623138427734,2701100.0,13.69745922088623
2010-05-06,25.610742568969727,24.373676300048828,25.302719116210938,24.974821090698242,6192200.0,13.511992454528809
2010-05-07,25.09902572631836,24.353803634643555,25.019535064697266,24.632020950317383,5750600.0,13.326534271240234
2010-05-10,25.814435958862305,25.08411979675293,25.814435958862305,25.4169864654541,3647900.0,13.751216888427734
2010-05-11,25.58590316772461,25.118898391723633,25.13380241394043,25.282846450805664,2696400.0,13.678642272949219
2010-05-12,25.804500579833984,25.317623138427734,25.317623138427734,25.74985122680664,2365900.0,13.931304931640625
2010-05-13,25.84424591064453,25.461698532104492,25.739913940429688,25.471635818481445,1694900.0,13.780782699584961
2010-05-14,25.372272491455078,24.632020950317383,25.372272491455078,24.766159057617188,3487500.0,13.399103164672852
2010-05-17,25.024503707885742,24.497880935668945,24.77609634399414,24.77609634399414,3486300.0,13.404478073120117
2010-05-18,25.019535064697266,24.478008270263672,24.89533042907715,24.512784957885742,3421700.0,13.262018203735352
2010-05-19,24.676733016967773,24.249473571777344,24.50284767150879,24.398517608642578,3006200.0,13.200201034545898
2010-05-20,24.532657623291016,23.698009490966797,24.343868255615234,23.787437438964844,4707600.0,12.869588851928711
2010-05-21,24.83571434020996,23.37508201599121,23.539030075073242,24.711509704589844,6522400.0,13.369534492492676
2010-05-24,24.58730697631836,24.150110244750977,24.542593002319336,24.25444221496582,4496600.0,13.122247695922852
2010-05-25,23.961320877075195,23.399921417236328,23.70794677734375,23.95635414123535,6231400.0,12.960976600646973
2010-05-26,24.532657623291016,23.98119354248047,24.050748825073242,24.115333557128906,3960300.0,13.046988487243652
2010-05-27,24.766159057617188,24.403486251831055,24.51775360107422,24.761192321777344,2273200.0,13.39641284942627
2010-05-28,25.00463104248047,24.607179641723633,24.805904388427734,24.83571434020996,4057700.0,13.436737060546875
2010-06-01,24.69163703918457,23.782468795776367,24.577369689941406,23.817245483398438,4996800.0,12.885717391967773
2010-06-02,24.632020950317383,23.89673614501953,23.95635414123535,24.617115020751953,4254600.0,13.31846809387207
2010-06-03,25.01456642150879,24.632020950317383,24.701574325561523,24.969852447509766,2969400.0,13.509305000305176
2010-06-04,24.56246566772461,23.668201446533203,24.507816314697266,23.737754821777344,4313300.0,12.8427095413208
2010-06-07,23.961320877075195,23.499284744262695,23.757627487182617,23.524126052856445,3693600.0,12.727130889892578
2010-06-08,23.866926193237305,23.44463539123535,23.51915740966797,23.842086791992188,3381300.0,12.899155616760254
2010-06-09,24.209728240966797,23.70794677734375,23.951385498046875,23.81227684020996,2002000.0,12.883028030395508
2010-06-10,24.58730697631836,24.070621490478516,24.16998291015625,24.56246566772461,1869800.0,13.288900375366211
2010-06-11,24.49291229248047,24.165016174316406,24.199792861938477,24.463104248046875,1789300.0,13.3164644241333
2010-06-14,24.791000366210938,24.378644943237305,24.696605682373047,24.3935489654541,2232100.0,13.27860164642334
2010-06-15,24.969852447509766,24.43329429626465,24.473039627075195,24.935075759887695,1801300.0,13.573383331298828
2010-06-16,25.138769149780273,24.627052307128906,24.731382369995117,25.044374465942383,1620400.0,13.632877349853516
2010-06-17,25.337495803833008,24.9201717376709,25.04934310913086,25.337495803833008,2859500.0,13.792438507080078
2010-06-18,25.3673038482666,25.009597778320312,25.33252716064453,25.103992462158203,2702700.0,13.66533088684082
2010-06-21,25.521316528320312,24.84564971923828,25.421953201293945,24.974821090698242,2403400.0,13.595020294189453
2010-06-22,25.1685791015625,24.497880935668945,24.97978973388672,24.547561645507812,1900800.0,13.36243724822998
2010-06-23,24.62208366394043,24.234569549560547,24.487943649291992,24.373676300048828,1462100.0,13.267782211303711
2010-06-24,24.319026947021484,23.688074111938477,24.31406021118164,23.77750015258789,1796100.0,12.943258285522461
2010-06-25,23.951385498046875,23.548965454101562,23.866926193237305,23.80234146118164,2463200.0,12.956778526306152
2010-06-28,23.86195945739746,23.51915740966797,23.86195945739746,23.598648071289062,1733400.0,12.845895767211914
2010-06-29,23.330368041992188,22.500690460205078,23.320432662963867,22.634828567504883,3142900.0,12.321244239807129
2010-06-30,22.85342788696289,22.396358489990234,22.4957218170166,22.480817794799805,3592800.0,12.237407684326172
2010-07-01,22.500690460205078,21.93929100036621,22.465911865234375,22.167823791503906,2918500.0,12.067032814025879
2010-07-02,22.28209114074707,21.87967300415039,22.21253776550293,21.909481048583984,2695500.0,11.926401138305664
2010-07-06,22.197633743286133,21.57164764404297,22.053556442260742,21.710756301879883,2979100.0,11.81822395324707
2010-07-07,22.4957218170166,21.790246963500977,21.800182342529297,22.480817794799805,2348000.0,12.237407684326172
2010-07-08,22.83852195739746,22.40132713317871,22.609989166259766,22.530498504638672,4157400.0,12.26445484161377
2010-07-09,22.719287872314453,22.46094512939453,22.540433883666992,22.689477920532227,1929800.0,12.35098934173584
2010-07-12,22.903108596801758,22.58017921447754,22.63979721069336,22.788841247558594,1770800.0,12.405080795288086
2010-07-13,23.439666748046875,22.88820457458496,22.992534637451172,23.355209350585938,2508500.0,12.713382720947266
2010-07-14,23.4197940826416,23.052152633666992,23.21113395690918,23.201196670532227,1929400.0,12.629545211791992
2010-07-15,23.260814666748047,22.88820457458496,23.191261291503906,23.206165313720703,2190000.0,12.632250785827637
2010-07-16,23.086929321289062,22.4957218170166,23.086929321289062,22.505657196044922,2217000.0,12.250930786132812
2010-07-19,22.9577579498291,22.619924545288086,22.619924545288086,22.89813995361328,1955900.0,12.464576721191406
2010-07-20,22.942853927612305,22.406295776367188,22.530498504638672,22.942853927612305,2328700.0,12.488917350769043
2010-07-21,23.09189796447754,22.31686782836914,23.09189796447754,22.416231155395508,2653400.0,12.202250480651855
2010-07-22,23.10183334350586,22.634828567504883,22.694446563720703,23.052152633666992,2264300.0,12.54841423034668
2010-07-23,23.310495376586914,22.89813995361328,22.9726619720459,23.240942001342773,1660400.0,12.651178359985352
2010-07-26,23.300559997558594,23.096866607666016,23.250877380371094,23.25584602355957,1912700.0,12.659293174743652
2010-07-27,23.404890060424805,22.992534637451172,23.399921417236328,23.047183990478516,1501000.0,12.545707702636719
2010-07-28,23.12667465209961,22.86336326599121,22.942853927612305,23.002471923828125,2057100.0,12.521369934082031
2010-07-29,23.156482696533203,22.287059783935547,23.10183334350586,22.441072463989258,2847100.0,12.215775489807129
2010-07-30,22.61495590209961,22.172792434692383,22.296995162963867,22.52056121826172,2034000.0,12.259045600891113
2010-08-02,23.136611938476562,22.788841247558594,22.858394622802734,23.042217254638672,1689900.0,12.543001174926758
2010-08-03,23.141578674316406,22.798778533935547,23.002471923828125,22.868331909179688,1512900.0,12.448352813720703
2010-08-04,23.03227996826172,22.813682556152344,22.913043975830078,23.00743865966797,1323700.0,12.524075508117676
2010-08-05,23.072025299072266,22.808713912963867,22.808713912963867,23.037248611450195,1740800.0,12.540298461914062
2010-08-06,22.937885284423828,22.540433883666992,22.85342788696289,22.878267288208008,1637900.0,12.45375919342041
2010-08-09,23.166419982910156,22.93291664123535,22.9577579498291,23.141578674316406,1808200.0,12.597090721130371
2010-08-10,23.146547317504883,22.79380989074707,22.962726593017578,23.072025299072266,3055100.0,12.559229850769043
2010-08-11,22.684511184692383,21.71572494506836,22.654701232910156,21.800182342529297,4414800.0,11.866904258728027
2010-08-12,21.65610694885254,21.064897537231445,21.581584930419922,21.10961151123047,3441000.0,11.49099349975586
2010-08-13,21.104642868041992,20.816492080688477,21.03508949279785,20.886045455932617,2613300.0,11.369300842285156
2010-08-16,21.174196243286133,20.65751075744629,20.806554794311523,20.990375518798828,2369800.0,11.426087379455566
2010-08-17,21.303369522094727,20.995344161987305,21.189102172851562,21.069866180419922,1864800.0,11.46935749053955
2010-08-18,21.184133529663086,20.920822143554688,21.174196243286133,21.054962158203125,1855300.0,11.46124267578125
2010-08-19,21.0102481842041,20.77674674987793,20.94069480895996,20.87114143371582,2206400.0,11.361183166503906
2010-08-20,20.90591812133789,20.553180694580078,20.68235206604004,20.876108169555664,2578500.0,11.363885879516602
2010-08-23,20.96553611755371,20.438913345336914,20.94069480895996,20.44388198852539,2292800.0,11.128605842590332
2010-08-24,20.269996643066406,19.902355194091797,20.096111297607422,20.0861759185791,3284300.0,10.933891296386719
2010-08-25,20.07623863220215,19.773181915283203,19.952035903930664,19.922225952148438,3888500.0,10.844639778137207
2010-08-26,20.05139923095703,19.822864532470703,20.011653900146484,19.927194595336914,2572700.0,10.847346305847168
2010-08-27,20.269996643066406,19.75330924987793,20.066303253173828,20.25509262084961,3985800.0,11.025836944580078
2010-08-30,20.200443267822266,19.947067260742188,20.12592124938965,19.961971282958984,2081200.0,10.866277694702148
2010-08-31,20.031526565551758,19.678787231445312,19.852672576904297,19.77815055847168,3574600.0,10.766215324401855
2010-09-01,20.707191467285156,19.852672576904297,20.106048583984375,20.697256088256836,3619500.0,11.26652717590332
2010-09-02,20.851268768310547,20.58795738220215,20.722097396850586,20.851268768310547,2012800.0,11.350363731384277
2010-09-03,21.11954689025879,20.831396102905273,21.015216827392578,21.11954689025879,2100900.0,11.496400833129883
2010-09-07,20.995344161987305,20.672414779663086,20.920822143554688,20.71712875366211,1872400.0,11.358013153076172
2010-09-08,20.886045455932617,20.652542114257812,20.791650772094727,20.801586151123047,3468800.0,11.404318809509277
2010-09-09,21.045024871826172,20.617765426635742,21.015216827392578,20.732032775878906,2370800.0,11.366185188293457
2010-09-10,21.377891540527344,21.040058135986328,21.23878288269043,21.29840087890625,3419100.0,11.676692962646484
2010-09-13,21.576616287231445,21.283496856689453,21.45241355895996,21.313304901123047,2944500.0,11.684865951538086
2010-09-14,21.387826919555664,21.129484176635742,21.283496856689453,21.278528213500977,2896000.0,11.665796279907227
2010-09-15,21.49712562561035,21.089738845825195,21.20400619506836,21.477252960205078,2043900.0,11.774747848510742
2010-09-16,21.54680824279785,21.34311294555664,21.397764205932617,21.447444915771484,2757500.0,11.758406639099121
2010-09-17,21.71572494506836,21.45241355895996,21.710756301879883,21.671010971069336,3502100.0,11.880972862243652
2010-09-20,22.167823791503906,21.685914993286133,21.72566032409668,22.11814308166504,2035300.0,12.12611198425293
2010-09-21,22.321836471557617,21.988971710205078,22.10820770263672,22.18769645690918,3300100.0,12.1642427444458
2010-09-22,22.292028427124023,21.954195022583008,22.123111724853516,22.003875732421875,3951900.0,12.063467025756836
2010-09-23,22.242345809936523,21.75050163269043,21.82005500793457,22.068462371826172,2576700.0,12.098877906799316
2010-09-24,22.57024383544922,22.18769645690918,22.30693244934082,22.54540252685547,2867400.0,12.360355377197266
2010-09-27,22.585147857666016,22.356613159179688,22.585147857666016,22.441072463989258,1415500.0,12.303156852722168
2010-09-28,22.81865119934082,22.232410430908203,22.555339813232422,22.778905868530273,2343600.0,12.488372802734375
2010-09-29,22.858394622802734,22.57024383544922,22.798778533935547,22.79380989074707,2372200.0,12.496541023254395
2010-09-30,23.06705665588379,22.82858657836914,22.967695236206055,22.85342788696289,3110200.0,12.529224395751953
2010-10-01,23.25584602355957,22.679542541503906,23.03227996826172,22.719287872314453,3374500.0,12.45568561553955
2010-10-04,22.754064559936523,22.431135177612305,22.714319229125977,22.530498504638672,1841600.0,12.352184295654297
2010-10-05,23.111770629882812,22.69941520690918,22.69941520690918,23.052152633666992,2448200.0,12.638175964355469
2010-10-06,23.0223445892334,22.704383850097656,23.0223445892334,22.868331909179688,1710900.0,12.537396430969238
2010-10-07,23.027311325073242,22.649734497070312,22.977630615234375,22.80374526977539,1424400.0,12.501988410949707
2010-10-08,23.09189796447754,22.76896858215332,22.833555221557617,23.037248611450195,1871400.0,12.630001068115234
2010-10-11,23.300559997558594,22.98259925842285,23.042217254638672,23.15151596069336,1244600.0,12.69265365600586
2010-10-12,23.4197940826416,22.967695236206055,23.11673927307129,23.355209350585938,1794500.0,12.80432415008545
2010-10-13,23.772533416748047,23.4197940826416,23.504253387451172,23.63839340209961,2254000.0,12.959577560424805
2010-10-14,23.658266067504883,23.25584602355957,23.643360137939453,23.34030532836914,2463000.0,12.796154022216797
2010-10-15,24.731382369995117,23.439666748046875,23.534061431884766,24.537626266479492,6963500.0,13.45257568359375
2010-10-18,24.84564971923828,24.388582229614258,24.636987686157227,24.84564971923828,3666200.0,13.62144660949707
2010-10-19,24.542593002319336,24.155078887939453,24.48297691345215,24.319026947021484,2604600.0,13.33272647857666
2010-10-20,24.651891708374023,24.343868255615234,24.373676300048828,24.507816314697266,1947700.0,13.436235427856445
2010-10-21,24.840681076049805,24.279281616210938,24.617115020751953,24.532657623291016,1441300.0,13.44985294342041
2010-10-22,24.75125503540039,24.512784957885742,24.547561645507812,24.736351013183594,1321100.0,13.561525344848633
2010-10-25,24.830745697021484,24.50284767150879,24.830745697021484,24.59724235534668,2134700.0,13.485259056091309
2010-10-26,24.676733016967773,24.35877227783203,24.51775360107422,24.617115020751953,1758900.0,13.496155738830566
2010-10-27,24.4432315826416,24.189855575561523,24.4084529876709,24.378644943237305,1871400.0,13.365413665771484
2010-10-28,24.632020950317383,24.26437759399414,24.52768898010254,24.507816314697266,1588900.0,13.436235427856445
2010-10-29,24.607179641723633,24.309091567993164,24.4581356048584,24.368709564208984,2142700.0,13.359966278076172
2010-11-01,24.636987686157227,24.145143508911133,24.487943649291992,24.29915428161621,1721100.0,13.321833610534668
2010-11-02,24.70654296875,24.512784957885742,24.537626266479492,24.661828994750977,1500700.0,13.520666122436523
2010-11-03,24.736351013183594,24.22960090637207,24.671764373779297,24.43329429626465,2720800.0,13.395376205444336
2010-11-04,24.75125503540039,24.636987686157227,24.69163703918457,24.671764373779297,2097600.0,13.526115417480469
2010-11-05,24.82080841064453,24.61214828491211,24.74131965637207,24.711509704589844,1378500.0,13.547904014587402
2010-11-08,24.58730697631836,24.269346237182617,24.453166961669922,24.328964233398438,3140700.0,13.338177680969238
2010-11-09,24.55253028869629,24.145143508911133,24.398517608642578,24.239538192749023,2781200.0,13.289152145385742
2010-11-10,24.343868255615234,23.782468795776367,24.21966552734375,24.03087615966797,3778300.0,13.174755096435547
2010-11-11,23.787437438964844,23.394954681396484,23.76756477355957,23.54399871826172,3066600.0,12.90782642364502
2010-11-12,23.524126052856445,23.240942001342773,23.40985870361328,23.28068733215332,2095200.0,12.763465881347656
2010-11-15,23.37508201599121,23.106801986694336,23.320432662963867,23.131643295288086,1996400.0,12.681756973266602
2010-11-16,22.9577579498291,22.634828567504883,22.92298126220703,22.773937225341797,3090700.0,12.485644340515137
2010-11-17,22.918012619018555,22.63979721069336,22.808713912963867,22.689477920532227,2199100.0,12.43934154510498
2010-11-18,23.00743865966797,22.694446563720703,22.82858657836914,22.9577579498291,2565200.0,12.58642292022705
2010-11-19,22.952789306640625,22.72425651550293,22.92298126220703,22.85342788696289,1218300.0,12.529224395751953
2010-11-22,22.878267288208008,22.60502052307129,22.729223251342773,22.86336326599121,1355500.0,12.534671783447266
2010-11-23,22.60502052307129,22.381454467773438,22.57024383544922,22.5106258392334,1844500.0,12.341288566589355
2010-11-24,22.88820457458496,22.595083236694336,22.624893188476562,22.81865119934082,1436300.0,12.51015853881836
2010-11-26,22.773937225341797,22.5106258392334,22.63979721069336,22.649734497070312,854600.0,12.417552947998047
2010-11-29,22.530498504638672,22.227441787719727,22.530498504638672,22.406295776367188,2027000.0,12.284090042114258
2010-11-30,22.34170913696289,22.078397750854492,22.182729721069336,22.172792434692383,2398200.0,12.156073570251465
2010-12-01,23.141578674316406,22.48578453063965,22.505657196044922,23.081960678100586,2604500.0,12.654521942138672
2010-12-02,23.360177993774414,23.027311325073242,23.086929321289062,23.23100471496582,2270900.0,12.73622989654541
2010-12-03,23.439666748046875,23.156482696533203,23.156482696533203,23.399921417236328,1619200.0,12.828837394714355
2010-12-06,23.489349365234375,23.250877380371094,23.370113372802734,23.380050659179688,1446100.0,12.817941665649414
2010-12-07,23.633424758911133,23.38501739501953,23.608583450317383,23.389986038208008,1580000.0,12.823391914367676
2010-12-08,23.598648071289062,23.235973358154297,23.44463539123535,23.499284744262695,1817500.0,12.883310317993164
2010-12-09,23.71788215637207,23.32539939880371,23.57877540588379,23.35024070739746,1580800.0,12.801597595214844
2010-12-10,23.43470001220703,23.295591354370117,23.399921417236328,23.404890060424805,1770100.0,12.831561088562012
2010-12-13,23.4694766998291,23.300559997558594,23.449604034423828,23.305526733398438,1752100.0,12.777085304260254
2010-12-14,24.388582229614258,23.548965454101562,23.548965454101562,24.29915428161621,6819800.0,13.321833610534668
2010-12-15,24.343868255615234,24.07558822631836,24.29915428161621,24.16998291015625,3981700.0,13.251017570495605
2010-12-16,24.21966552734375,23.817245483398438,24.20475959777832,24.020938873291016,2899300.0,13.169305801391602
2010-12-17,24.174951553344727,23.95635414123535,24.020938873291016,24.045780181884766,2676600.0,13.1829252243042
2010-12-20,24.12527084350586,23.747692108154297,24.12527084350586,23.817245483398438,2061800.0,13.057635307312012
2010-12-21,24.070621490478516,23.881832122802734,23.901704788208008,23.976226806640625,3363600.0,13.256107330322266
2010-12-22,24.38361358642578,24.020938873291016,24.04081153869629,24.279281616210938,2519800.0,13.423661231994629
2010-12-23,24.368709564208984,24.16998291015625,24.199792861938477,24.34883689880371,1274200.0,13.462117195129395
2010-12-27,24.59724235534668,24.259408950805664,24.259408950805664,24.582338333129883,1903700.0,13.591217994689941
2010-12-28,24.641956329345703,24.438262939453125,24.577369689941406,24.592275619506836,2397100.0,13.596712112426758
2010-12-29,24.651891708374023,24.537626266479492,24.641956329345703,24.572402954101562,1547700.0,13.585721015930176
2010-12-30,24.671764373779297,24.522720336914062,24.56246566772461,24.641956329345703,1100300.0,13.62418270111084
2010-12-31,24.711509704589844,24.607179641723633,24.607179641723633,24.641956329345703,1792300.0,13.62418270111084
2011-01-03,25.26297378540039,24.74131965637207,24.795969009399414,25.258005142211914,3499200.0,13.964784622192383
2011-01-04,25.277877807617188,25.04934310913086,25.223228454589844,25.26297378540039,2629800.0,13.967529296875
2011-01-05,25.551124572753906,25.064247131347656,25.153675079345703,25.362335205078125,3862300.0,14.022465705871582
2011-01-06,25.66539192199707,25.327558517456055,25.412017822265625,25.650487899780273,2313800.0,14.181781768798828
2011-01-07,25.888957977294922,25.635583877563477,25.675329208374023,25.859149932861328,2434400.0,14.297148704528809
2011-01-10,25.958513259887695,25.615711212158203,25.729978561401367,25.789596557617188,2494900.0,14.258692741394043
2011-01-11,25.938640594482422,25.600807189941406,25.834308624267578,25.923734664916992,2007200.0,14.332858085632324
2011-01-12,26.157238006591797,25.958513259887695,26.067811965942383,26.102588653564453,1960800.0,14.431741714477539
2011-01-13,26.23672866821289,26.05787467956543,26.142333984375,26.162206649780273,1969200.0,14.464706420898438
2011-01-14,26.445390701293945,26.077747344970703,26.097620010375977,26.410612106323242,2004200.0,14.602045059204102
2011-01-18,26.857744216918945,26.420549392700195,26.425518035888672,26.67392349243164,2193500.0,14.747626304626465
2011-01-19,26.753414154052734,26.30628204345703,26.693796157836914,26.326154708862305,2247400.0,14.555349349975586
2011-01-20,26.3559627532959,25.948575973510742,26.192014694213867,26.311250686645508,1862400.0,14.547109603881836
2011-01-21,26.564624786376953,26.27150535583496,26.524879455566406,26.346027374267578,1308100.0,14.566337585449219
2011-01-24,26.728572845458984,26.286409378051758,26.360931396484375,26.57952880859375,1748100.0,14.695436477661133
2011-01-25,26.738510131835938,26.39073944091797,26.554689407348633,26.728572845458984,1798600.0,14.777841567993164
2011-01-26,26.82793617248535,26.59443473815918,26.773286819458008,26.678892135620117,1113600.0,14.750370025634766
2011-01-27,26.957107543945312,26.703733444213867,26.738510131835938,26.907426834106445,1595100.0,14.876728057861328
2011-01-28,26.92729949951172,26.04793930053711,26.89252281188965,26.05787467956543,2672700.0,14.407018661499023
2011-01-31,26.519912719726562,25.958513259887695,26.11749267578125,26.47519874572754,2335200.0,14.6377534866333
2011-02-01,27.061439514160156,26.261568069458008,26.57952880859375,26.98691749572754,7638200.0,14.920674324035645
2011-02-02,27.145896911621094,26.773286819458008,26.82793617248535,27.12602424621582,3474900.0,14.997583389282227
2011-02-03,27.79175567626953,26.87761688232422,27.026660919189453,27.632774353027344,5029600.0,15.277758598327637
2011-02-04,27.727169036865234,27.429080963134766,27.593029022216797,27.702327728271484,2730900.0,15.316217422485352
2011-02-07,28.045129776000977,27.67251968383789,27.70729637145996,27.925893783569336,2400200.0,15.439823150634766
2011-02-08,28.12462043762207,27.76691436767578,27.821563720703125,28.08984375,2915800.0,15.530464172363281
2011-02-09,26.385772705078125,23.702978134155273,26.08271598815918,24.060684204101562,25073200.0,13.302802085876465
2011-02-10,23.9464168548584,23.598648071289062,23.89673614501953,23.89673614501953,6388200.0,13.212159156799316
2011-02-11,24.095460891723633,23.698009490966797,23.842086791992188,23.807310104370117,5017500.0,13.162714958190918
2011-02-14,23.881832122802734,23.524126052856445,23.752660751342773,23.678138732910156,3998300.0,13.091297149658203
2011-02-15,23.76756477355957,23.504253387451172,23.63839340209961,23.539030075073242,2177200.0,13.014388084411621
2011-02-16,23.966289520263672,23.61355209350586,23.628456115722656,23.92157745361328,3689600.0,13.225893020629883
2011-02-17,24.294187545776367,23.782468795776367,23.797372817993164,24.07558822631836,3963300.0,13.311043739318848
2011-02-18,24.338899612426758,23.772533416748047,24.130237579345703,24.31406021118164,3593100.0,13.442891120910645
2011-02-22,24.145143508911133,23.55393409729004,23.98119354248047,23.573806762695312,3530100.0,13.033616065979004
2011-02-23,23.866926193237305,23.365144729614258,23.539030075073242,23.524126052856445,4723100.0,13.006146430969238
2011-02-24,23.787437438964844,23.360177993774414,23.563871383666992,23.58871078491211,2858200.0,13.041855812072754
2011-02-25,24.189855575561523,23.573806762695312,23.737754821777344,24.140174865722656,3354700.0,13.34675407409668
2011-02-28,24.224632263183594,23.87189483642578,24.165016174316406,23.911640167236328,2446700.0,13.220399856567383
2011-03-01,24.085525512695312,23.464508056640625,24.025907516479492,23.504253387451172,2312200.0,12.995161056518555
2011-03-02,23.92157745361328,23.439666748046875,23.50922203063965,23.772533416748047,2367600.0,13.1434907913208
2011-03-03,24.239538192749023,23.916608810424805,23.95635414123535,24.085525512695312,2451900.0,13.31653881072998
2011-03-04,24.09049415588379,23.548965454101562,24.01597023010254,23.71788215637207,2268700.0,13.113276481628418
2011-03-07,23.86195945739746,23.37508201599121,23.852022171020508,23.474443435668945,1439100.0,12.978680610656738
2011-03-08,23.98119354248047,23.404890060424805,23.489349365234375,23.842086791992188,1929200.0,13.181946754455566
2011-03-09,24.105398178100586,23.62348747253418,23.762596130371094,23.886798858642578,2374600.0,13.206661224365234
2011-03-10,23.693042755126953,23.285655975341797,23.583744049072266,23.439666748046875,2409100.0,12.959450721740723
2011-03-11,23.722850799560547,23.201196670532227,23.355209350585938,23.698009490966797,1930600.0,13.215044975280762
2011-03-14,23.563871383666992,23.111770629882812,23.474443435668945,23.235973358154297,2133100.0,12.957391738891602
2011-03-15,23.29062271118164,22.69941520690918,22.878267288208008,23.136611938476562,2735200.0,12.901984214782715
2011-03-16,23.226037979125977,22.58017921447754,23.047183990478516,22.749095916748047,2483700.0,12.685888290405273
2011-03-17,23.235973358154297,22.868331909179688,23.042217254638672,23.03227996826172,1604700.0,12.843805313110352
2011-03-18,23.643360137939453,23.305526733398438,23.34030532836914,23.49431610107422,2578800.0,13.101455688476562
2011-03-21,24.165016174316406,23.663232803344727,23.792404174804688,24.140174865722656,2662100.0,13.461615562438965
2011-03-22,24.12527084350586,23.87189483642578,24.115333557128906,23.87189483642578,1644600.0,13.312007904052734
2011-03-23,24.085525512695312,23.727819442749023,23.82718276977539,24.01597023010254,1237000.0,13.392352104187012
2011-03-24,24.43329429626465,23.966289520263672,24.140174865722656,24.304122924804688,1803800.0,13.553037643432617
2011-03-25,24.557498931884766,24.259408950805664,24.423358917236328,24.428325653076172,1653800.0,13.62230110168457
2011-03-28,24.50284767150879,24.045780181884766,24.463104248046875,24.09049415588379,1500400.0,13.433908462524414
2011-03-29,24.319026947021484,24.060684204101562,24.19482421875,24.28921890258789,1235100.0,13.544727325439453
2011-03-30,24.48297691345215,24.239538192749023,24.423358917236328,24.33393096923828,1338800.0,13.569660186767578
2011-03-31,24.423358917236328,24.16998291015625,24.33393096923828,24.209728240966797,1761900.0,13.500401496887207
2011-04-01,24.592275619506836,24.20475959777832,24.4581356048584,24.532657623291016,1601900.0,13.680481910705566
2011-04-04,24.71647834777832,24.4432315826416,24.542593002319336,24.542593002319336,1006700.0,13.686018943786621
2011-04-05,24.82080841064453,24.46807098388672,24.547561645507812,24.632020950317383,1582400.0,13.735888481140137
2011-04-06,24.805904388427734,24.50284767150879,24.771127700805664,24.711509704589844,1511000.0,13.780214309692383
2011-04-07,24.850618362426758,24.557498931884766,24.651891708374023,24.75125503540039,1210900.0,13.802379608154297
2011-04-08,24.88042640686035,24.507816314697266,24.88042640686035,24.617115020751953,993200.0,13.727577209472656
2011-04-11,24.711509704589844,24.31406021118164,24.532657623291016,24.438262939453125,1242400.0,13.627838134765625
2011-04-12,24.478008270263672,24.16998291015625,24.29915428161621,24.20475959777832,1832300.0,13.497627258300781
2011-04-13,24.582338333129883,24.174951553344727,24.478008270263672,24.29915428161621,1900000.0,13.550265312194824
2011-04-14,24.736351013183594,24.080556869506836,24.095460891723633,24.6568603515625,2344200.0,13.749736785888672
2011-04-15,24.910236358642578,24.567434310913086,24.671764373779297,24.865522384643555,2505000.0,13.86609935760498
2011-04-18,24.721446990966797,24.463104248046875,24.567434310913086,24.55253028869629,3364700.0,13.69156551361084
2011-04-19,24.75125503540039,24.58730697631836,24.602210998535156,24.686670303344727,3933100.0,13.766361236572266
2011-04-20,24.890363693237305,24.4581356048584,24.88042640686035,24.507816314697266,3978100.0,13.666629791259766
2011-04-21,24.736351013183594,24.3935489654541,24.537626266479492,24.4084529876709,2170900.0,13.611214637756348
2011-04-25,24.567434310913086,24.35877227783203,24.46807098388672,24.547561645507812,1501700.0,13.688790321350098
2011-04-26,24.80093765258789,24.55253028869629,24.602210998535156,24.671764373779297,2616600.0,13.758049964904785
2011-04-27,25.13380241394043,24.70654296875,24.72641372680664,25.10896110534668,2483700.0,14.001850128173828
2011-04-28,25.317623138427734,25.00463104248047,25.00463104248047,25.233163833618164,1522700.0,14.071110725402832
2011-04-29,25.486539840698242,25.188451766967773,25.287813186645508,25.327558517456055,1541700.0,14.123749732971191
2011-05-02,25.551124572753906,25.10896110534668,25.49150848388672,25.113929748535156,1680200.0,14.004623413085938
2011-05-03,22.977630615234375,21.502094268798828,22.490753173828125,21.874704360961914,12597300.0,12.198290824890137
2011-05-04,22.11814308166504,21.57164764404297,21.909481048583984,21.839927673339844,5844700.0,12.178894996643066
2011-05-05,21.979034423828125,21.5368709564209,21.71572494506836,21.59648895263672,4413800.0,12.043143272399902
2011-05-06,22.08336639404297,21.551774978637695,21.874704360961914,21.616361618041992,2933500.0,12.054224014282227
2011-05-09,21.79521369934082,21.616361618041992,21.616361618041992,21.710756301879883,2875400.0,12.106863021850586
2011-05-10,22.391389846801758,21.710756301879883,21.834959030151367,22.351646423339844,3864100.0,12.464251518249512
2011-05-11,22.42616844177246,21.805150985717773,21.964130401611328,21.993940353393555,3160800.0,12.264778137207031
2011-05-12,22.386423110961914,21.869735717773438,21.93929100036621,22.37648582458496,2329800.0,12.478102684020996
2011-05-13,22.326805114746094,22.103239059448242,22.267187118530273,22.18769645690918,2203500.0,12.372825622558594
2011-05-16,22.123111724853516,21.84489631652832,22.098270416259766,21.884639739990234,2277200.0,12.203832626342773
2011-05-17,22.078397750854492,21.680946350097656,21.790246963500977,22.068462371826172,2206800.0,12.306339263916016
2011-05-18,22.31686782836914,21.884639739990234,22.063493728637695,22.113174438476562,2158100.0,12.331271171569824
2011-05-19,22.31686782836914,21.85483169555664,22.232410430908203,22.038652420043945,2138000.0,12.289711952209473
2011-05-20,22.311901092529297,21.755468368530273,22.05852508544922,22.147951126098633,2529900.0,12.350666999816895
2011-05-23,21.810117721557617,21.516998291015625,21.810117721557617,21.65610694885254,2435200.0,12.076386451721191
2011-05-24,21.82005500793457,21.601457595825195,21.770374298095703,21.611392974853516,2160100.0,12.051454544067383
2011-05-25,22.013813018798828,21.43750762939453,21.576616287231445,21.904512405395508,2632000.0,12.214909553527832
2011-05-26,20.260059356689453,18.034334182739258,20.165664672851562,19.067707061767578,28254800.0,10.632984161376953
2011-05-27,20.016620635986328,19.07764434814453,19.147197723388672,19.892417907714844,7949300.0,11.092880249023438
2011-05-31,20.091142654418945,19.74337387084961,20.091142654418945,19.817895889282227,5323800.0,11.051322937011719
2011-06-01,19.87254524230957,19.460189819335938,19.688724517822266,19.499935150146484,4808000.0,10.874014854431152
2011-06-02,19.758277893066406,19.331018447875977,19.489999771118164,19.47012710571289,4034200.0,10.857391357421875
2011-06-03,19.36082649230957,19.08757972717285,19.261465072631836,19.1124210357666,4697800.0,10.657918930053711
2011-06-06,19.191911697387695,18.774587631225586,19.107452392578125,18.819299697875977,6179200.0,10.494464874267578
2011-06-07,19.132293701171875,18.82923698425293,18.878917694091797,18.878917694091797,4517500.0,10.52770709991455
2011-06-08,18.88885498046875,18.6007022857666,18.809364318847656,18.719938278198242,4422100.0,10.439056396484375
2011-06-09,19.22171974182129,18.620574951171875,18.680192947387695,19.067707061767578,4322800.0,10.632984161376953
2011-06-10,18.864013671875,18.476499557495117,18.82923698425293,18.724905014038086,3604800.0,10.552508354187012
2011-06-13,18.873950958251953,18.476499557495117,18.719938278198242,18.82923698425293,5501600.0,10.61130428314209
2011-06-14,19.23165512084961,18.988216400146484,19.01802635192871,19.117387771606445,4218800.0,10.77369499206543
2011-06-15,19.54961585998535,18.50630760192871,18.903759002685547,18.978281021118164,8370100.0,10.695301055908203
2011-06-16,19.345922470092773,18.824268341064453,18.824268341064453,19.10248374938965,6048300.0,10.765295028686523
2011-06-17,19.29127311706543,18.988216400146484,19.261465072631836,19.1273250579834,3212800.0,10.779291152954102
2011-06-20,19.201847076416016,19.003122329711914,19.037899017333984,19.15216636657715,2204300.0,10.793292045593262
2011-06-21,19.450254440307617,19.24656105041504,19.296241760253906,19.425413131713867,2465600.0,10.947282791137695
2011-06-22,19.34095573425293,18.98324966430664,19.241592407226562,19.013057708740234,3463300.0,10.714898109436035
2011-06-23,18.859045028686523,18.491403579711914,18.814332962036133,18.729873657226562,4686600.0,10.555306434631348
2011-06-24,18.938535690307617,18.4019775390625,18.824268341064453,18.426816940307617,4118500.0,10.384520530700684
2011-06-27,18.620574951171875,18.36720085144043,18.511276245117188,18.47153091430664,2508900.0,10.40971565246582
2011-06-28,18.630512237548828,18.421850204467773,18.516244888305664,18.481468200683594,2938800.0,10.415319442749023
2011-06-29,18.660320281982422,18.421850204467773,18.546052932739258,18.595733642578125,2971200.0,10.479711532592773
2011-06-30,19.092548370361328,18.6156063079834,18.65038299560547,18.859045028686523,3229100.0,10.62810230255127
2011-07-01,19.1273250579834,18.749746322631836,18.878917694091797,19.057771682739258,1847500.0,10.740095138549805
2011-07-05,19.042865753173828,18.75968360900879,18.998153686523438,18.92363166809082,2491400.0,10.66450309753418
2011-07-06,19.082611083984375,18.819299697875977,18.878917694091797,18.913694381713867,1867600.0,10.658902168273926
2011-07-07,19.082611083984375,18.928600311279297,19.0627384185791,19.013057708740234,3092200.0,10.714898109436035
2011-07-08,18.864013671875,18.54108428955078,18.809364318847656,18.789491653442383,2325100.0,10.58890438079834
2011-07-11,18.620574951171875,18.382104873657227,18.57586097717285,18.441722869873047,2706400.0,10.39291763305664
2011-07-12,18.521211624145508,18.27280616760254,18.406944274902344,18.387073516845703,3677100.0,10.362120628356934
2011-07-13,18.536117553710938,18.27280616760254,18.46159553527832,18.287710189819336,2947600.0,10.306126594543457
2011-07-14,18.630512237548828,18.22312355041504,18.41191291809082,18.242996215820312,3544100.0,10.280927658081055
2011-07-15,18.332422256469727,18.059175491333008,18.332422256469727,18.208219528198242,3663400.0,10.261327743530273
2011-07-18,18.203250885009766,17.91510009765625,18.143634796142578,18.01943016052246,4166300.0,10.154932975769043
2011-07-19,18.4019775390625,18.133697509765625,18.183378219604492,18.362232208251953,2743000.0,10.34812068939209
2011-07-20,18.551021575927734,18.332422256469727,18.44668960571289,18.466562271118164,1914700.0,10.406919479370117
2011-07-21,18.918663024902344,18.466562271118164,18.55599021911621,18.819299697875977,2437000.0,10.605706214904785
2011-07-22,18.873950958251953,18.714969635009766,18.789491653442383,18.844141006469727,1530000.0,10.619705200195312
2011-07-25,18.47153091430664,18.05420684814453,18.287710189819336,18.322486877441406,3841800.0,10.325723648071289
2011-07-26,18.382104873657227,18.17841148376465,18.302614212036133,18.228092193603516,2467800.0,10.2725248336792
2011-07-27,18.16350746154785,17.602108001708984,18.133697509765625,17.6418514251709,3754400.0,9.942145347595215
2011-07-28,17.79586410522461,17.542490005493164,17.6766300201416,17.55739402770996,3955600.0,9.894554138183594
2011-07-29,17.696500778198242,17.33382797241211,17.413318634033203,17.527585983276367,4361500.0,9.877753257751465
2011-08-01,17.72631072998047,16.931407928466797,17.661724090576172,17.110261917114258,5197200.0,9.642568588256836
2011-08-02,17.08045196533203,16.69293785095215,16.94134521484375,16.891664505004883,5421600.0,9.51937484741211
2011-08-03,16.832046508789062,16.39484977722168,16.78733253479004,16.76249122619629,6500400.0,9.446581840515137
2011-08-04,16.494213104248047,16.146442413330078,16.46440315246582,16.345169067382812,9787500.0,9.211398124694824
2011-08-05,16.707841873168945,15.952686309814453,16.52402114868164,16.638288497924805,12464300.0,9.376585960388184
2011-08-08,16.658161163330078,15.311796188354492,16.260709762573242,15.321732521057129,17213100.0,8.634634971618652
2011-08-09,15.898036003112793,14.879568099975586,15.530394554138184,15.883131980895996,10086400.0,8.95101547241211
2011-08-10,15.078293800354004,13.0711669921875,15.063389778137207,14.030016899108887,23032400.0,7.906681060791016
2011-08-11,14.675874710083008,13.935622215270996,14.039953231811523,14.586448669433594,11662600.0,8.220259666442871
2011-08-12,14.760333061218262,14.417531967163086,14.482117652893066,14.526830673217773,6260200.0,8.186662673950195
2011-08-15,14.954090118408203,14.551671028137207,14.651034355163574,14.939186096191406,4495300.0,8.419048309326172
2011-08-16,14.99383544921875,14.626193046569824,14.790142059326172,14.864664077758789,4172600.0,8.377049446105957
2011-08-17,15.103134155273438,14.680843353271484,14.92428207397461,14.750396728515625,2905600.0,8.312653541564941
2011-08-18,14.362882614135742,13.905813217163086,14.288360595703125,14.04988956451416,10436500.0,7.917881488800049
2011-08-19,13.95052719116211,13.324542045593262,13.866068840026855,13.374222755432129,8473900.0,7.537104606628418
2011-08-22,13.95549488067627,13.632566452026367,13.632566452026367,13.771674156188965,5566000.0,7.761091709136963
2011-08-23,14.417531967163086,13.746832847595215,13.791546821594238,14.417531967163086,4033600.0,8.125067710876465
2011-08-24,14.755365371704102,14.298295974731445,14.417531967163086,14.576512336730957,4711300.0,8.214661598205566
2011-08-25,14.745429039001465,14.034985542297363,14.651034355163574,14.074729919433594,7632900.0,7.931880950927734
2011-08-26,14.50199031829834,13.776641845703125,14.010144233703613,14.323137283325195,7493600.0,8.07187271118164
2011-08-29,15.123006820678711,14.551671028137207,14.581480026245117,15.098166465759277,11777500.0,8.508642196655273
2011-08-30,15.426063537597656,14.884536743164062,15.013708114624023,15.321732521057129,4193500.0,8.634634971618652
2011-08-31,15.54033088684082,15.167719841003418,15.440967559814453,15.232306480407715,3810900.0,8.584238052368164
2011-09-01,15.316764831542969,14.859695434570312,15.227337837219238,14.864664077758789,5263800.0,8.377049446105957
2011-09-02,14.705683708190918,14.159188270568848,14.675874710083008,14.203902244567871,3383100.0,8.113846778869629
2011-09-06,13.866068840026855,13.284796714782715,13.866068840026855,13.736897468566895,6459200.0,7.847073078155518
2011-09-07,14.511926651000977,13.861100196838379,13.92568588256836,14.511926651000977,3614800.0,8.289799690246582
2011-09-08,14.482117652893066,14.04988956451416,14.397659301757812,14.124411582946777,4294600.0,8.068437576293945
2011-09-09,14.01511287689209,13.612693786621094,13.940590858459473,13.726961135864258,3884500.0,7.841397762298584
2011-09-12,13.885941505432129,13.458681106567383,13.56301212310791,13.861100196838379,3443000.0,7.918022155761719
2011-09-13,14.14428424835205,13.836259841918945,13.935622215270996,14.000207901000977,3143900.0,7.997488975524902
2011-09-14,14.233710289001465,13.876005172729492,14.104538917541504,14.059825897216797,4241000.0,8.031543731689453
2011-09-15,14.343009948730469,14.074729919433594,14.223773956298828,14.328104972839355,3864100.0,8.184795379638672
2011-09-16,14.665938377380371,14.387722969055176,14.462244987487793,14.546703338623047,3702800.0,8.30966567993164
2011-09-19,14.367850303649902,14.005176544189453,14.273455619812012,14.213838577270508,2783600.0,8.119521141052246
2011-09-20,14.462244987487793,13.970399856567383,14.213838577270508,13.98033618927002,3602900.0,7.986133098602295
2011-09-21,14.13931655883789,13.369255065917969,14.010144233703613,13.394095420837402,3007900.0,7.651251792907715
2011-09-22,13.14072036743164,12.753206253051758,12.937026977539062,12.932059288024902,7408100.0,7.387317657470703
2011-09-23,13.07613468170166,12.718428611755371,12.763142585754395,12.937026977539062,4344200.0,7.390153408050537
2011-09-26,13.543139457702637,12.971803665161133,13.10097599029541,13.523266792297363,4476400.0,7.725039005279541
2011-09-27,14.253582954406738,13.756769180297852,13.880972862243652,13.846196174621582,3824200.0,7.909507751464844
2011-09-28,13.95549488067627,13.413968086242676,13.930654525756836,13.43384075164795,3939400.0,7.673954010009766
2011-09-29,14.030016899108887,13.453713417053223,13.726961135864258,13.726961135864258,3726100.0,7.841397762298584
2011-09-30,13.662375450134277,13.314605712890625,13.503395080566406,13.339446067810059,3138500.0,7.620029926300049
2011-10-03,13.443777084350586,13.13575267791748,13.269892692565918,13.215242385864258,7835400.0,7.549083232879639
2011-10-04,13.62263011932373,12.9469633102417,12.986708641052246,13.59778881072998,5245800.0,7.767607688903809
2011-10-05,14.02008056640625,13.478553771972656,13.612693786621094,13.95549488067627,4427900.0,7.971944332122803
2011-10-06,14.392690658569336,13.930654525756836,13.960463523864746,14.367850303649902,2806600.0,8.207498550415039
2011-10-07,14.551671028137207,14.02008056640625,14.47714900970459,14.203902244567871,3252600.0,8.113846778869629
2011-10-10,14.780205726623535,14.47714900970459,14.511926651000977,14.780205726623535,2811500.0,8.443053245544434
2011-10-11,14.978931427001953,14.6311616897583,14.665938377380371,14.814982414245605,2083400.0,8.462918281555176
2011-10-12,15.346572875976562,14.99383544921875,14.99383544921875,15.103134155273438,2959300.0,8.627523422241211
2011-10-13,15.02364444732666,14.765301704406738,14.973962783813477,14.93421745300293,2595900.0,8.531030654907227
2011-10-14,15.281987190246582,15.078293800354004,15.172688484191895,15.202497482299805,2353100.0,8.684284210205078
2011-10-17,15.123006820678711,14.656002044677734,15.123006820678711,14.700715065002441,2553600.0,8.397643089294434
2011-10-18,15.063389778137207,14.397659301757812,14.700715065002441,14.95905876159668,2955700.0,8.545222282409668
2011-10-19,15.013708114624023,14.526830673217773,15.003771781921387,14.586448669433594,2687100.0,8.332371711730957
2011-10-20,14.670907020568848,14.149251937866211,14.576512336730957,14.54173469543457,2779000.0,8.306829452514648
2011-10-21,15.113070487976074,14.715620040893555,14.745429039001465,14.919313430786133,2635500.0,8.522516250610352
2011-10-24,15.38631820678711,14.909377098083496,15.018675804138184,15.351541519165039,3380400.0,8.769423484802246
2011-10-25,15.341605186462402,14.96402645111084,15.321732521057129,14.998804092407227,2737100.0,8.567924499511719
2011-10-26,15.281987190246582,14.795109748840332,15.202497482299805,15.212433815002441,2217600.0,8.689958572387695
2011-10-27,16.4544677734375,15.619820594787598,15.714215278625488,16.30045509338379,4595400.0,9.311479568481445
2011-10-28,16.340200424194336,15.942749977111816,16.081857681274414,16.116634368896484,3485300.0,9.206474304199219
2011-10-31,16.042112350463867,15.609884262084961,15.93281364440918,15.629756927490234,2976400.0,8.928350448608398
2011-11-01,15.222370147705078,14.765301704406738,15.123006820678711,14.864664077758789,3837300.0,8.491299629211426
2011-11-02,15.296892166137695,14.93421745300293,15.162752151489258,15.073326110839844,2485600.0,8.610494613647461
2011-11-03,16.136507034301758,15.172688484191895,15.252178192138672,16.09676170349121,4383300.0,9.195122718811035
2011-11-04,16.2060604095459,15.734087944030762,15.917908668518066,16.09676170349121,3193600.0,9.195122718811035
2011-11-07,16.250774383544922,15.848355293273926,16.047080993652344,16.03714370727539,2768100.0,9.161067962646484
2011-11-08,16.39484977722168,15.96759033203125,16.196125030517578,16.379945755004883,3409200.0,9.356887817382812
2011-11-09,15.048484802246094,13.811419486999512,14.556639671325684,13.861100196838379,10289300.0,7.918022155761719
2011-11-10,13.826323509216309,12.380596160888672,13.59778881072998,12.539576530456543,13288200.0,7.163114547729492
2011-11-11,13.245051383972168,12.812823295593262,12.927090644836426,13.155625343322754,8289300.0,7.51502799987793
2011-11-14,13.036389350891113,12.52467155456543,13.036389350891113,12.64887523651123,4751000.0,7.225551128387451
2011-11-15,13.46364974975586,12.450149536132812,12.594225883483887,13.07613468170166,13241100.0,7.469616889953613
2011-11-16,13.354350090026855,12.812823295593262,12.912186622619629,12.827728271484375,5125300.0,7.327718734741211
2011-11-17,12.837664604187012,12.415372848510742,12.768110275268555,12.49486255645752,4372500.0,7.137573719024658
2011-11-18,12.594225883483887,12.246456146240234,12.529640197753906,12.52467155456543,5100200.0,7.154601097106934
2011-11-21,12.46008586883545,12.181870460510254,12.320978164672852,12.340850830078125,6021200.0,7.049593448638916
2011-11-22,12.335882186889648,12.022890090942383,12.251423835754395,12.16696548461914,5662700.0,6.950265407562256
2011-11-23,12.072571754455566,11.411808967590332,12.057666778564453,11.426713943481445,7591300.0,6.527402400970459
2011-11-25,11.501235961914062,11.327350616455078,11.416777610778809,11.391936302185059,2641500.0,6.5075364112854
2011-11-28,11.863909721374512,11.491299629211426,11.809260368347168,11.595630645751953,6198200.0,6.623894214630127
2011-11-29,11.694993019104004,11.506203651428223,11.655247688293457,11.57575798034668,8992800.0,6.612542629241943
2011-11-30,12.16696548461914,11.67512035369873,11.794355392456055,12.137157440185547,6501300.0,6.933237552642822
2011-12-01,12.340850830078125,11.983144760131836,12.082508087158203,12.281232833862305,4495500.0,7.015537261962891
2011-12-02,12.49486255645752,12.201743125915527,12.360723495483398,12.256392478942871,3505900.0,7.001348972320557
2011-12-05,12.768110275268555,12.370659828186035,12.470022201538086,12.733333587646484,6175100.0,7.273796081542969
2011-12-06,12.773078918457031,12.455118179321289,12.773078918457031,12.58925724029541,3376900.0,7.191494464874268
2011-12-07,12.768110275268555,12.380596160888672,12.484926223754883,12.688620567321777,4012300.0,7.248254776000977
2011-12-08,12.633971214294434,12.415372848510742,12.509767532348633,12.430276870727539,6596900.0,7.100677967071533
2011-12-09,13.04135799407959,12.435245513916016,12.48989486694336,12.892313957214355,4044400.0,7.364613056182861
2011-12-12,12.9469633102417,12.450149536132812,12.753206253051758,12.539576530456543,4605800.0,7.163114547729492
2011-12-13,12.827728271484375,12.271296501159668,12.65384292602539,12.385563850402832,4094700.0,7.075135707855225
2011-12-14,12.455118179321289,12.2216157913208,12.375627517700195,12.385563850402832,5740500.0,7.075135707855225
2011-12-15,12.733333587646484,12.559449195861816,12.574353218078613,12.64887523651123,5394300.0,7.225551128387451
2011-12-16,12.961867332458496,12.748237609863281,12.787982940673828,12.882377624511719,6063200.0,7.358935356140137
2011-12-19,13.01154899597168,12.370659828186035,12.877408981323242,12.420340538024902,4303200.0,7.0950026512146
2011-12-20,13.215242385864258,12.629002571105957,12.658811569213867,13.160593032836914,3392900.0,7.517864227294922
2011-12-21,13.10594367980957,12.49486255645752,13.051294326782227,12.753206253051758,4319800.0,7.397568225860596
2011-12-22,13.081103324890137,12.783015251159668,12.802886962890625,13.01154899597168,3958900.0,7.547422885894775
2011-12-23,13.205306053161621,13.04632568359375,13.115880012512207,13.155625343322754,1874100.0,7.630995273590088
2011-12-27,12.415372848510742,11.888750076293945,12.206710815429688,11.9732084274292,5895400.0,6.945127010345459
2011-12-28,12.117284774780273,11.680088996887207,12.00798511505127,11.804291725158691,5201000.0,6.84714412689209
2011-12-29,11.878813743591309,11.64034366607666,11.858941078186035,11.764547348022461,3929900.0,6.82409143447876
2011-12-30,11.863909721374512,11.685056686401367,11.819196701049805,11.774482727050781,3230500.0,6.829855918884277
2012-01-03,12.296137809753418,11.933463096618652,12.06760311126709,12.181870460510254,3479600.0,7.066163539886475
2012-01-04,12.176901817321777,11.928495407104492,12.13218879699707,12.16696548461914,4230700.0,7.057514667510986
2012-01-05,12.360723495483398,12.00301742553711,12.137157440185547,12.077539443969727,6044200.0,7.005645275115967
2012-01-06,12.152061462402344,11.665184020996094,12.077539443969727,11.690025329589844,6004100.0,6.780864715576172
2012-01-09,11.839069366455078,11.560853004455566,11.769515037536621,11.61053466796875,4542800.0,6.734756946563721
2012-01-10,12.176901817321777,11.764547348022461,11.849004745483398,12.12722110748291,4548100.0,7.034461498260498
2012-01-11,12.251423835754395,12.022890090942383,12.117284774780273,12.211679458618164,2778900.0,7.083453178405762
2012-01-12,12.385563850402832,12.017921447753906,12.216647148132324,12.360723495483398,4026000.0,7.1699066162109375
2012-01-13,12.261360168457031,11.968240737915039,12.246456146240234,11.99804973602295,2578500.0,6.959535598754883
2012-01-17,12.400468826293945,12.12722110748291,12.152061462402344,12.266328811645508,3339700.0,7.115152835845947
2012-01-18,12.703524589538574,12.201743125915527,12.301105499267578,12.67868423461914,3203500.0,7.354341506958008
2012-01-19,13.061230659484863,12.633971214294434,12.668747901916504,12.961867332458496,3185500.0,7.518603324890137
2012-01-20,13.051294326782227,12.857537269592285,12.98173999786377,12.966835975646973,2529000.0,7.521485805511475
2012-01-23,13.195369720458984,12.897281646728516,12.991676330566406,13.061230659484863,2437400.0,7.576239585876465
2012-01-24,13.056262016296387,12.792951583862305,12.98173999786377,12.961867332458496,2800600.0,7.518603324890137
2012-01-25,13.120847702026367,12.773078918457031,12.966835975646973,13.07613468170166,2288700.0,7.584884166717529
2012-01-26,13.245051383972168,12.857537269592285,13.120847702026367,12.932059288024902,2487000.0,7.501311779022217
2012-01-27,13.056262016296387,12.842632293701172,12.887345314025879,13.00658130645752,2088000.0,7.544539928436279
2012-01-30,12.97677230834961,12.728364944458008,12.872441291809082,12.882377624511719,2667900.0,7.4724955558776855
2012-01-31,12.956899642944336,12.624034881591797,12.932059288024902,12.832695960998535,3530000.0,7.4436774253845215
2012-02-01,13.632566452026367,12.802886962890625,12.971803665161133,13.508362770080566,4256000.0,7.835601806640625
2012-02-02,13.682247161865234,13.46364974975586,13.55804443359375,13.543139457702637,2357700.0,7.855775356292725
2012-02-03,13.975367546081543,13.712056159973145,13.741865158081055,13.945558547973633,2480300.0,8.089197158813477
2012-02-06,13.771674156188965,13.478553771972656,13.771674156188965,13.637534141540527,5546700.0,7.910529613494873
2012-02-07,13.52823543548584,13.110912322998047,13.49842643737793,13.155625343322754,8315600.0,7.630995273590088
2012-02-08,16.64325714111328,14.218806266784668,14.218806266784668,15.594980239868164,28023900.0,9.045955657958984
2012-02-09,16.603511810302734,15.57510757446289,15.629756927490234,16.365041732788086,11338900.0,9.492634773254395
2012-02-10,16.26567840576172,15.982494354248047,16.136507034301758,16.13153839111328,6030300.0,9.357189178466797
2012-02-13,16.340200424194336,15.838418960571289,16.270647048950195,16.081857681274414,4509000.0,9.328372955322266
2012-02-14,16.27561378479004,15.962621688842773,16.066953659057617,16.196125030517578,4490500.0,9.394652366638184
2012-02-15,16.792301177978516,16.022239685058594,16.35013771057129,16.379945755004883,7749300.0,9.501277923583984
2012-02-16,16.633319854736328,16.101730346679688,16.414722442626953,16.52402114868164,3012100.0,9.58485221862793
2012-02-17,16.683002471923828,16.404787063598633,16.64325714111328,16.434595108032227,3865200.0,9.532978057861328
2012-02-21,16.588607788085938,15.773833274841309,16.444530487060547,15.883131980895996,5229200.0,9.213098526000977
2012-02-22,16.032176971435547,15.788737297058105,15.893068313598633,15.84338665008545,3629700.0,9.190045356750488
2012-02-23,16.052047729492188,15.798673629760742,15.87816333770752,16.03714370727539,3017300.0,9.302436828613281
2012-02-24,16.101730346679688,15.863259315490723,16.042112350463867,15.942749977111816,2545700.0,9.247681617736816
2012-02-27,16.2060604095459,15.724151611328125,15.898036003112793,16.07192039489746,2617900.0,9.322606086730957
2012-02-28,16.16631507873535,15.90797233581543,16.091793060302734,16.012304306030273,2831900.0,9.28802490234375
2012-02-29,16.171283721923828,15.768864631652832,16.081857681274414,15.778800964355469,2891600.0,9.152579307556152
2012-03-01,15.952686309814453,15.734087944030762,15.893068313598633,15.823513984680176,2375100.0,9.17851734161377
2012-03-02,15.99739933013916,15.560203552246094,15.838418960571289,15.560203552246094,2569500.0,9.025781631469727
2012-03-05,16.315359115600586,15.729119300842285,16.012304306030273,15.863259315490723,4241300.0,9.201571464538574
2012-03-06,15.694342613220215,15.336636543273926,15.634725570678711,15.406190872192383,3918700.0,8.936446189880371
2012-03-07,15.505553245544434,15.336636543273926,15.490649223327637,15.366445541381836,2387900.0,8.913392066955566
2012-03-08,15.639693260192871,15.435999870300293,15.555234909057617,15.54529857635498,2142900.0,9.017138481140137
2012-03-09,15.758928298950195,15.51052188873291,15.609884262084961,15.634725570678711,2555800.0,9.069008827209473
2012-03-12,15.848355293273926,15.431031227111816,15.634725570678711,15.47574520111084,3018700.0,8.976791381835938
2012-03-13,15.694342613220215,15.505553245544434,15.624789237976074,15.624789237976074,3641400.0,9.063244819641113
2012-03-14,15.704278945922852,15.38631820678711,15.649629592895508,15.435999870300293,2499600.0,8.95373821258545
2012-03-15,15.962621688842773,15.351541519165039,15.435999870300293,15.947717666625977,3232200.0,9.25056266784668
2012-03-16,16.08682632446289,15.619820594787598,15.97255802154541,15.699311256408691,4242600.0,9.10647201538086
2012-03-19,15.87816333770752,15.470776557922363,15.594980239868164,15.654597282409668,3641900.0,9.080537796020508
2012-03-20,15.505553245544434,15.103134155273438,15.505553245544434,15.137911796569824,3656600.0,8.780830383300781
2012-03-21,15.411158561706543,15.073326110839844,15.11803913116455,15.331668853759766,2757800.0,9.012289047241211
2012-03-22,15.182624816894531,15.013708114624023,15.157784461975098,15.108102798461914,2547900.0,8.880871772766113
2012-03-23,15.286955833435059,15.013708114624023,15.078293800354004,15.247210502624512,2802100.0,8.962641716003418
2012-03-26,15.525425910949707,15.311796188354492,15.426063537597656,15.440967559814453,3404100.0,9.076537132263184
2012-03-27,15.619820594787598,15.311796188354492,15.455872535705566,15.455872535705566,2712600.0,9.085298538208008
2012-03-28,15.465808868408203,15.05842113494873,15.465808868408203,15.162752151489258,1708600.0,8.912996292114258
2012-03-29,15.08326244354248,14.745429039001465,15.008739471435547,15.043517112731934,2161900.0,8.84290599822998
2012-03-30,15.227337837219238,14.819951057434082,15.172688484191895,14.874600410461426,2894700.0,8.743612289428711
2012-04-02,15.018675804138184,14.651034355163574,14.829887390136719,14.968995094299316,2296700.0,8.799103736877441
2012-04-03,15.043517112731934,14.641098022460938,14.93421745300293,14.740460395812988,2874500.0,8.664764404296875
2012-04-04,14.660970687866211,14.328104972839355,14.591416358947754,14.40759563446045,3019200.0,8.469100952148438
2012-04-05,14.611289024353027,14.208869934082031,14.372818946838379,14.581480026245117,3479000.0,8.57131290435791
2012-04-09,14.288360595703125,14.124411582946777,14.288360595703125,14.218806266784668,1977900.0,8.358122825622559
2012-04-10,14.208869934082031,13.95549488067627,14.14428424835205,14.000207901000977,2976400.0,8.229628562927246
2012-04-11,13.861100196838379,12.753206253051758,13.036389350891113,13.607725143432617,11618000.0,7.9989166259765625
2012-04-12,13.781610488891602,13.488490104675293,13.59778881072998,13.756769180297852,5121400.0,8.086527824401855
2012-04-13,13.642502784729004,13.289764404296875,13.632566452026367,13.423904418945312,3404800.0,7.890863418579102
2012-04-16,13.910781860351562,13.513330459594727,13.617661476135254,13.59282112121582,4208400.0,7.990157127380371
2012-04-17,13.816387176513672,13.59778881072998,13.677279472351074,13.756769180297852,2748000.0,8.086527824401855
2012-04-18,13.871036529541016,13.62759780883789,13.62759780883789,13.836259841918945,3930700.0,8.133255958557129
2012-04-19,13.98033618927002,13.632566452026367,13.880972862243652,13.692183494567871,2556000.0,8.048563003540039
2012-04-20,13.796514511108398,13.513330459594727,13.746832847595215,13.543139457702637,2893800.0,7.960953235626221
2012-04-23,13.399064064025879,13.155625343322754,13.369255065917969,13.314605712890625,2665100.0,7.826616287231445
2012-04-24,13.46861743927002,13.200338363647461,13.344414710998535,13.46861743927002,3077700.0,7.917146682739258
2012-04-25,13.836259841918945,13.587852478027344,13.667343139648438,13.796514511108398,3049900.0,8.109889030456543
2012-04-26,13.965431213378906,13.731928825378418,13.731928825378418,13.910781860351562,2251500.0,8.17706298828125
2012-04-27,14.149251937866211,13.900845527648926,13.98530387878418,14.149251937866211,3011300.0,8.317240715026855
2012-04-30,14.094602584838867,13.846196174621582,14.094602584838867,13.940590858459473,2801200.0,8.19458293914795
2012-05-01,14.159188270568848,13.880972862243652,13.915749549865723,14.099571228027344,2200700.0,8.28803539276123
2012-05-02,14.159188270568848,13.930654525756836,13.995240211486816,14.010144233703613,2834100.0,8.235467910766602
2012-05-03,14.030016899108887,13.816387176513672,14.01511287689209,13.910781860351562,2616600.0,8.17706298828125
2012-05-04,13.766705513000488,13.508362770080566,13.766705513000488,13.518299102783203,2974200.0,7.946351528167725
2012-05-07,13.647470474243164,13.344414710998535,13.369255065917969,13.538171768188477,2641900.0,7.958032608032227
2012-05-08,13.418936729431152,13.225178718566895,13.364286422729492,13.413968086242676,3631600.0,7.885022163391113
2012-05-09,13.572948455810547,13.10594367980957,13.230147361755371,13.503395080566406,3484200.0,7.937590599060059
2012-05-10,13.682247161865234,13.339446067810059,13.672310829162598,13.413968086242676,2323300.0,7.885022163391113
2012-05-11,13.567980766296387,13.289764404296875,13.339446067810059,13.46861743927002,2395200.0,7.917146682739258
2012-05-14,13.339446067810059,13.096007347106934,13.299700736999512,13.210274696350098,1970800.0,7.765287399291992
2012-05-15,13.274860382080078,13.0711669921875,13.215242385864258,13.10097599029541,3306000.0,7.701040267944336
2012-05-16,13.458681106567383,13.110912322998047,13.264924049377441,13.125816345214844,5648900.0,7.715640544891357
2012-05-17,13.130784034729004,12.758173942565918,13.091039657592773,12.802886962890625,7861400.0,7.525816917419434
2012-05-18,13.01154899597168,12.668747901916504,12.802886962890625,12.792951583862305,6351900.0,7.519974708557129
2012-05-21,13.210274696350098,12.6836519241333,12.797919273376465,13.190402030944824,3042100.0,7.753604412078857
2012-05-22,13.364286422729492,13.036389350891113,13.13575267791748,13.110912322998047,3505400.0,7.70688009262085
2012-05-23,13.269892692565918,12.917154312133789,13.00658130645752,13.250020027160645,3350000.0,7.788650989532471
2012-05-24,13.289764404296875,13.036389350891113,13.289764404296875,13.14072036743164,2873200.0,7.724401950836182
2012-05-25,13.413968086242676,13.091039657592773,13.110912322998047,13.225178718566895,2257300.0,7.774048805236816
2012-05-29,13.59282112121582,13.374222755432129,13.374222755432129,13.56301212310791,2713000.0,7.972634315490723
2012-05-30,13.503395080566406,13.250020027160645,13.43384075164795,13.369255065917969,3226800.0,7.858740329742432
2012-05-31,13.389127731323242,13.036389350891113,13.369255065917969,13.235115051269531,2554000.0,7.7798871994018555
2012-06-01,13.031421661376953,12.817791938781738,12.986708641052246,12.817791938781738,3328300.0,7.5345778465271
2012-06-04,12.862504959106445,12.49486255645752,12.837664604187012,12.668747901916504,4863500.0,7.446967601776123
2012-06-05,13.07613468170166,12.604162216186523,12.643906593322754,12.917154312133789,3799100.0,7.592984676361084
2012-06-06,13.130784034729004,13.001612663269043,13.04135799407959,13.096007347106934,3070500.0,7.698118209838867
2012-06-07,13.394095420837402,12.98173999786377,13.314605712890625,12.98173999786377,2623300.0,7.630950450897217
2012-06-08,13.001612663269043,12.802886962890625,12.986708641052246,12.991676330566406,2889500.0,7.636791229248047
2012-06-11,13.13575267791748,12.430276870727539,13.125816345214844,12.445181846618652,3639300.0,7.315549373626709
2012-06-12,12.380596160888672,12.13218879699707,12.360723495483398,12.316010475158691,3809500.0,7.357863426208496
2012-06-13,12.306074142456055,11.983144760131836,12.306074142456055,12.022890090942383,3001300.0,7.182746410369873
2012-06-14,12.16696548461914,11.968240737915039,12.022890090942383,12.077539443969727,3048300.0,7.215395450592041
2012-06-15,12.276265144348145,12.047730445861816,12.082508087158203,12.276265144348145,2620800.0,7.334118843078613
2012-06-18,12.316010475158691,12.022890090942383,12.2216157913208,12.231552124023438,2113000.0,7.307405471801758
2012-06-19,12.330914497375488,12.112316131591797,12.306074142456055,12.261360168457031,3087600.0,7.325214385986328
2012-06-20,12.355754852294922,12.171934127807617,12.286201477050781,12.276265144348145,2107100.0,7.334118843078613
2012-06-21,12.355754852294922,11.844037055969238,12.266328811645508,11.849004745483398,3211200.0,7.078863620758057
2012-06-22,11.933463096618652,11.799324035644531,11.923527717590332,11.873846054077148,2196900.0,7.093704700469971
2012-06-25,11.739706039428711,11.501235961914062,11.739706039428711,11.590662002563477,2848200.0,6.924524784088135
2012-06-26,11.650279998779297,11.476394653320312,11.625438690185547,11.570789337158203,2336800.0,6.912652492523193
2012-06-27,11.759578704833984,11.555885314941406,11.61550235748291,11.754611015319824,2909500.0,7.022469997406006
2012-06-28,11.829133033752441,11.620471000671387,11.665184020996094,11.804291725158691,3310700.0,7.052151203155518
2012-06-29,12.335882186889648,12.03282642364502,12.03282642364502,12.330914497375488,4385500.0,7.366767406463623
2012-07-02,12.430276870727539,12.152061462402344,12.380596160888672,12.325945854187012,2678400.0,7.363799571990967
2012-07-03,12.49486255645752,12.301105499267578,12.350787162780762,12.465054512023926,2521000.0,7.446907043457031
2012-07-05,12.514735221862793,12.360723495483398,12.440213203430176,12.420340538024902,2442500.0,7.420192241668701
2012-07-06,12.375627517700195,11.9732084274292,12.311041831970215,12.03779411315918,4160000.0,7.191649913787842
2012-07-09,12.012953758239746,11.714865684509277,11.983144760131836,11.923527717590332,3723400.0,7.123384952545166
2012-07-10,12.06760311126709,11.55091667175293,11.978177070617676,11.64531135559082,3319900.0,6.9571733474731445
2012-07-11,11.724802017211914,11.431681632995605,11.67512035369873,11.51613998413086,2692000.0,6.880003929138184
2012-07-12,11.521108627319336,11.282637596130371,11.396904945373535,11.456521987915039,3717500.0,6.844384670257568
2012-07-13,11.839069366455078,11.441617965698242,11.471426963806152,11.789387702941895,3826400.0,7.043246746063232
2012-07-16,11.794355392456055,11.55091667175293,11.759578704833984,11.590662002563477,1984700.0,6.924524784088135
2012-07-17,11.759578704833984,11.431681632995605,11.630407333374023,11.650279998779297,967100.0,6.960139751434326
2012-07-18,11.893718719482422,11.61053466796875,11.64034366607666,11.853973388671875,2540700.0,7.081831932067871
2012-07-19,12.06263542175293,11.685056686401367,11.913591384887695,11.724802017211914,3328300.0,7.00466251373291
2012-07-20,11.729769706726074,11.57575798034668,11.655247688293457,11.600598335266113,3371500.0,6.930461406707764
2012-07-23,11.396904945373535,11.163402557373047,11.357159614562988,11.332319259643555,3098000.0,6.770184516906738
2012-07-24,11.332319259643555,11.02429485321045,11.312446594238281,11.178306579589844,10854200.0,6.678173065185547
2012-07-25,11.381999969482422,11.143529891967773,11.198179244995117,11.292573928833008,3784600.0,6.746440410614014
2012-07-26,11.839069366455078,11.526076316833496,11.526076316833496,11.719833374023438,4218500.0,7.001692295074463
2012-07-27,12.107348442077637,11.719833374023438,11.784419059753418,12.03779411315918,2277200.0,7.191649913787842
2012-07-30,12.10237979888916,11.918559074401855,11.99804973602295,12.06760311126709,1814300.0,7.209458351135254
2012-07-31,12.256392478942871,11.963272094726562,12.077539443969727,12.231552124023438,2868300.0,7.307405471801758
2012-08-01,12.316010475158691,12.12722110748291,12.251423835754395,12.171934127807617,3076900.0,7.271788597106934
2012-08-02,12.12722110748291,11.839069366455078,12.042762756347656,11.99804973602295,2158700.0,7.167906284332275
2012-08-03,12.390532493591309,12.19180679321289,12.226583480834961,12.335882186889648,1783700.0,7.369736671447754
2012-08-06,12.539576530456543,12.375627517700195,12.385563850402832,12.484926223754883,1509600.0,7.4587788581848145
2012-08-07,12.792951583862305,12.529640197753906,12.529640197753906,12.67868423461914,1887400.0,7.574533462524414
2012-08-08,15.048484802246094,13.17052936553955,13.17052936553955,14.670907020568848,15100900.0,8.764735221862793
2012-08-09,15.247210502624512,14.6311616897583,14.695747375488281,15.157784461975098,7250800.0,9.055604934692383
2012-08-10,15.599947929382324,15.05842113494873,15.123006820678711,15.560203552246094,4326600.0,9.296015739440918
2012-08-13,15.689374923706055,15.361477851867676,15.570138931274414,15.6049165725708,3514500.0,9.322733879089355
2012-08-14,15.783769607543945,15.490649223327637,15.634725570678711,15.570138931274414,3383400.0,9.301953315734863
2012-08-15,15.664533615112305,15.366445541381836,15.570138931274414,15.570138931274414,4303500.0,9.301953315734863
2012-08-16,16.08682632446289,15.550267219543457,15.649629592895508,15.93281364440918,6134400.0,9.51862621307373
2012-08-17,16.39484977722168,15.93281364440918,15.977526664733887,16.235870361328125,5084300.0,9.699678421020508
2012-08-20,16.39484977722168,16.07192039489746,16.176252365112305,16.38491439819336,3221300.0,9.788719177246094
2012-08-21,16.603511810302734,16.345169067382812,16.37000846862793,16.414722442626953,2881900.0,9.806527137756348
2012-08-22,16.494213104248047,16.320327758789062,16.340200424194336,16.365041732788086,2997800.0,9.776846885681152
2012-08-23,16.424659729003906,16.16631507873535,16.330265045166016,16.305423736572266,2712200.0,9.741230010986328
2012-08-24,16.449499130249023,16.076889038085938,16.29051971435547,16.389881134033203,1964500.0,9.791685104370117
2012-08-27,16.543893814086914,16.260709762573242,16.48924446105957,16.38491439819336,1774200.0,9.788719177246094
2012-08-28,16.35013771057129,16.13153839111328,16.310392379760742,16.2060604095459,3033100.0,9.681870460510254
2012-08-29,16.340200424194336,16.076889038085938,16.225933074951172,16.141475677490234,2716800.0,9.643285751342773
2012-08-30,16.116634368896484,15.838418960571289,16.081857681274414,15.99739933013916,2857500.0,9.557209014892578
2012-08-31,16.141475677490234,15.90300464630127,16.08682632446289,16.00236701965332,2518800.0,9.681211471557617
2012-09-04,16.235870361328125,15.649629592895508,16.235870361328125,15.87816333770752,3439600.0,9.606072425842285
2012-09-05,16.09676170349121,15.833450317382812,15.883131980895996,16.076889038085938,2370200.0,9.726295471191406
2012-09-06,16.36007308959961,16.057016372680664,16.146442413330078,16.270647048950195,3291900.0,9.843517303466797
2012-09-07,16.499181747436523,16.23090171813965,16.29051971435547,16.414722442626953,3760100.0,9.930681228637695
2012-09-10,16.87179183959961,16.285551071166992,16.305423736572266,16.439563751220703,5855600.0,9.945709228515625
2012-09-11,16.543893814086914,16.285551071166992,16.519052505493164,16.345169067382812,3289500.0,9.888602256774902
2012-09-12,16.48924446105957,16.270647048950195,16.36007308959961,16.424659729003906,3606900.0,9.936694145202637
2012-09-13,16.81217384338379,16.404787063598633,16.404787063598633,16.6680965423584,7280400.0,10.083968162536621
2012-09-14,17.259305953979492,16.588607788085938,16.658161163330078,17.229496002197266,4481400.0,10.423605918884277
2012-09-17,17.219560623168945,16.85688591003418,17.169879913330078,16.981090545654297,2574100.0,10.273327827453613
2012-09-18,17.199687957763672,16.69293785095215,17.06058120727539,16.737651824951172,3432000.0,10.12604808807373
2012-09-19,16.77739715576172,16.58363914489746,16.75255584716797,16.663129806518555,2571700.0,10.080964088439941
2012-09-20,16.47930908203125,16.111665725708008,16.439563751220703,16.424659729003906,3314200.0,9.936694145202637
2012-09-21,16.628353118896484,16.414722442626953,16.533958435058594,16.434595108032227,2579900.0,9.942703247070312
2012-09-24,16.494213104248047,16.305423736572266,16.409753799438477,16.320327758789062,2139400.0,9.87357234954834
2012-09-25,16.41969108581543,15.888099670410156,16.389881134033203,15.893068313598633,3106500.0,9.615087509155273
2012-09-26,15.99739933013916,15.778800964355469,15.942749977111816,15.863259315490723,3075300.0,9.597054481506348
2012-09-27,16.052047729492188,15.84338665008545,15.957653999328613,16.007335662841797,4068800.0,9.68421745300293
2012-09-28,16.13153839111328,15.87816333770752,15.942749977111816,16.00236701965332,2806100.0,9.681211471557617
2012-10-01,16.146442413330078,15.748991966247559,16.06198501586914,15.768864631652832,2951100.0,9.539944648742676
2012-10-02,15.93778133392334,15.619820594787598,15.833450317382812,15.798673629760742,3241700.0,9.557979583740234
2012-10-03,16.007335662841797,15.734087944030762,15.898036003112793,15.788737297058105,2335000.0,9.551968574523926
2012-10-04,15.863259315490723,15.684406280517578,15.818546295166016,15.798673629760742,2307800.0,9.557979583740234
2012-10-05,16.007335662841797,15.798673629760742,15.898036003112793,15.838418960571289,1562600.0,9.582024574279785
2012-10-08,15.912940979003906,15.644660949707031,15.763896942138672,15.863259315490723,2483300.0,9.597054481506348
2012-10-09,15.853322982788086,15.406190872192383,15.818546295166016,15.54033088684082,1995200.0,9.401686668395996
2012-10-10,15.629756927490234,15.470776557922363,15.520458221435547,15.565171241760254,2147200.0,9.416716575622559
2012-10-11,15.773833274841309,15.500585556030273,15.654597282409668,15.674469947814941,2302000.0,9.482834815979004
2012-10-12,15.734087944030762,15.535362243652344,15.709247589111328,15.609884262084961,1183800.0,9.443761825561523
2012-10-15,15.788737297058105,15.525425910949707,15.649629592895508,15.773833274841309,1659300.0,9.542952537536621
2012-10-16,16.052047729492188,15.823513984680176,15.84338665008545,16.017271041870117,1896100.0,9.690228462219238
2012-10-17,16.1911563873291,15.90797233581543,16.022239685058594,16.106698989868164,1214200.0,9.744331359863281
2012-10-18,16.101730346679688,15.863259315490723,16.081857681274414,15.947717666625977,1091700.0,9.648149490356445
2012-10-19,15.927845001220703,15.550267219543457,15.888099670410156,15.629756927490234,2368800.0,9.455785751342773
2012-10-22,15.773833274841309,15.555234909057617,15.619820594787598,15.753960609436035,2153200.0,9.530930519104004
2012-10-23,15.639693260192871,15.336636543273926,15.599947929382324,15.48568058013916,2221200.0,9.368624687194824
2012-10-24,15.560203552246094,15.277019500732422,15.535362243652344,15.291923522949219,1526400.0,9.251402854919434
2012-10-25,15.470776557922363,15.157784461975098,15.406190872192383,15.272050857543945,1153600.0,9.23938274383545
2012-10-26,15.316764831542969,15.05345344543457,15.197528839111328,15.197528839111328,1256100.0,9.194295883178711
2012-10-31,15.252178192138672,14.978931427001953,15.252178192138672,15.127975463867188,1920200.0,9.152215957641602
2012-11-01,15.495616912841797,15.167719841003418,15.167719841003418,15.465808868408203,2816100.0,9.35660171508789
2012-11-02,15.599947929382324,15.346572875976562,15.599947929382324,15.460840225219727,2478500.0,9.353596687316895
2012-11-05,15.739055633544922,15.316764831542969,15.38631820678711,15.629756927490234,3803500.0,9.455785751342773
2012-11-06,18.779556274414062,17.115230560302734,17.219560623168945,18.28274154663086,14897800.0,11.060807228088379
2012-11-07,18.252933502197266,17.6269474029541,18.173442840576172,17.78592872619629,4576200.0,10.760241508483887
2012-11-08,17.920068740844727,17.552425384521484,17.70146942138672,17.552425384521484,2210300.0,10.618974685668945
2012-11-09,17.661724090576172,17.40338134765625,17.52261734008789,17.49777603149414,2761500.0,10.585912704467773
2012-11-12,17.621978759765625,17.448095321655273,17.53255271911621,17.507713317871094,2071800.0,10.591928482055664
2012-11-13,17.6269474029541,17.338796615600586,17.388477325439453,17.49777603149414,2044600.0,10.585912704467773
2012-11-14,17.636884689331055,17.21459197998047,17.537521362304688,17.289113998413086,3006500.0,10.459675788879395
2012-11-15,17.328859329223633,17.065547943115234,17.30898666381836,17.10529327392578,3738300.0,10.348465919494629
2012-11-16,17.14006996154785,16.981090545654297,17.120197296142578,17.125165939331055,3900300.0,10.360490798950195
2012-11-19,18.098920822143555,17.621978759765625,17.621978759765625,17.840578079223633,3308800.0,10.793304443359375
2012-11-20,18.416881561279297,17.721342086791992,17.840578079223633,18.337390899658203,4452300.0,11.09386920928955
2012-11-21,18.486434936523438,18.208219528198242,18.337390899658203,18.312551498413086,1559600.0,11.078840255737305
2012-11-23,18.83917236328125,18.287710189819336,18.362232208251953,18.82923698425293,1436000.0,11.39142894744873
2012-11-26,18.789491653442383,18.62554359436035,18.719938278198242,18.774587631225586,1490600.0,11.358365058898926
2012-11-27,18.94847297668457,18.660320281982422,18.739810943603516,18.67522430419922,3619200.0,11.29825210571289
2012-11-28,19.01802635192871,18.43675422668457,18.536117553710938,18.98324966430664,2250200.0,11.484602928161621
2012-11-29,19.216751098632812,19.022994995117188,19.047834396362305,19.08757972717285,1880500.0,11.547724723815918
2012-11-30,19.117387771606445,18.819299697875977,19.07764434814453,18.908727645874023,2331600.0,11.439518928527832
2012-12-03,20.041461944580078,19.311145782470703,19.311145782470703,19.509872436523438,3692400.0,11.803199768066406
2012-12-04,19.74337387084961,18.873950958251953,19.54961585998535,19.122356414794922,5995900.0,11.568761825561523
2012-12-05,19.31611442565918,19.047834396362305,19.167070388793945,19.177005767822266,6079800.0,11.601827621459961
2012-12-06,19.261465072631836,18.685161590576172,19.092548370361328,19.261465072631836,4683700.0,11.652921676635742
2012-12-07,19.36082649230957,19.07764434814453,19.3260498046875,19.311145782470703,3729100.0,11.682974815368652
2012-12-10,19.460189819335938,19.226688385009766,19.226688385009766,19.430381774902344,2573700.0,11.755114555358887
2012-12-11,19.62413787841797,19.38566780090332,19.519807815551758,19.51483917236328,4437900.0,11.806207656860352
2012-12-12,19.8377685546875,19.5893611907959,19.5893611907959,19.793054580688477,5025500.0,11.974523544311523
2012-12-13,19.922225952148438,19.68375587463379,19.728469848632812,19.783119201660156,2704800.0,11.968512535095215
2012-12-14,19.793054580688477,19.54961585998535,19.594329833984375,19.67382049560547,2058200.0,11.902392387390137
2012-12-17,20.16069793701172,19.524776458740234,19.609233856201172,20.16069793701172,3607200.0,12.196944236755371
2012-12-18,20.185537338256836,19.817895889282227,20.13585662841797,19.986812591552734,4675000.0,12.09174633026123
2012-12-19,20.12592124938965,19.892417907714844,20.006685256958008,19.89738655090332,2059200.0,12.037643432617188
2012-12-20,19.937131881713867,19.61420249938965,19.867576599121094,19.827831268310547,5639300.0,11.995563507080078
2012-12-21,19.584394454956055,19.31611442565918,19.584394454956055,19.400571823120117,5049200.0,11.737079620361328
2012-12-24,19.594329833984375,19.390636444091797,19.41050910949707,19.494966506958008,1149400.0,11.794183731079102
2012-12-26,19.71853256225586,19.36082649230957,19.499935150146484,19.489999771118164,1902000.0,11.91340160369873
2012-12-27,19.64897918701172,19.276369094848633,19.465158462524414,19.494966506958008,3124800.0,11.916435241699219
2012-12-28,19.629106521606445,19.321083068847656,19.3260498046875,19.395605087280273,2139400.0,11.85570240020752
2012-12-31,19.937131881713867,19.38566780090332,19.405540466308594,19.89738655090332,3219200.0,12.162419319152832
2013-01-02,20.62273406982422,20.274965286254883,20.39419937133789,20.617765426635742,3199100.0,12.602755546569824
2013-01-03,20.78668212890625,20.528339385986328,20.62273406982422,20.652542114257812,2996500.0,12.62401294708252
2013-01-04,20.796619415283203,20.508466720581055,20.652542114257812,20.697256088256836,2066600.0,12.651345252990723
2013-01-07,20.627702713012695,20.39419937133789,20.5482120513916,20.47865867614746,2098700.0,12.517723083496094
2013-01-08,20.47865867614746,20.0364933013916,20.47865867614746,20.06133460998535,3655300.0,12.262632369995117
2013-01-09,20.667448043823242,20.215347290039062,20.269996643066406,20.414072036743164,3759500.0,12.478245735168457
2013-01-10,20.712160110473633,20.369359970092773,20.508466720581055,20.707191467285156,2205600.0,12.657416343688965
2013-01-11,20.866172790527344,20.672414779663086,20.771778106689453,20.841331481933594,2085100.0,12.739413261413574
2013-01-14,21.015216827392578,20.543243408203125,20.756874084472656,20.866172790527344,2460600.0,12.754595756530762
2013-01-15,20.87114143371582,20.637638092041016,20.722097396850586,20.87114143371582,1518800.0,12.757634162902832
2013-01-16,20.806554794311523,20.662479400634766,20.756874084472656,20.687320709228516,2602500.0,12.645273208618164
2013-01-17,20.826427459716797,20.702224731445312,20.796619415283203,20.746936798095703,2722000.0,12.681713104248047
2013-01-18,20.801586151123047,20.46375274658203,20.766809463500977,20.801586151123047,1799100.0,12.715119361877441
2013-01-22,21.253686904907227,20.87114143371582,21.164260864257812,20.995344161987305,3236200.0,12.833555221557617
2013-01-23,21.0599308013916,20.667448043823242,20.96553611755371,20.891014099121094,2012900.0,12.769783973693848
2013-01-24,21.23878288269043,20.71712875366211,20.766809463500977,21.0748348236084,2719700.0,12.882146835327148
2013-01-25,21.14438819885254,20.602861404418945,21.020185470581055,21.08477020263672,2772700.0,12.888216972351074
2013-01-28,21.218910217285156,21.0599308013916,21.099674224853516,21.164260864257812,2295300.0,12.936803817749023
2013-01-29,21.194068908691406,20.831396102905273,21.129484176635742,21.159292221069336,2751200.0,12.933768272399902
2013-01-30,21.24871826171875,20.94069480895996,21.184133529663086,20.980440139770508,2414300.0,12.824440002441406
2013-01-31,21.040058135986328,20.732032775878906,20.920822143554688,20.766809463500977,2255900.0,12.693861961364746
2013-02-01,21.30833625793457,20.841331481933594,20.900949478149414,21.21394157409668,2808800.0,12.96717357635498
2013-02-04,21.362985610961914,20.781713485717773,21.0748348236084,20.82145881652832,7211400.0,12.727265357971191
2013-02-05,23.250877380371094,21.3232421875,21.641202926635742,22.729223251342773,8450000.0,13.89339828491211
2013-02-06,22.813682556152344,22.406295776367188,22.62986183166504,22.729223251342773,3461100.0,13.89339828491211
2013-02-07,22.823617935180664,22.386423110961914,22.73419189453125,22.823617935180664,3420100.0,13.95110034942627
2013-02-08,23.06705665588379,22.649734497070312,22.858394622802734,22.704383850097656,2176800.0,13.878216743469238
2013-02-11,23.062089920043945,22.654701232910156,22.704383850097656,22.878267288208008,3791400.0,13.984503746032715
2013-02-12,23.176355361938477,22.848459243774414,22.85342788696289,23.121706008911133,3922800.0,14.133305549621582
2013-02-13,23.345272064208984,23.096866607666016,23.15151596069336,23.25584602355957,3470400.0,14.215300559997559
2013-02-14,23.663232803344727,23.176355361938477,23.191261291503906,23.653297424316406,3611900.0,14.458247184753418
2013-02-15,24.58730697631836,23.50922203063965,24.001066207885742,23.881832122802734,3289000.0,14.597939491271973
2013-02-19,24.31406021118164,23.89673614501953,23.89673614501953,24.244504928588867,4000600.0,14.81962776184082
2013-02-20,24.31406021118164,23.772533416748047,24.224632263183594,23.797372817993164,2475100.0,14.546310424804688
2013-02-21,23.757627487182617,23.380050659179688,23.653297424316406,23.399921417236328,4304000.0,14.30336856842041
2013-02-22,23.68310546875,23.32539939880371,23.524126052856445,23.678138732910156,4143900.0,14.473431587219238
2013-02-25,23.787437438964844,23.086929321289062,23.752660751342773,23.086929321289062,2894900.0,14.112051963806152
2013-02-26,23.668201446533203,23.12667465209961,23.23100471496582,23.618520736694336,3253400.0,14.43698787689209
2013-02-27,24.01597023010254,23.429731369018555,23.653297424316406,23.936481475830078,2883200.0,14.631343841552734
2013-02-28,24.04081153869629,23.847055435180664,23.941448211669922,23.86195945739746,2795700.0,14.585793495178223
2013-03-01,23.991130828857422,23.50922203063965,23.787437438964844,23.98119354248047,3013900.0,14.658677101135254
2013-03-04,24.050748825073242,23.80234146118164,23.83711814880371,23.991130828857422,2814000.0,14.664748191833496
2013-03-05,24.64692497253418,24.13520622253418,24.13520622253418,24.641956329345703,2954700.0,15.062569618225098
2013-03-06,24.815841674804688,24.487943649291992,24.71647834777832,24.51775360107422,2760200.0,14.986650466918945
2013-03-07,24.830745697021484,24.423358917236328,24.487943649291992,24.766159057617188,2450900.0,15.13848876953125
2013-03-08,24.83571434020996,24.373676300048828,24.83571434020996,24.721446990966797,2121200.0,15.111159324645996
2013-03-11,25.09902572631836,24.59724235534668,24.69163703918457,25.089088439941406,2162500.0,15.335884094238281
2013-03-12,25.13380241394043,24.791000366210938,25.00463104248047,24.83571434020996,2821100.0,15.181007385253906
2013-03-13,24.910236358642578,24.398517608642578,24.890363693237305,24.537626266479492,4006100.0,14.998800277709961
2013-03-14,24.949981689453125,24.59724235534668,24.64692497253418,24.731382369995117,3009500.0,15.241463661193848
2013-03-15,24.815841674804688,24.13520622253418,24.632020950317383,24.13520622253418,4910800.0,14.874051094055176
2013-03-18,24.338899612426758,23.782468795776367,23.926544189453125,24.00603485107422,3897500.0,14.79444408416748
2013-03-19,24.209728240966797,23.737754821777344,24.130237579345703,23.916608810424805,3116300.0,14.739336013793945
2013-03-20,24.69163703918457,24.080556869506836,24.09049415588379,24.3935489654541,4230100.0,15.033260345458984
2013-03-21,24.56246566772461,24.055715560913086,24.189855575561523,24.09049415588379,3310700.0,14.846494674682617
2013-03-22,24.284250259399414,24.001066207885742,24.19482421875,24.07558822631836,2213300.0,14.837307929992676
2013-03-25,24.239538192749023,23.852022171020508,24.16998291015625,24.11036491394043,2768300.0,14.858739852905273
2013-03-26,24.52768898010254,24.19482421875,24.19482421875,24.3935489654541,1834800.0,15.033260345458984
2013-03-27,24.373676300048828,24.13520622253418,24.184886932373047,24.31406021118164,1994400.0,14.984274864196777
2013-03-28,24.497880935668945,24.12527084350586,24.214696884155273,24.4581356048584,2810400.0,15.073065757751465
2013-04-01,24.473039627075195,24.04081153869629,24.4581356048584,24.095460891723633,1783700.0,14.849557876586914
2013-04-02,24.28921890258789,23.926544189453125,24.140174865722656,23.986162185668945,1961300.0,14.78219985961914
2013-04-03,24.10042953491211,23.608583450317383,24.09049415588379,23.757627487182617,4654000.0,14.641359329223633
2013-04-04,23.86195945739746,23.668201446533203,23.797372817993164,23.772533416748047,2464500.0,14.650545120239258
2013-04-05,23.529094696044922,23.2210693359375,23.464508056640625,23.479412078857422,2374600.0,14.469900131225586
2013-04-08,23.688074111938477,23.40985870361328,23.514188766479492,23.688074111938477,2107900.0,14.598491668701172
2013-04-09,23.792404174804688,23.43470001220703,23.7327880859375,23.658266067504883,2617900.0,14.580121040344238
2013-04-10,24.189855575561523,23.712915420532227,23.82718276977539,24.150110244750977,6493700.0,14.883233070373535
2013-04-11,24.304122924804688,23.9315128326416,24.13520622253418,24.10042953491211,3293300.0,14.852620124816895
2013-04-12,23.92157745361328,23.002471923828125,23.89673614501953,23.19622802734375,3537400.0,14.29537582397461
2013-04-15,23.141578674316406,22.475849151611328,22.967695236206055,22.475849151611328,2933800.0,13.851421356201172
2013-04-16,23.062089920043945,22.52056121826172,22.704383850097656,23.052152633666992,2545300.0,14.206586837768555
2013-04-17,22.808713912963867,22.247314453125,22.808713912963867,22.34170913696289,1875200.0,13.768753051757812
2013-04-18,22.475849151611328,21.979034423828125,22.465911865234375,22.088335037231445,2153000.0,13.6126070022583
2013-04-19,22.12807846069336,21.705787658691406,22.098270416259766,21.97406768798828,2844200.0,13.542183876037598
2013-04-22,22.14298439025879,21.651138305664062,22.00884437561035,22.013813018798828,2343000.0,13.566680908203125
2013-04-23,22.48578453063965,22.098270416259766,22.202600479125977,22.46094512939453,2604900.0,13.84223747253418
2013-04-24,22.694446563720703,22.421199798583984,22.451007843017578,22.555339813232422,1969400.0,13.900413513183594
2013-04-25,22.9577579498291,22.57024383544922,22.62986183166504,22.689477920532227,1697900.0,13.983078002929688
2013-04-26,22.868331909179688,22.53546714782715,22.684511184692383,22.654701232910156,1662500.0,13.961647987365723
2013-04-29,23.156482696533203,22.62986183166504,22.669607162475586,23.037248611450195,1494800.0,14.197400093078613
2013-04-30,23.330368041992188,22.873300552368164,22.9726619720459,23.275718688964844,2277400.0,14.344366073608398
2013-05-01,23.250877380371094,22.778905868530273,23.146547317504883,22.798778533935547,1581100.0,14.050434112548828
2013-05-02,23.240942001342773,22.80374526977539,22.89813995361328,23.23100471496582,1730900.0,14.316808700561523
2013-05-03,23.608583450317383,23.4197940826416,23.479412078857422,23.489349365234375,1965400.0,14.476022720336914
2013-05-06,23.817245483398438,23.429731369018555,23.50922203063965,23.762596130371094,1914700.0,14.644417762756348
2013-05-07,23.866926193237305,23.653297424316406,23.757627487182617,23.847055435180664,2277800.0,14.696468353271484
2013-05-08,24.22960090637207,23.7327880859375,23.81227684020996,24.19482421875,1813600.0,14.910791397094727
2013-05-09,24.48297691345215,23.951385498046875,24.095460891723633,24.259408950805664,2535400.0,14.950597763061523
2013-05-10,24.497880935668945,24.174951553344727,24.274314880371094,24.487943649291992,1308100.0,15.091440200805664
2013-05-13,24.438262939453125,24.12527084350586,24.378644943237305,24.239538192749023,1334800.0,14.938348770141602
2013-05-14,24.701574325561523,24.274314880371094,24.28921890258789,24.58730697631836,3868200.0,15.152669906616211
2013-05-15,24.969852447509766,21.636234283447266,24.969852447509766,22.21253776550293,12392600.0,13.6891450881958
2013-05-16,21.919418334960938,21.079803466796875,21.730628967285156,21.159292221069336,8007300.0,13.040056228637695
2013-05-17,22.217506408691406,21.22884750366211,21.253686904907227,22.157888412475586,6814900.0,13.655468940734863
2013-05-20,22.421199798583984,22.043621063232422,22.043621063232422,22.182729721069336,4714300.0,13.6707763671875
2013-05-21,22.292028427124023,21.9840030670166,22.14298439025879,22.00884437561035,3595600.0,13.563615798950195
2013-05-22,22.073429107666016,21.412668228149414,21.9840030670166,21.591520309448242,5941800.0,13.306428909301758
2013-05-23,21.775341033935547,21.42757225036621,21.49712562561035,21.69088363647461,2889300.0,13.367661476135254
2013-05-24,21.526935577392578,21.13445281982422,21.526935577392578,21.492156982421875,2178800.0,13.24518871307373
2013-05-28,21.825023651123047,21.372922897338867,21.661073684692383,21.46234893798828,3182200.0,13.226820945739746
2013-05-29,21.790246963500977,21.2735595703125,21.29840087890625,21.636234283447266,3377700.0,13.333982467651367
2013-05-30,22.09330177307129,21.65610694885254,21.710756301879883,22.018779754638672,3511900.0,13.569738388061523
2013-05-31,22.53546714782715,21.909481048583984,21.919418334960938,22.162857055664062,4234000.0,13.65853500366211
2013-06-03,22.22247314453125,21.755468368530273,22.098270416259766,22.207569122314453,5085500.0,13.686086654663086
2013-06-04,22.346677780151367,22.103239059448242,22.197633743286133,22.267187118530273,4791000.0,13.72282600402832
2013-06-05,22.356613159179688,22.088335037231445,22.202600479125977,22.207569122314453,6067100.0,13.686086654663086
2013-06-06,22.565275192260742,22.133047103881836,22.197633743286133,22.565275192260742,3692000.0,13.90653133392334
2013-06-07,23.25584602355957,22.227441787719727,22.689477920532227,23.2210693359375,3700400.0,14.310688018798828
2013-06-10,23.25584602355957,22.873300552368164,23.24591064453125,22.88820457458496,1980500.0,14.105546951293945
2013-06-11,22.79380989074707,22.33177375793457,22.53546714782715,22.416231155395508,2313500.0,13.814682960510254
2013-06-12,22.600051879882812,21.88960838317871,22.550371170043945,21.934322357177734,2824500.0,13.639381408691406
2013-06-13,22.207569122314453,21.72566032409668,21.899545669555664,22.162857055664062,1779000.0,13.781494140625
2013-06-14,22.560306549072266,22.157888412475586,22.296995162963867,22.287059783935547,3711500.0,13.858722686767578
2013-06-17,22.684511184692383,22.40132713317871,22.451007843017578,22.455976486206055,2378100.0,13.963761329650879
2013-06-18,22.823617935180664,22.431135177612305,22.505657196044922,22.69941520690918,2407400.0,14.115142822265625
2013-06-19,22.80374526977539,22.58017921447754,22.63979721069336,22.649734497070312,2796700.0,14.084246635437012
2013-06-20,22.47088050842285,21.934322357177734,22.40132713317871,22.038652420043945,4855600.0,13.704257011413574
2013-06-21,22.217506408691406,21.407699584960938,22.217506408691406,22.0336856842041,4880000.0,13.70116901397705
2013-06-24,21.839927673339844,21.218910217285156,21.800182342529297,21.387826919555664,3432900.0,13.299555778503418
2013-06-25,21.82005500793457,21.551774978637695,21.59648895263672,21.72566032409668,2395400.0,13.509628295898438
2013-06-26,22.103239059448242,21.825023651123047,21.969099044799805,21.87967300415039,2452300.0,13.605400085449219
2013-06-27,22.371517181396484,21.9840030670166,21.9840030670166,22.197633743286133,2525300.0,13.803119659423828
2013-06-28,21.954195022583008,21.13445281982422,21.954195022583008,21.745532989501953,5077100.0,13.521986961364746
2013-07-01,22.396358489990234,21.85483169555664,21.85483169555664,22.157888412475586,2771100.0,13.778403282165527
2013-07-02,22.321836471557617,21.97406768798828,22.098270416259766,22.113174438476562,2381100.0,13.750597953796387
2013-07-03,22.79380989074707,22.00884437561035,22.00884437561035,22.644765853881836,1871400.0,14.081155776977539
2013-07-05,23.111770629882812,22.749095916748047,22.788841247558594,23.081960678100586,2502800.0,14.353017807006836
2013-07-08,23.63839340209961,23.136611938476562,23.136611938476562,23.380050659179688,3423600.0,14.538378715515137
2013-07-09,23.678138732910156,23.35024070739746,23.558902740478516,23.489349365234375,3651200.0,14.606342315673828
2013-07-10,23.583744049072266,23.355209350585938,23.474443435668945,23.54399871826172,2160100.0,14.6403226852417
2013-07-11,23.866926193237305,23.58871078491211,23.822214126586914,23.698009490966797,1978100.0,14.736092567443848
2013-07-12,23.842086791992188,23.628456115722656,23.737754821777344,23.74272346496582,1596600.0,14.763898849487305
2013-07-15,23.747692108154297,23.464508056640625,23.68310546875,23.668201446533203,1413000.0,14.717560768127441
2013-07-16,23.807310104370117,23.156482696533203,23.722850799560547,23.240942001342773,2667700.0,14.451875686645508
2013-07-17,23.404890060424805,23.131643295288086,23.260814666748047,23.19622802734375,1464300.0,14.42406940460205
2013-07-18,23.563871383666992,23.146547317504883,23.19622802734375,23.295591354370117,2838600.0,14.485857009887695
2013-07-19,23.63839340209961,23.226037979125977,23.240942001342773,23.54399871826172,1812800.0,14.6403226852417
2013-07-22,23.722850799560547,23.449604034423828,23.534061431884766,23.62348747253418,1046000.0,14.689752578735352
2013-07-23,23.747692108154297,23.394954681396484,23.688074111938477,23.583744049072266,1297600.0,14.665040969848633
2013-07-24,23.891767501831055,23.534061431884766,23.727819442749023,23.61355209350586,1072500.0,14.683571815490723
2013-07-25,23.83711814880371,23.355209350585938,23.558902740478516,23.807310104370117,1766300.0,14.804056167602539
2013-07-26,23.74272346496582,23.35024070739746,23.57877540588379,23.727819442749023,1216100.0,14.754629135131836
2013-07-29,23.727819442749023,23.380050659179688,23.633424758911133,23.50922203063965,959200.0,14.618699073791504
2013-07-30,23.80234146118164,23.583744049072266,23.68310546875,23.598648071289062,1720100.0,14.674306869506836
2013-07-31,23.951385498046875,23.618520736694336,23.698009490966797,23.678138732910156,2241400.0,14.723736763000488
2013-08-01,24.532657623291016,23.9464168548584,24.00603485107422,24.463104248046875,2318900.0,15.211847305297852
2013-08-02,24.547561645507812,24.145143508911133,24.343868255615234,24.537626266479492,2324100.0,15.258190155029297
2013-08-05,24.97978973388672,24.398517608642578,24.49291229248047,24.935075759887695,2131700.0,15.50533390045166
2013-08-06,24.949981689453125,24.557498931884766,24.9201717376709,24.82080841064453,2763300.0,15.434281349182129
2013-08-07,27.225387573242188,25.50144386291504,25.511381149291992,26.92729949951172,9222900.0,16.744155883789062
2013-08-08,26.748445510864258,25.86908531188965,26.72360610961914,25.908830642700195,5447800.0,16.110843658447266
2013-08-09,26.251632690429688,25.75978660583496,25.859149932861328,25.874053955078125,3892700.0,16.089218139648438
2013-08-12,26.21188735961914,25.75978660583496,25.764755249023438,25.898895263671875,3145100.0,16.104663848876953
2013-08-13,26.162206649780273,25.739913940429688,25.898895263671875,25.968448638916016,2689000.0,16.147916793823242
2013-08-14,26.132396697998047,25.829341888427734,26.01316261291504,25.938640594482422,2133500.0,16.12938117980957
2013-08-15,25.695201873779297,25.372272491455078,25.635583877563477,25.486539840698242,1495600.0,15.848250389099121
2013-08-16,25.90386390686035,25.3822078704834,25.461698532104492,25.610742568969727,1671500.0,15.925487518310547
2013-08-19,25.834308624267578,25.327558517456055,25.496475219726562,25.347431182861328,2130900.0,15.761751174926758
2013-08-20,25.993289947509766,25.377241134643555,25.402080535888672,25.883991241455078,2078800.0,16.09539794921875
2013-08-21,25.814435958862305,25.163610458374023,25.799531936645508,25.198387145996094,1862200.0,15.669069290161133
2013-08-22,25.789596557617188,25.19342041015625,25.22819709777832,25.630615234375,1303800.0,15.937841415405273
2013-08-23,25.78462791442871,25.50144386291504,25.710105895996094,25.600807189941406,1066700.0,15.91930866241455
2013-08-26,25.754817962646484,25.471635818481445,25.541189193725586,25.50144386291504,1208000.0,15.857522010803223
2013-08-27,25.26297378540039,24.88042640686035,25.21329116821289,24.9052677154541,1595200.0,15.486798286437988
2013-08-28,25.223228454589844,24.84564971923828,24.94501304626465,24.84564971923828,1420800.0,15.449729919433594
2013-08-29,25.138769149780273,24.721446990966797,24.721446990966797,25.01456642150879,1058800.0,15.55476188659668
2013-08-30,25.09902572631836,24.731382369995117,24.969852447509766,24.915203094482422,2172300.0,15.617851257324219
2013-09-03,25.541189193725586,24.875459671020508,25.29775047302246,25.069215774536133,2196900.0,15.714388847351074
2013-09-04,25.461698532104492,24.964885711669922,25.054311752319336,25.248069763183594,2323900.0,15.826499938964844
2013-09-05,25.292781829833984,25.103992462158203,25.19342041015625,25.1685791015625,1823900.0,15.776677131652832
2013-09-06,25.32259178161621,24.910236358642578,25.223228454589844,25.08411979675293,1480600.0,15.72373104095459
2013-09-09,25.39214515686035,25.17851448059082,25.19342041015625,25.243101119995117,1503900.0,15.823387145996094
2013-09-10,25.496475219726562,25.248069763183594,25.4169864654541,25.26297378540039,2092800.0,15.835844993591309
2013-09-11,26.077747344970703,25.292781829833984,25.436857223510742,25.983352661132812,2661400.0,16.287403106689453
2013-09-12,26.033035278320312,25.531251907348633,25.91876792907715,25.556093215942383,1372500.0,16.01958656311035
2013-09-13,25.898895263671875,25.566030502319336,25.660425186157227,25.645519256591797,1413900.0,16.075637817382812
2013-09-16,26.311250686645508,25.96347999572754,25.993289947509766,26.157238006591797,2068500.0,16.396400451660156
2013-09-17,26.425518035888672,25.983352661132812,26.157238006591797,26.336090087890625,1497900.0,16.508520126342773
2013-09-18,26.584497451782227,25.874053955078125,26.33112335205078,26.490102767944336,1754500.0,16.605056762695312
2013-09-19,26.644115447998047,26.196983337402344,26.490102767944336,26.20195198059082,2091300.0,16.4244384765625
2013-09-20,26.291378021240234,25.824373245239258,26.216856002807617,25.839277267456055,3710600.0,16.197093963623047
2013-09-23,25.91876792907715,25.575965881347656,25.79456329345703,25.729978561401367,1457000.0,16.128582000732422
2013-09-24,26.11749267578125,25.734947204589844,25.764755249023438,25.78462791442871,1973200.0,16.1628360748291
2013-09-25,25.948575973510742,25.69023323059082,25.779659271240234,25.710105895996094,1792100.0,16.116127014160156
2013-09-26,25.90386390686035,25.630615234375,25.680295944213867,25.739913940429688,1210900.0,16.134809494018555
2013-09-27,25.883991241455078,25.511381149291992,25.610742568969727,25.84424591064453,1239000.0,16.200210571289062
2013-09-30,25.829341888427734,25.39214515686035,25.635583877563477,25.705137252807617,1160700.0,16.113012313842773
2013-10-01,26.028066635131836,25.675329208374023,25.710105895996094,25.829341888427734,1862700.0,16.19086456298828
2013-10-02,25.958513259887695,25.590869903564453,25.62067985534668,25.908830642700195,1113800.0,16.24069595336914
2013-10-03,25.829341888427734,25.521316528320312,25.720041275024414,25.610742568969727,1325200.0,16.05384635925293
2013-10-04,26.008193969726562,25.52628517150879,25.59583854675293,25.79456329345703,1037300.0,16.169065475463867
2013-10-07,25.60577392578125,25.23813247680664,25.57099723815918,25.27290916442871,2319100.0,15.842073440551758
2013-10-08,25.33252716064453,24.473039627075195,25.26297378540039,24.825777053833008,3135000.0,15.56179141998291
2013-10-09,24.935075759887695,24.507816314697266,24.87049102783203,24.711509704589844,2474000.0,15.49016284942627
2013-10-10,25.556093215942383,25.019535064697266,25.029470443725586,25.551124572753906,1801800.0,16.01646614074707
2013-10-11,25.99825668334961,25.40704917907715,25.421953201293945,25.908830642700195,3060800.0,16.24069595336914
2013-10-14,25.943607330322266,25.680295944213867,25.754817962646484,25.90386390686035,1369800.0,16.237577438354492
2013-10-15,26.008193969726562,25.739913940429688,25.75978660583496,25.769723892211914,2703700.0,16.153491973876953
2013-10-16,26.052907943725586,25.834308624267578,25.99825668334961,26.01316261291504,2135900.0,16.306095123291016
2013-10-17,26.385772705078125,25.65545654296875,25.824373245239258,26.33112335205078,2281700.0,16.505399703979492
2013-10-18,26.53481674194336,26.052907943725586,26.435453414916992,26.10755729675293,1581000.0,16.365259170532227
2013-10-21,26.3410587310791,26.10755729675293,26.147300720214844,26.311250686645508,1425500.0,16.492950439453125
2013-10-22,26.72360610961914,26.241695404052734,26.31621742248535,26.375835418701172,1507300.0,16.533432006835938
2013-10-23,26.346027374267578,25.8939266204834,26.17711067199707,25.923734664916992,1314700.0,16.250038146972656
2013-10-24,26.04793930053711,25.70016860961914,25.923734664916992,25.720041275024414,1172600.0,16.122350692749023
2013-10-25,25.80946922302246,25.630615234375,25.744882583618164,25.744882583618164,1565600.0,16.13792610168457
2013-10-28,25.933671951293945,25.66539192199707,25.764755249023438,25.70016860961914,1714100.0,16.109895706176758
2013-10-29,26.062843322753906,25.789596557617188,25.834308624267578,25.829341888427734,2342500.0,16.19086456298828
2013-10-30,25.96347999572754,25.412017822265625,25.804500579833984,25.635583877563477,2444700.0,16.069412231445312
2013-10-31,24.840681076049805,23.250877380371094,24.438262939453125,24.473039627075195,7996500.0,15.340682983398438
2013-11-01,25.094057083129883,24.46807098388672,24.59724235534668,25.034439086914062,3764500.0,15.692587852478027
2013-11-04,25.218259811401367,24.89533042907715,25.079153060913086,25.044374465942383,2340400.0,15.69881534576416
2013-11-05,25.377241134643555,24.890363693237305,25.03940773010254,25.21329116821289,3403200.0,15.804704666137695
2013-11-06,25.44182586669922,25.158641815185547,25.302719116210938,25.4318904876709,2363400.0,15.94172191619873
2013-11-07,25.69023323059082,24.964885711669922,25.456729888916016,24.999662399291992,1995400.0,15.67078971862793
2013-11-08,25.397113800048828,24.850618362426758,24.95494842529297,25.352399826049805,1647900.0,15.8919038772583
2013-11-11,25.541189193725586,25.292781829833984,25.347431182861328,25.4318904876709,1383300.0,15.94172191619873
2013-11-12,25.774690628051758,25.312654495239258,25.337495803833008,25.754817962646484,1528200.0,16.144147872924805
2013-11-13,26.28144073486328,25.580934524536133,25.660425186157227,26.27150535583496,2113900.0,16.46803092956543
2013-11-14,26.480167388916016,26.192014694213867,26.256601333618164,26.470230102539062,1824300.0,16.592601776123047
2013-11-15,26.693796157836914,26.36590003967285,26.385772705078125,26.624242782592773,2198900.0,16.689144134521484
2013-11-18,26.79315948486328,26.57952880859375,26.63914680480957,26.634178161621094,1947300.0,16.695371627807617
2013-11-19,26.857744216918945,26.549720764160156,26.59443473815918,26.6043701171875,3249800.0,16.676685333251953
2013-11-20,26.763351440429688,26.29634666442871,26.59443473815918,26.400676727294922,1629100.0,16.54900550842285
2013-11-21,26.79315948486328,26.420549392700195,26.435453414916992,26.753414154052734,1305200.0,16.770111083984375
2013-11-22,26.718637466430664,26.326154708862305,26.718637466430664,26.460294723510742,2207100.0,16.586376190185547
2013-11-25,26.559656143188477,26.221824645996094,26.465261459350586,26.256601333618164,1421900.0,16.458690643310547
2013-11-26,26.370868682861328,26.042970657348633,26.31621742248535,26.167173385620117,1744400.0,16.40263557434082
2013-11-27,26.29634666442871,26.01316261291504,26.167173385620117,26.18704605102539,1028900.0,16.41509437561035
2013-11-29,26.261568069458008,26.097620010375977,26.256601333618164,26.142333984375,419800.0,16.387067794799805
2013-12-02,26.291378021240234,25.95354461669922,26.142333984375,26.20195198059082,1153400.0,16.4244384765625
2013-12-03,26.375835418701172,26.033035278320312,26.033035278320312,26.142333984375,2320500.0,16.387067794799805
2013-12-04,26.753414154052734,26.062843322753906,26.062843322753906,26.634178161621094,3477700.0,16.695371627807617
2013-12-05,26.619274139404297,26.20195198059082,26.57952880859375,26.326154708862305,1932400.0,16.50229263305664
2013-12-06,26.93723487854004,26.30628204345703,26.44042205810547,26.872650146484375,2249100.0,16.844858169555664
2013-12-09,26.897489547729492,26.420549392700195,26.857744216918945,26.50004005432129,1712000.0,16.611289978027344
2013-12-10,26.862712860107422,26.400676727294922,26.41558074951172,26.455326080322266,2040800.0,16.583261489868164
2013-12-11,26.56959342956543,26.24666404724121,26.480167388916016,26.286409378051758,1569300.0,16.47737693786621
2013-12-12,26.15226936340332,25.898895263671875,26.15226936340332,26.008193969726562,1398800.0,16.302976608276367
2013-12-13,26.256601333618164,25.864118576049805,26.10755729675293,25.993289947509766,1962000.0,16.29364013671875
2013-12-16,26.48513412475586,26.08271598815918,26.132396697998047,26.3410587310791,2015300.0,16.511634826660156
2013-12-17,26.53481674194336,26.137365341186523,26.28144073486328,26.336090087890625,1906400.0,16.508520126342773
2013-12-18,26.59443473815918,25.938640594482422,26.514944076538086,26.554689407348633,2667100.0,16.645544052124023
2013-12-19,27.12602424621582,26.57952880859375,26.728572845458984,27.001821517944336,2685600.0,16.925823211669922
2013-12-20,27.260164260864258,26.634178161621094,27.06640625,27.24526023864746,2593800.0,17.078418731689453
2013-12-23,27.513538360595703,27.230356216430664,27.275068283081055,27.285005569458008,1889900.0,17.103334426879883
2013-12-24,27.60296630859375,27.22041893005371,27.22041893005371,27.58806037902832,660700.0,17.293304443359375
2013-12-26,27.677488327026367,27.468826293945312,27.528444290161133,27.597997665405273,954300.0,17.425859451293945
2013-12-27,27.7768497467041,27.488698959350586,27.722200393676758,27.63774299621582,935800.0,17.450960159301758
2013-12-30,27.811626434326172,27.593029022216797,27.667551040649414,27.737104415893555,767000.0,17.513696670532227
2013-12-31,27.920927047729492,27.70729637145996,27.821563720703125,27.761945724487305,976800.0,17.529382705688477
2014-01-02,27.846405029296875,27.563220977783203,27.722200393676758,27.617870330810547,1704100.0,17.43840980529785
2014-01-03,27.915958404541016,27.627805709838867,27.642711639404297,27.761945724487305,1086400.0,17.529382705688477
2014-01-06,27.861309051513672,27.35455894470215,27.8265323638916,27.60296630859375,1989200.0,17.428993225097656
2014-01-07,27.86627769470215,27.50857162475586,27.667551040649414,27.64767837524414,1612600.0,17.457229614257812
2014-01-08,28.055065155029297,27.54334831237793,27.64767837524414,27.70729637145996,2658300.0,17.494874954223633
2014-01-09,27.99544906616211,27.73213768005371,27.796722412109375,27.90105438232422,2207300.0,17.617216110229492
2014-01-10,27.985511779785156,27.67251968383789,27.950735092163086,27.74207305908203,1371700.0,17.51683235168457
2014-01-13,27.81659507751465,27.165769577026367,27.722200393676758,27.200546264648438,1668800.0,17.174901962280273
2014-01-14,27.747041702270508,27.175704956054688,27.324750900268555,27.747041702270508,1835600.0,17.519968032836914
2014-01-15,27.985511779785156,27.712265014648438,27.712265014648438,27.920927047729492,1201100.0,17.629762649536133
2014-01-16,28.0401611328125,27.796722412109375,27.8414363861084,27.871244430541992,870200.0,17.5983943939209
2014-01-17,27.87621307373047,27.51850700378418,27.806659698486328,27.548316955566406,1347800.0,17.394493103027344
2014-01-21,27.79175567626953,27.404239654541016,27.74207305908203,27.597997665405273,1324500.0,17.425859451293945
2014-01-22,28.52703857421875,27.498634338378906,27.573156356811523,28.37302589416504,3620000.0,17.915224075317383
2014-01-23,28.31340980529785,27.503602981567383,28.20410919189453,27.76691436767578,3003500.0,17.532516479492188
2014-01-24,27.60296630859375,26.96207618713379,27.478761672973633,26.96207618713379,2565200.0,17.024330139160156
2014-01-27,27.15086555480957,26.480167388916016,26.957107543945312,26.529848098754883,2666000.0,16.751413345336914
2014-01-28,26.75838279724121,26.45035743713379,26.539785385131836,26.668956756591797,2075000.0,16.83924674987793
2014-01-29,26.907426834106445,26.291378021240234,26.336090087890625,26.847808837890625,2766100.0,16.952180862426758
2014-01-30,27.44895362854004,26.8527774810791,27.041566848754883,27.404239654541016,2483200.0,17.303518295288086
2014-01-31,30.6981143951416,27.64767837524414,28.377994537353516,30.01251220703125,12087900.0,18.95042610168457
2014-02-03,30.206268310546875,29.058629989624023,29.88334083557129,29.10831069946289,6584900.0,18.379501342773438
2014-02-04,29.272258758544922,28.79034996032715,29.217609405517578,29.0635986328125,3456300.0,18.351266860961914
2014-02-05,29.013916015625,28.407804489135742,28.949331283569336,28.770477294921875,3466300.0,18.16618537902832
2014-02-06,29.118247985839844,28.795318603515625,28.90958595275879,29.00398063659668,2490800.0,18.31362533569336
2014-02-07,29.903213500976562,29.118247985839844,29.118247985839844,29.838626861572266,3628900.0,18.840639114379883
2014-02-10,29.972766876220703,29.590219497680664,29.759136199951172,29.937990188598633,1789900.0,18.90337562561035
2014-02-11,30.62856101989746,29.83365821838379,29.91811752319336,30.46461296081543,3316400.0,19.23589324951172
2014-02-12,30.63849639892578,30.390090942382812,30.44970703125,30.529197692871094,2506000.0,19.276668548583984
2014-02-13,30.99620246887207,30.265886306762695,30.385122299194336,30.956457138061523,2298900.0,19.546449661254883
2014-02-14,30.90180778503418,30.59378433227539,30.822317123413086,30.66333770751953,2150200.0,19.36136817932129
2014-02-18,31.36384391784668,30.90180778503418,30.916711807250977,31.239641189575195,2287400.0,19.72525978088379
2014-02-19,31.627155303955078,31.016075134277344,31.25951385498047,31.070724487304688,3160700.0,19.618600845336914
2014-02-20,31.17505645751953,30.802446365356445,30.991233825683594,30.976329803466797,1754600.0,19.55900001525879
2014-02-21,31.2098331451416,30.90180778503418,31.06575584411621,30.90180778503418,1981900.0,19.511947631835938
2014-02-24,31.66193389892578,30.86703109741211,30.896839141845703,31.497983932495117,2390300.0,19.888381958007812
2014-02-25,31.54269790649414,31.219768524169922,31.37874984741211,31.44830322265625,2224300.0,19.857009887695312
2014-02-26,31.845754623413086,31.45823860168457,31.532760620117188,31.60231590270996,2228500.0,19.95425796508789
2014-02-27,31.597347259521484,31.180023193359375,31.527793884277344,31.433399200439453,1673100.0,19.847597122192383
2014-02-28,31.74639129638672,31.15021514892578,31.453271865844727,31.398622512817383,2339800.0,19.825641632080078
2014-03-03,31.194929122924805,30.742828369140625,31.155183792114258,30.90180778503418,2269500.0,19.511947631835938
2014-03-04,31.502952575683594,31.214799880981445,31.304227828979492,31.299259185791016,2316800.0,19.762907028198242
2014-03-05,31.408557891845703,30.99620246887207,31.393653869628906,31.075693130493164,1935700.0,19.62173843383789
2014-03-06,31.304227828979492,31.06575584411621,31.1601505279541,31.09059715270996,1694300.0,19.631147384643555
2014-03-07,31.84078598022461,31.050851821899414,31.557601928710938,31.279386520385742,5476200.0,19.750354766845703
2014-03-10,31.2098331451416,30.66333770751953,31.120407104492188,30.817350387573242,1795900.0,19.458616256713867
2014-03-11,31.095565795898438,30.782573699951172,30.911745071411133,30.89187240600586,1878900.0,19.505674362182617
2014-03-12,30.812381744384766,30.469579696655273,30.767667770385742,30.74779510498047,2163600.0,19.414695739746094
2014-03-13,31.15021514892578,30.360280990600586,30.921680450439453,30.47454833984375,2114400.0,19.24216651916504
2014-03-14,30.77263641357422,30.395057678222656,30.395057678222656,30.668306350708008,2786300.0,19.364505767822266
2014-03-17,31.095565795898438,30.752763748168945,30.802446365356445,30.981298446655273,1701600.0,19.5621395111084
2014-03-18,31.54269790649414,30.92664909362793,31.011106491088867,31.408557891845703,2946700.0,19.83191680908203
2014-03-19,31.562570571899414,31.011106491088867,31.418495178222656,31.418495178222656,2644500.0,19.838191986083984
2014-03-20,31.63709259033203,31.18499183654785,31.25951385498047,31.47314453125,1882700.0,20.000011444091797
2014-03-21,31.691741943359375,31.309194564819336,31.617219924926758,31.37874984741211,2904200.0,19.940025329589844
2014-03-24,31.488048553466797,30.668306350708008,31.403589248657227,30.871999740600586,1856400.0,19.618003845214844
2014-03-25,31.095565795898438,30.573911666870117,31.026012420654297,30.7627010345459,1611400.0,19.548551559448242
2014-03-26,30.96142578125,30.216205596923828,30.852127075195312,30.216205596923828,1538700.0,19.20127296447754
2014-03-27,30.265886306762695,29.808818817138672,30.246013641357422,29.85849952697754,2546700.0,18.97396469116211
2014-03-28,30.330472946166992,29.83365821838379,29.913148880004883,29.95289421081543,1666100.0,19.033945083618164
2014-03-31,30.400026321411133,30.04728889465332,30.08206558227539,30.216205596923828,2446500.0,19.20127296447754
2014-04-01,30.693145751953125,30.216205596923828,30.31060028076172,30.554039001464844,2837800.0,19.41595458984375
2014-04-02,30.802446365356445,30.549070358276367,30.55900764465332,30.703083038330078,2702900.0,19.510663986206055
2014-04-03,30.896839141845703,30.34537696838379,30.633529663085938,30.494421005249023,1425400.0,19.378068923950195
2014-04-04,30.727922439575195,30.007543563842773,30.62856101989746,30.216205596923828,2009700.0,19.20127296447754
2014-04-07,30.265886306762695,29.44117546081543,30.191364288330078,29.634933471679688,1752900.0,18.83189582824707
2014-04-08,29.997608184814453,29.45608139038086,29.644868850708008,29.888307571411133,1870000.0,18.992904663085938
2014-04-09,30.231109619140625,29.813785552978516,29.997608184814453,30.131746292114258,1357100.0,19.14760398864746
2014-04-10,30.171491622924805,29.247419357299805,30.121810913085938,29.2772274017334,1639200.0,18.60458755493164
2014-04-11,29.461048126220703,28.770477294921875,29.212642669677734,28.840030670166016,1668500.0,18.326765060424805
2014-04-14,29.639902114868164,28.91952133178711,28.95429801940918,29.605125427246094,2395000.0,18.812955856323242
2014-04-15,29.947925567626953,29.297100067138672,29.7243595123291,29.838626861572266,2238000.0,18.96133804321289
2014-04-16,30.40499496459961,29.972766876220703,30.02244758605957,30.395057678222656,1996000.0,19.314926147460938
2014-04-17,30.43977165222168,30.08206558227539,30.305631637573242,30.34537696838379,1594400.0,19.28335189819336
2014-04-21,30.385122299194336,30.111873626708984,30.111873626708984,30.231109619140625,859600.0,19.210739135742188
2014-04-22,30.32053565979004,30.04728889465332,30.161556243896484,30.161556243896484,1436600.0,19.16654396057129
2014-04-23,30.26091766357422,29.76410484313965,30.161556243896484,29.7740421295166,1579400.0,18.920291900634766
2014-04-24,29.96282958984375,29.39646339416504,29.96282958984375,29.44117546081543,1993200.0,18.708770751953125
2014-04-25,29.321941375732422,28.934425354003906,29.31200408935547,28.939393997192383,2008000.0,18.389904022216797
2014-04-28,29.31200408935547,28.546911239624023,29.247419357299805,28.894681930541992,1841800.0,18.361492156982422
2014-04-29,29.172897338867188,28.77544593811035,29.028820037841797,29.10831069946289,1741600.0,18.497249603271484
2014-04-30,29.436208724975586,28.959266662597656,29.013916015625,29.401430130004883,1497400.0,18.683517456054688
2014-05-01,29.719390869140625,29.138120651245117,29.366653442382812,29.485889434814453,1517500.0,18.7371826171875
2014-05-02,29.734296798706055,29.446144104003906,29.480920791625977,29.480920791625977,733300.0,18.734024047851562
2014-05-05,29.56041145324707,29.128183364868164,29.421302795410156,29.505762100219727,988400.0,18.749813079833984
2014-05-06,29.520666122436523,29.023853302001953,29.520666122436523,29.078502655029297,1414100.0,18.478302001953125
2014-05-07,29.232513427734375,28.581687927246094,29.09837532043457,28.82512664794922,1777400.0,18.317291259765625
2014-05-08,29.16792869567871,28.666147232055664,28.8002872467041,28.835063934326172,2578900.0,18.323604583740234
2014-05-09,32.153778076171875,28.830095291137695,29.16792869567871,30.99620246887207,11502800.0,19.696931838989258
2014-05-12,31.12537384033203,30.757732391357422,31.02104377746582,30.86703109741211,2910300.0,19.61484718322754
2014-05-13,30.946521759033203,30.56894302368164,30.683210372924805,30.62856101989746,2682300.0,19.463306427001953
2014-05-14,30.63849639892578,30.350345611572266,30.57887840270996,30.385122299194336,1668500.0,19.308610916137695
2014-05-15,30.489452362060547,30.092002868652344,30.35531234741211,30.419898986816406,2502500.0,19.330711364746094
2014-05-16,30.330472946166992,29.91811752319336,30.22614097595215,30.255950927734375,1787900.0,19.226530075073242
2014-05-19,30.573911666870117,29.997608184814453,30.126779556274414,30.4993896484375,1180600.0,19.381223678588867
2014-05-20,30.72295570373535,30.360280990600586,30.494421005249023,30.375185012817383,2252600.0,19.302295684814453
2014-05-21,30.484485626220703,30.20130157470703,30.400026321411133,30.395057678222656,992800.0,19.314926147460938
2014-05-22,30.54410171508789,30.221174240112305,30.390090942382812,30.35531234741211,934500.0,19.2896728515625
2014-05-23,30.683210372924805,30.37021827697754,30.459644317626953,30.623592376708984,1049900.0,19.46014976501465
2014-05-27,30.97136116027832,30.7130184173584,30.717987060546875,30.852127075195312,2247800.0,19.605377197265625
2014-05-28,30.97136116027832,30.802446365356445,30.802446365356445,30.83225440979004,1933000.0,19.592748641967773
2014-05-29,31.254545211791992,30.86703109741211,30.896839141845703,31.08066177368164,3693500.0,19.750600814819336
2014-05-30,31.274417877197266,31.011106491088867,31.05582046508789,31.244609832763672,2526200.0,19.854785919189453
2014-06-02,31.29429054260254,30.752763748168945,31.194929122924805,30.991233825683594,2264000.0,19.693775177001953
2014-06-03,31.194929122924805,30.871999740600586,31.006139755249023,31.17505645751953,2259100.0,19.81058692932129
2014-06-04,31.443334579467773,30.931617736816406,31.05582046508789,31.339004516601562,1861600.0,19.91476821899414
2014-06-05,31.478111267089844,31.274417877197266,31.41352653503418,31.373781204223633,1208400.0,19.93686866760254
2014-06-06,31.666900634765625,31.408557891845703,31.43836784362793,31.587411880493164,1732900.0,20.072622299194336
2014-06-09,31.78116798400879,31.493017196655273,31.597347259521484,31.642061233520508,2604100.0,20.107349395751953
2014-06-10,31.681804656982422,31.493017196655273,31.493017196655273,31.617219924926758,2024000.0,20.238676071166992
2014-06-11,31.66193389892578,31.433399200439453,31.55263328552246,31.592378616333008,2354300.0,20.222776412963867
2014-06-12,31.547666549682617,31.120407104492188,31.493017196655273,31.194929122924805,2204000.0,19.968358993530273
2014-06-13,31.547666549682617,31.2098331451416,31.229705810546875,31.43836784362793,1643000.0,20.124189376831055
2014-06-16,31.527793884277344,31.2247371673584,31.428430557250977,31.32906723022461,1274000.0,20.054224014282227
2014-06-17,31.6718692779541,31.36384391784668,31.383716583251953,31.572505950927734,1179000.0,20.210050582885742
2014-06-18,31.651996612548828,31.38868522644043,31.522825241088867,31.61225128173828,1317700.0,20.235496520996094
2014-06-19,31.731487274169922,31.4234619140625,31.627155303955078,31.676837921142578,1381100.0,20.276836395263672
2014-06-20,31.920276641845703,31.622188568115234,31.6867733001709,31.80600929260254,2212800.0,20.359521865844727
2014-06-23,31.91033935546875,31.716583251953125,31.845754623413086,31.83085060119629,1349100.0,20.375423431396484
2014-06-24,31.96002197265625,31.751359939575195,31.751359939575195,31.761295318603516,2105500.0,20.33089828491211
2014-06-25,31.87556266784668,31.656965255737305,31.7364559173584,31.791105270385742,1246000.0,20.3499813079834
2014-06-26,31.791105270385742,31.299259185791016,31.761295318603516,31.38868522644043,1512100.0,20.092388153076172
2014-06-27,31.43836784362793,31.1601505279541,31.304227828979492,31.279386520385742,2342500.0,20.02242660522461
2014-06-30,31.895435333251953,31.304227828979492,31.393653869628906,31.398622512817383,1833400.0,20.09874725341797
2014-07-01,31.99479866027832,31.47314453125,31.547666549682617,31.786136627197266,2273000.0,20.346799850463867
2014-07-02,32.034542083740234,31.66193389892578,31.69671058654785,31.791105270385742,1627000.0,20.3499813079834
2014-07-03,31.964988708496094,31.810977935791016,31.825881958007812,31.925243377685547,870600.0,20.435850143432617
2014-07-07,32.02460861206055,31.716583251953125,31.915307998657227,31.72154998779297,1252700.0,20.305456161499023
2014-07-08,31.64702796936035,31.23467254638672,31.264482498168945,31.264482498168945,2223600.0,20.01288414001465
2014-07-09,31.716583251953125,31.269451141357422,31.269451141357422,31.44830322265625,1847500.0,20.13054847717285
2014-07-10,31.289321899414062,31.001171112060547,31.06575584411621,31.155183792114258,1567700.0,19.94291877746582
2014-07-11,31.348939895629883,31.060789108276367,31.189960479736328,31.1601505279541,1355400.0,19.94609832763672
2014-07-14,31.468175888061523,31.135311126708984,31.403589248657227,31.15021514892578,1343700.0,19.939739227294922
2014-07-15,31.299259185791016,31.026012420654297,31.15021514892578,31.155183792114258,2053900.0,19.94291877746582
2014-07-16,31.512889862060547,31.2247371673584,31.299259185791016,31.50792121887207,2426500.0,20.168712615966797
2014-07-17,32.05441665649414,31.398622512817383,31.418495178222656,31.69671058654785,2355300.0,20.2895565032959
2014-07-18,31.940149307250977,31.617219924926758,31.880531311035156,31.71161460876465,1659300.0,20.299095153808594
2014-07-21,31.617219924926758,31.25951385498047,31.587411880493164,31.56753921508789,1203300.0,20.206872940063477
2014-07-22,32.18358612060547,31.642061233520508,31.701677322387695,32.133907318115234,1578400.0,20.569416046142578
2014-07-23,32.32766342163086,31.9351806640625,32.12397003173828,32.292884826660156,1634800.0,20.67117691040039
2014-07-24,32.55122756958008,32.178619384765625,32.292884826660156,32.248172760009766,1659000.0,20.64255714416504
2014-07-25,32.38727951049805,32.04944610595703,32.19352340698242,32.18855667114258,940200.0,20.604398727416992
2014-07-28,32.248172760009766,31.984861373901367,32.198490142822266,32.07428741455078,2428000.0,20.531251907348633
2014-07-29,32.292884826660156,31.955053329467773,32.18855667114258,31.955053329467773,1409900.0,20.454925537109375
2014-07-30,32.15874481201172,31.77123260498047,32.07428741455078,31.915307998657227,1163100.0,20.42948341369629
2014-07-31,31.83085060119629,30.703083038330078,31.72154998779297,30.99620246887207,2757500.0,19.841150283813477
2014-08-01,31.25951385498047,30.827285766601562,30.847158432006836,31.12537384033203,2019400.0,19.92383575439453
2014-08-04,31.309194564819336,30.886903762817383,31.130342483520508,31.194929122924805,1318100.0,19.968358993530273
2014-08-05,31.28435516357422,30.827285766601562,31.095565795898438,30.981298446655273,1690500.0,19.831613540649414
2014-08-06,31.1601505279541,30.752763748168945,30.77263641357422,30.852127075195312,1627800.0,19.74892807006836
2014-08-07,31.100534439086914,30.454675674438477,30.981298446655273,30.469579696655273,2340600.0,19.50404930114746
2014-08-08,29.565380096435547,28.2885684967041,29.351749420166016,28.566783905029297,5932300.0,18.286046981811523
2014-08-11,29.247419357299805,28.710859298706055,28.71582794189453,29.113279342651367,3378000.0,18.635866165161133
2014-08-12,29.212642669677734,28.7655086517334,29.033788681030273,28.810222625732422,2810600.0,18.44187355041504
2014-08-13,29.148056030273438,28.785381317138672,28.95429801940918,29.07353401184082,3150600.0,18.61042022705078
2014-08-14,29.307035446166992,29.07353401184082,29.17786407470703,29.197736740112305,1601200.0,18.689926147460938
2014-08-15,29.525634765625,29.018884658813477,29.31200408935547,29.222578048706055,2031900.0,18.705827713012695
2014-08-18,29.759136199951172,29.33684539794922,29.46601676940918,29.624996185302734,1864900.0,18.96341896057129
2014-08-19,29.754169464111328,29.610092163085938,29.610092163085938,29.729328155517578,1001600.0,19.03020668029785
2014-08-20,29.89327621459961,29.639902114868164,29.74920082092285,29.808818817138672,2375600.0,19.08108901977539
2014-08-21,30.146652221679688,29.769073486328125,29.808818817138672,30.027416229248047,1428000.0,19.221017837524414
2014-08-22,30.10690689086914,29.699520111083984,29.992639541625977,29.709455490112305,1372200.0,19.017486572265625
2014-08-25,29.937990188598633,29.65480613708496,29.818754196166992,29.793912887573242,966500.0,19.071552276611328
2014-08-26,29.957862854003906,29.62996482849121,29.7392635345459,29.83365821838379,1506400.0,19.096988677978516
2014-08-27,30.042320251464844,29.7740421295166,29.91811752319336,30.007543563842773,1956100.0,19.208297729492188
2014-08-28,29.957862854003906,29.62996482849121,29.843595504760742,29.79888153076172,1212200.0,19.074731826782227
2014-08-29,29.793912887573242,29.495824813842773,29.793912887573242,29.704486846923828,1533600.0,19.162206649780273
2014-09-02,30.01251220703125,29.67964744567871,29.7889461517334,29.923086166381836,1488200.0,19.303220748901367
2014-09-03,30.181428909301758,29.79888153076172,29.933021545410156,29.83365821838379,2309400.0,19.245532989501953
2014-09-04,30.121810913085938,29.699520111083984,29.937990188598633,29.79888153076172,1098300.0,19.223100662231445
2014-09-05,29.9876708984375,29.71442413330078,29.808818817138672,29.933021545410156,884300.0,19.309633255004883
2014-09-08,29.947925567626953,29.669710159301758,29.82372283935547,29.719390869140625,1019200.0,19.171817779541016
2014-09-09,29.644868850708008,29.376590728759766,29.644868850708008,29.49085807800293,1623900.0,19.024396896362305
2014-09-10,29.7889461517334,29.421302795410156,29.421302795410156,29.684614181518555,926800.0,19.149385452270508
2014-09-11,29.7889461517334,29.58525276184082,29.600156784057617,29.7392635345459,1537900.0,19.18463897705078
2014-09-12,29.84856414794922,29.53557014465332,29.709455490112305,29.66474151611328,2029900.0,19.136566162109375
2014-09-15,29.7740421295166,29.495824813842773,29.704486846923828,29.610092163085938,1737500.0,19.1013126373291
2014-09-16,29.67964744567871,29.411367416381836,29.615060806274414,29.550474166870117,3349800.0,19.06285285949707
2014-09-17,29.659774780273438,29.381559371948242,29.53557014465332,29.40639877319336,2550800.0,18.969913482666016
2014-09-18,29.590219497680664,29.401430130004883,29.470985412597656,29.411367416381836,1701600.0,18.97311782836914
2014-09-19,29.540538787841797,29.033788681030273,29.53557014465332,29.162960052490234,3273400.0,18.8128719329834
2014-09-22,29.078502655029297,28.695955276489258,29.018884658813477,28.71582794189453,2430000.0,18.52442741394043
2014-09-23,28.62143325805664,28.412771224975586,28.57672119140625,28.43264389038086,2043100.0,18.341747283935547
2014-09-24,28.626401901245117,28.38793182373047,28.38793182373047,28.536975860595703,2372400.0,18.409048080444336
2014-09-25,28.497230529785156,27.975576400756836,28.42270851135254,28.13455581665039,1893700.0,18.14945411682129
2014-09-26,28.238887786865234,28.055065155029297,28.174301147460938,28.13455581665039,1336600.0,18.14945411682129
2014-09-29,30.802446365356445,27.915958404541016,27.990480422973633,29.62002944946289,9472700.0,19.107725143432617
2014-09-30,30.643465042114258,29.813785552978516,30.017478942871094,30.38015365600586,7755700.0,19.598072052001953
2014-10-01,30.767667770385742,29.09837532043457,30.330472946166992,29.307035446166992,6051300.0,18.905813217163086
2014-10-02,29.43124008178711,28.835063934326172,29.316972732543945,29.16792869567871,1820700.0,18.81607437133789
2014-10-03,29.66474151611328,29.381559371948242,29.386526107788086,29.39646339416504,2406400.0,18.9635009765625
2014-10-06,29.769073486328125,29.436208724975586,29.639902114868164,29.436208724975586,2120600.0,18.989139556884766
2014-10-07,29.411367416381836,28.805253982543945,29.282196044921875,28.8151912689209,2193100.0,18.58852767944336
2014-10-08,29.4759521484375,28.805253982543945,28.8151912689209,29.426271438598633,3139000.0,18.982730865478516
2014-10-09,29.461048126220703,28.626401901245117,29.401430130004883,28.636337280273438,2388400.0,18.4731502532959
2014-10-10,28.939393997192383,28.382963180541992,28.65620994567871,28.382963180541992,2815300.0,18.30970001220703
2014-10-13,28.581687927246094,28.015321731567383,28.437612533569336,28.015321731567383,2096000.0,18.07253646850586
2014-10-14,28.223981857299805,27.925893783569336,28.08984375,27.950735092163086,2638500.0,18.030872344970703
2014-10-15,27.90105438232422,27.21048355102539,27.662582397460938,27.50857162475586,2834100.0,17.745630264282227
2014-10-16,27.64767837524414,26.942203521728516,26.97201156616211,27.513538360595703,2819200.0,17.748838424682617
2014-10-17,28.119651794433594,27.58806037902832,27.7768497467041,28.0401611328125,1857200.0,18.088558197021484
2014-10-20,28.179269790649414,27.687423706054688,27.722200393676758,28.139524459838867,1877900.0,18.15265655517578
2014-10-21,29.411367416381836,28.16933250427246,28.243854522705078,29.187801361083984,4068300.0,18.82889175415039
2014-10-22,29.525634765625,29.088438034057617,29.187801361083984,29.148056030273438,3048600.0,18.803255081176758
2014-10-23,29.515697479248047,29.282196044921875,29.436208724975586,29.37162208557129,3083900.0,18.94747543334961
2014-10-24,29.634933471679688,29.351749420166016,29.4759521484375,29.58525276184082,2281400.0,19.08528709411621
2014-10-27,29.813785552978516,29.34678077697754,29.45608139038086,29.555442810058594,2517500.0,19.066057205200195
2014-10-28,29.808818817138672,29.46601676940918,29.46601676940918,29.694551467895508,2092400.0,19.155797958374023
2014-10-29,29.982702255249023,29.56041145324707,29.694551467895508,29.878372192382812,1918700.0,19.274377822875977
2014-10-30,29.9876708984375,29.68958282470703,29.92805290222168,29.828691482543945,2405800.0,19.242334365844727
2014-10-31,30.16652488708496,29.878372192382812,30.126779556274414,30.007543563842773,2223300.0,19.357707977294922
2014-11-03,30.032384872436523,29.878372192382812,30.032384872436523,29.908180236816406,1783100.0,19.293607711791992
2014-11-04,30.171491622924805,29.873403549194336,29.903213500976562,29.913148880004883,2326500.0,19.296817779541016
2014-11-05,30.111873626708984,29.808818817138672,30.037351608276367,29.997608184814453,2970900.0,19.351299285888672
2014-11-06,30.255950927734375,29.649837493896484,30.037351608276367,29.65480613708496,4587900.0,19.130159378051758
2014-11-07,29.97773551940918,28.09977912902832,28.209077835083008,29.644868850708008,5932900.0,19.123746871948242
2014-11-10,29.65480613708496,29.321941375732422,29.615060806274414,29.46601676940918,2638800.0,19.00836753845215
2014-11-11,29.91811752319336,29.2623233795166,29.485889434814453,29.908180236816406,2687400.0,19.293607711791992
2014-11-12,30.489452362060547,29.550474166870117,29.853530883789062,30.429834365844727,3627200.0,19.630123138427734
2014-11-13,30.653400421142578,30.146652221679688,30.519262313842773,30.63849639892578,2635300.0,19.76473045349121
2014-11-14,30.876968383789062,30.504356384277344,30.653400421142578,30.683210372924805,2488100.0,19.793575286865234
2014-11-17,31.050851821899414,30.648433685302734,30.678241729736328,30.99620246887207,1779800.0,19.995481491088867
2014-11-18,31.085628509521484,30.787540435791016,30.956457138061523,30.812381744384766,2076500.0,19.876901626586914
2014-11-19,30.96142578125,30.554039001464844,30.752763748168945,30.941553115844727,1922100.0,19.960227966308594
2014-11-20,31.254545211791992,30.63849639892578,30.752763748168945,31.155183792114258,1953900.0,20.098045349121094
2014-11-21,31.592378616333008,30.85709571838379,31.522825241088867,31.040916442871094,1812400.0,20.024330139160156
2014-11-24,31.60231590270996,31.045883178710938,31.180023193359375,31.522825241088867,1751900.0,20.335208892822266
2014-11-25,31.656965255737305,31.25951385498047,31.478111267089844,31.368812561035156,1498600.0,20.235851287841797
2014-11-26,31.582443237304688,31.2247371673584,31.433399200439453,31.443334579467773,1398400.0,20.283926010131836
2014-11-28,31.741422653198242,31.368812561035156,31.50792121887207,31.488048553466797,803000.0,20.312774658203125
2014-12-01,31.766263961791992,31.23467254638672,31.44830322265625,31.557601928710938,1757600.0,20.35763931274414
2014-12-02,31.85072135925293,31.403589248657227,31.50792121887207,31.84078598022461,1948500.0,20.540321350097656
2014-12-03,33.28154373168945,31.537729263305664,31.860658645629883,32.903968811035156,5524100.0,21.226173400878906
2014-12-04,32.879127502441406,32.292884826660156,32.7946662902832,32.40715408325195,3136500.0,20.905683517456055
2014-12-05,32.63568878173828,32.198490142822266,32.35747146606445,32.57606887817383,2500300.0,21.014652252197266
2014-12-08,32.55122756958008,31.955053329467773,32.38727951049805,32.009700775146484,1671800.0,20.649288177490234
2014-12-09,31.890466690063477,31.48307991027832,31.791105270385742,31.751359939575195,2059000.0,20.48263168334961
2014-12-10,31.74639129638672,31.016075134277344,31.622188568115234,31.189960479736328,3035300.0,20.1204776763916
2014-12-11,31.45823860168457,30.98626708984375,31.254545211791992,31.040916442871094,2552200.0,20.024330139160156
2014-12-12,31.075693130493164,30.44970703125,30.89187240600586,30.46461296081543,2254600.0,19.65256118774414
2014-12-15,30.827285766601562,30.454675674438477,30.583847045898438,30.767667770385742,2731700.0,19.84805679321289
2014-12-16,30.946521759033203,30.255950927734375,30.57887840270996,30.270854949951172,1616000.0,19.52756690979004
2014-12-17,30.911745071411133,30.26091766357422,30.409963607788086,30.89187240600586,1516200.0,19.928184509277344
2014-12-18,31.656965255737305,31.219768524169922,31.358877182006836,31.656965255737305,1764400.0,20.421741485595703
2014-12-19,31.964988708496094,31.562570571899414,31.810977935791016,31.716583251953125,2805200.0,20.4601993560791
2014-12-22,32.014671325683594,31.348939895629883,31.716583251953125,31.91033935546875,1481100.0,20.58519172668457
2014-12-23,32.109066009521484,31.81594467163086,31.974925994873047,31.855690002441406,1131700.0,20.54993438720703
2014-12-24,32.16371536254883,31.87556266784668,31.940149307250977,31.974925994873047,371500.0,20.62685203552246
2014-12-26,32.14384078979492,31.845754623413086,32.02957534790039,31.870594024658203,440700.0,20.559551239013672
2014-12-29,32.01963806152344,31.716583251953125,31.75632667541504,31.786136627197266,608400.0,20.505067825317383
2014-12-30,32.292884826660156,31.979894638061523,32.009700775146484,32.014671325683594,1251300.0,20.652494430541992
2014-12-31,32.04447937011719,31.304227828979492,31.9351806640625,31.324100494384766,1145200.0,20.353233337402344
2015-01-02,31.587411880493164,30.98626708984375,31.453271865844727,31.4234619140625,1529000.0,20.41779136657715
2015-01-05,31.28435516357422,30.732891082763672,31.23467254638672,30.787540435791016,1505900.0,20.004594802856445
2015-01-06,31.06575584411621,30.60371971130371,30.847158432006836,30.86703109741211,2042100.0,20.056245803833008
2015-01-07,31.2098331451416,30.678241729736328,30.991233825683594,31.09059715270996,1574800.0,20.201509475708008
2015-01-08,31.627155303955078,31.1601505279541,31.279386520385742,31.443334579467773,2565200.0,20.430700302124023
2015-01-09,32.014671325683594,31.468175888061523,31.547666549682617,31.940149307250977,1938100.0,20.753517150878906
2015-01-12,32.039512634277344,31.35390853881836,31.890466690063477,31.393653869628906,2149400.0,20.398427963256836
2015-01-13,31.96995735168457,31.100534439086914,31.54269790649414,31.368812561035156,2415900.0,20.382286071777344
2015-01-14,31.617219924926758,30.97136116027832,31.03097915649414,31.522825241088867,2257300.0,20.48235511779785
2015-01-15,31.493017196655273,30.847158432006836,31.2098331451416,30.981298446655273,1868900.0,20.130491256713867
2015-01-16,31.274417877197266,30.72295570373535,30.95149040222168,31.244609832763672,2304200.0,20.301584243774414
2015-01-20,31.726518630981445,31.040916442871094,31.502952575683594,31.28435516357422,1540600.0,20.327407836914062
2015-01-21,31.28435516357422,30.777605056762695,31.12537384033203,31.050851821899414,1817300.0,20.175687789916992
2015-01-22,31.57747459411621,31.070724487304688,31.24957847595215,31.57747459411621,2249600.0,20.517866134643555
2015-01-23,32.30282211303711,31.627155303955078,31.627155303955078,32.01963806152344,2505500.0,20.80516815185547
2015-01-26,32.04447937011719,31.488048553466797,31.989830017089844,31.642061233520508,1958200.0,20.559831619262695
2015-01-27,31.497983932495117,30.93658447265625,31.254545211791992,31.17505645751953,2118400.0,20.25638771057129
2015-01-28,31.51785659790039,30.77263641357422,31.393653869628906,30.792509078979492,2298900.0,20.00782012939453
2015-01-29,31.264482498168945,30.38015365600586,30.822317123413086,31.219768524169922,2714400.0,20.28544044494629
2015-01-30,30.802446365356445,30.017478942871094,30.802446365356445,30.146652221679688,4472600.0,19.588172912597656
2015-02-02,30.494421005249023,29.709455490112305,29.967798233032227,30.46461296081543,3467400.0,19.79477310180664
2015-02-03,31.001171112060547,30.549070358276367,30.67327308654785,30.827285766601562,3706100.0,20.03042221069336
2015-02-04,31.32906723022461,30.7130184173584,30.782573699951172,31.11543846130371,3859500.0,20.217653274536133
2015-02-05,31.557601928710938,31.105501174926758,31.274417877197266,31.522825241088867,2472900.0,20.48235511779785
2015-02-06,32.46677017211914,31.761295318603516,31.83085060119629,32.30282211303711,3179500.0,20.98917007446289
2015-02-09,32.28295135498047,31.99479866027832,32.20842742919922,32.21339797973633,3476000.0,20.931062698364258
2015-02-10,30.90180778503418,29.74920082092285,29.898244857788086,30.2509822845459,11546100.0,19.655956268310547
2015-02-11,30.97136116027832,30.052257537841797,30.28575897216797,30.871999740600586,6481600.0,20.059473037719727
2015-02-12,32.16371536254883,30.941553115844727,30.941553115844727,32.04447937011719,5563200.0,20.821306228637695
2015-02-13,33.107662200927734,32.00473403930664,32.09912872314453,32.83938217163086,3775600.0,21.33780860900879
2015-02-17,33.25670623779297,32.8443489074707,32.86919021606445,33.13249969482422,2164100.0,21.528261184692383
2015-02-18,33.450462341308594,33.033138275146484,33.107662200927734,33.296451568603516,4422900.0,21.634788513183594
2015-02-19,33.35110092163086,32.988426208496094,33.28651428222656,33.23186492919922,2147200.0,21.592832565307617
2015-02-20,33.3560676574707,32.94868087768555,33.16727828979492,33.25173568725586,1644900.0,21.60573387145996
2015-02-23,36.41147232055664,34.2801399230957,34.3447265625,35.64141082763672,11019800.0,23.158462524414062
2015-02-24,36.2574577331543,34.58319854736328,36.11338424682617,35.194278717041016,8772400.0,22.86793327331543
2015-02-25,35.20421600341797,34.85147476196289,35.08000946044922,35.01542663574219,3983500.0,22.75171661376953
2015-02-26,35.3830680847168,34.8713493347168,35.16447067260742,35.20421600341797,3317200.0,22.8743896484375
2015-02-27,35.46255874633789,35.03529739379883,35.06510543823242,35.23402404785156,3496600.0,22.89375114440918
2015-03-02,35.3532600402832,34.89619064331055,35.23402404785156,35.27376937866211,2468600.0,22.91958236694336
2015-03-03,35.099884033203125,34.76701736450195,35.08994674682617,35.07007598876953,2057400.0,22.787227630615234
2015-03-04,34.955806732177734,34.73720932006836,34.935935974121094,34.8067626953125,2997000.0,22.61613655090332
2015-03-05,34.8415412902832,34.48383331298828,34.776954650878906,34.707401275634766,3385100.0,22.551570892333984
2015-03-06,35.025360107421875,34.16587448120117,34.613006591796875,34.21058654785156,2419500.0,22.22876739501953
2015-03-09,34.518611907958984,34.150970458984375,34.220523834228516,34.3447265625,2438900.0,22.315921783447266
2015-03-10,34.2801399230957,33.41071701049805,34.215553283691406,33.44052505493164,3630500.0,21.728404998779297
2015-03-11,33.664093017578125,32.9238395690918,33.425621032714844,33.11262893676758,4180700.0,21.51534652709961
2015-03-12,33.83797836303711,33.14740753173828,33.14740753173828,33.8330078125,4013100.0,21.983423233032227
2015-03-13,33.8975944519043,33.25173568725586,33.639251708984375,33.470333099365234,3537400.0,21.747779846191406
2015-03-16,33.87275314331055,33.41568374633789,33.753517150878906,33.520015716552734,2263700.0,21.780059814453125
2015-03-17,33.450462341308594,33.13249969482422,33.420654296875,33.13747024536133,1860500.0,21.531492233276367
2015-03-18,33.49020767211914,32.73008346557617,33.08778762817383,33.3212890625,2618400.0,21.650930404663086
2015-03-19,33.589569091796875,33.16231155395508,33.341163635253906,33.177215576171875,1388300.0,21.557315826416016
2015-03-20,33.44052505493164,33.14243698120117,33.246768951416016,33.152374267578125,2767900.0,21.54117774963379
2015-03-23,33.48027038574219,32.97848892211914,33.23186492919922,33.04307556152344,3542300.0,21.47015953063965
2015-03-24,33.177215576171875,32.620784759521484,33.00333023071289,32.65555953979492,2090800.0,21.21836280822754
2015-03-25,32.9586181640625,31.96002197265625,32.95364761352539,31.974925994873047,2653500.0,20.776113510131836
2015-03-26,32.501548767089844,31.825881958007812,31.83085060119629,32.37734603881836,3526200.0,21.190017700195312
2015-03-27,32.715179443359375,32.25313949584961,32.4468994140625,32.67543411254883,2862600.0,21.38510513305664
2015-03-30,33.14740753173828,32.77479553222656,32.77479553222656,33.013267517089844,1584000.0,21.60620880126953
2015-03-31,32.938743591308594,32.42205810546875,32.829444885253906,32.4319953918457,3208100.0,21.22578239440918
2015-04-01,32.65059280395508,31.989830017089844,32.392250061035156,32.40715408325195,1738800.0,21.209518432617188
2015-04-02,32.784732818603516,32.342567443847656,32.417091369628906,32.48167419433594,1435600.0,21.258298873901367
2015-04-06,32.66053009033203,32.00473403930664,32.297855377197266,32.45683670043945,2541500.0,21.24203872680664
2015-04-07,32.640655517578125,32.36244201660156,32.4468994140625,32.4319953918457,1629400.0,21.22578239440918
2015-04-08,32.571102142333984,31.989830017089844,32.427024841308594,32.18358612060547,2377000.0,21.06320571899414
2015-04-09,32.36244201660156,31.9351806640625,32.23326873779297,32.039512634277344,2348200.0,20.968914031982422
2015-04-10,32.779762268066406,32.039512634277344,32.104095458984375,32.715179443359375,2768600.0,21.411113739013672
2015-04-13,32.9238395690918,32.49161148071289,32.809574127197266,32.49161148071289,1894200.0,21.26479721069336
2015-04-14,32.27798080444336,31.920276641845703,31.984861373901367,32.08919143676758,2119600.0,21.00142478942871
2015-04-15,32.70524215698242,32.02957534790039,32.104095458984375,32.62575149536133,3229700.0,21.352582931518555
2015-04-16,33.16727828979492,32.44192886352539,32.5114860534668,32.710208892822266,2679000.0,21.407867431640625
2015-04-17,32.72511291503906,32.42205810546875,32.54129409790039,32.590972900390625,2456900.0,21.3298282623291
2015-04-20,32.938743591308594,32.47174072265625,32.685367584228516,32.56116485595703,2234200.0,21.310317993164062
2015-04-21,32.665496826171875,32.292884826660156,32.58103942871094,32.322696685791016,2032700.0,21.154251098632812
2015-04-22,32.79963684082031,32.392250061035156,32.417091369628906,32.70524215698242,1721700.0,21.404613494873047
2015-04-23,32.76982879638672,32.54129409790039,32.595943450927734,32.615814208984375,1551200.0,21.346084594726562
2015-04-24,32.665496826171875,32.392250061035156,32.54129409790039,32.571102142333984,1693800.0,21.31682014465332
2015-04-27,32.665496826171875,32.25313949584961,32.54129409790039,32.32766342163086,1774400.0,21.157499313354492
2015-04-28,32.60091018676758,32.128936767578125,32.297855377197266,32.48664474487305,1179600.0,21.26154899597168
2015-04-29,32.4319953918457,32.09912872314453,32.4121208190918,32.198490142822266,1157500.0,21.07295799255371
2015-04-30,32.31275939941406,31.751359939575195,32.133907318115234,32.01963806152344,3511900.0,20.95590591430664
2015-05-01,32.44192886352539,32.084224700927734,32.18855667114258,32.40715408325195,1426200.0,21.209518432617188
2015-05-04,32.710208892822266,32.49161148071289,32.49161148071289,32.61084747314453,1123000.0,21.342836380004883
2015-05-05,32.54129409790039,32.20842742919922,32.392250061035156,32.26804733276367,2035700.0,21.118486404418945
2015-05-06,32.55619812011719,31.796072006225586,32.4121208190918,31.984861373901367,1770400.0,20.933147430419922
2015-05-07,32.297855377197266,31.930212020874023,32.06932067871094,32.084224700927734,1483600.0,20.998172760009766
2015-05-08,32.595943450927734,32.128936767578125,32.128936767578125,32.4468994140625,1166500.0,21.23553466796875
2015-05-11,32.784732818603516,32.27798080444336,32.427024841308594,32.392250061035156,1474300.0,21.19976806640625
2015-05-12,32.14384078979492,31.72154998779297,32.14384078979492,31.920276641845703,2296600.0,20.89087677001953
2015-05-13,32.228302001953125,31.890466690063477,31.890466690063477,32.04944610595703,1106900.0,20.975414276123047
2015-05-14,34.33478927612305,32.27798080444336,32.37237548828125,33.425621032714844,7250500.0,21.876075744628906
2015-05-15,33.753517150878906,33.09275817871094,33.53491973876953,33.67899703979492,3800000.0,22.04190444946289
2015-05-18,34.006893157958984,33.495174407958984,33.639251708984375,33.91746520996094,3231300.0,22.19798469543457
2015-05-19,33.9472770690918,33.3560676574707,33.8677864074707,33.614410400390625,4269900.0,21.999637603759766
2015-05-20,35.27376937866211,34.04167175292969,34.88128662109375,34.4093132019043,9203000.0,22.51987648010254
2015-05-21,34.40434265136719,34.051605224609375,34.25529861450195,34.27517318725586,2750200.0,22.43208885192871
2015-05-22,34.240394592285156,33.9472770690918,34.12116241455078,34.02179718017578,2847400.0,22.26625633239746
2015-05-26,33.90753173828125,33.39581298828125,33.90753173828125,33.52498245239258,3675600.0,21.94110870361328
2015-05-27,34.613006591796875,33.852882385253906,33.852882385253906,34.38447189331055,4011300.0,22.50362205505371
2015-05-28,34.473899841308594,34.10625457763672,34.18574523925781,34.449058532714844,1820700.0,22.54589080810547
2015-05-29,34.54841995239258,34.07147979736328,34.449058532714844,34.081417083740234,2532900.0,22.305278778076172
2015-06-01,34.28511047363281,33.69886779785156,34.16587448120117,33.758487701416016,1904500.0,22.093936920166016
2015-06-02,34.02676773071289,33.64918899536133,33.70383834838867,33.90256118774414,1360200.0,22.188222885131836
2015-06-03,34.35466384887695,33.85784912109375,33.92740249633789,34.21058654785156,1505300.0,22.389816284179688
2015-06-04,34.04167175292969,33.16231155395508,34.00192642211914,33.639251708984375,2949900.0,22.015888214111328
2015-06-05,33.887657165527344,33.296451568603516,33.77339172363281,33.62931442260742,2129300.0,22.009389877319336
2015-06-08,33.62434768676758,33.3063850402832,33.569698333740234,33.31135559082031,1528600.0,21.801298141479492
2015-06-09,33.3361930847168,32.86919021606445,33.3361930847168,33.00333023071289,2230500.0,21.599702835083008
2015-06-10,33.55976104736328,32.97848892211914,33.11759567260742,33.52498245239258,1827900.0,22.0950870513916
2015-06-11,34.58319854736328,33.60944366455078,33.69390106201172,34.468929290771484,3954500.0,22.717208862304688
2015-06-12,34.265235900878906,33.54982376098633,34.220523834228516,33.659122467041016,2985600.0,22.183496475219727
2015-06-15,33.31135559082031,32.82447814941406,33.30141830444336,32.889060974121094,2459800.0,21.675973892211914
2015-06-16,33.31135559082031,32.82447814941406,32.99339294433594,33.25670623779297,1859400.0,21.918277740478516
2015-06-17,33.57466506958008,33.202056884765625,33.27657699584961,33.44052505493164,1418100.0,22.039432525634766
2015-06-18,33.783329010009766,33.450462341308594,33.500144958496094,33.64918899536133,1909400.0,22.17694664001465
2015-06-19,33.79823303222656,33.36103439331055,33.52995300292969,33.639251708984375,2624600.0,22.170398712158203
2015-06-22,33.862815856933594,33.44549560546875,33.84294509887695,33.49020767211914,2349600.0,22.07217025756836
2015-06-23,33.683963775634766,33.43058776855469,33.53989028930664,33.44052505493164,1555600.0,22.039432525634766
2015-06-24,33.57466506958008,32.988426208496094,33.4355583190918,33.13249969482422,1314300.0,21.836416244506836
2015-06-25,33.3063850402832,32.804603576660156,33.25173568725586,32.963584899902344,1200700.0,21.725095748901367
2015-06-26,33.33122634887695,33.00333023071289,33.00333023071289,33.16727828979492,2280000.0,21.859336853027344
2015-06-29,33.008296966552734,32.56613540649414,32.91887283325195,32.665496826171875,2436200.0,21.528635025024414
2015-06-30,33.06791687011719,32.51645278930664,32.913902282714844,32.61084747314453,2056000.0,21.49262046813965
2015-07-01,32.94371032714844,32.54129409790039,32.8443489074707,32.74995422363281,1566900.0,21.58429718017578
2015-07-02,32.91887283325195,32.62575149536133,32.88409423828125,32.83938217163086,1114400.0,21.643232345581055
2015-07-06,33.008296966552734,32.36244201660156,32.48167419433594,32.83938217163086,2337000.0,21.643232345581055
2015-07-07,33.03810501098633,32.4121208190918,32.83441162109375,32.938743591308594,1807400.0,21.708715438842773
2015-07-08,32.804603576660156,32.33760070800781,32.715179443359375,32.402183532714844,2112300.0,21.355093002319336
2015-07-09,33.013267517089844,32.417091369628906,32.79963684082031,32.53632354736328,2172200.0,21.443498611450195
2015-07-10,33.271610260009766,32.8592529296875,32.89899826049805,33.15734100341797,1728300.0,21.852794647216797
2015-07-13,33.52498245239258,33.26167297363281,33.28651428222656,33.470333099365234,1757900.0,22.05907440185547
2015-07-14,33.63428497314453,33.271610260009766,33.41568374633789,33.450462341308594,2414300.0,22.045976638793945
2015-07-15,33.90256118774414,33.27657699584961,33.52498245239258,33.733646392822266,2046200.0,22.23261260986328
2015-07-16,34.06650924682617,33.64918899536133,33.957210540771484,33.683963775634766,1990600.0,22.199861526489258
2015-07-17,33.71874237060547,33.296451568603516,33.64421844482422,33.53491973876953,2821500.0,22.10163688659668
2015-07-20,33.76345443725586,33.4355583190918,33.64421844482422,33.500144958496094,1568500.0,22.078725814819336
2015-07-21,33.58460235595703,32.983455657958984,33.32625961303711,33.04307556152344,2193900.0,21.777481079101562
2015-07-22,33.28651428222656,32.879127502441406,32.913902282714844,33.102691650390625,1708700.0,21.816774368286133
2015-07-23,33.271610260009766,32.96855163574219,33.09772491455078,33.06294631958008,1160500.0,21.790578842163086
2015-07-24,33.057979583740234,32.28791809082031,33.03810501098633,32.521419525146484,1495800.0,21.43367576599121
2015-07-27,32.3823127746582,31.984861373901367,32.28295135498047,32.08919143676758,1129200.0,21.14881134033203
2015-07-28,32.342567443847656,31.835817337036133,32.228302001953125,32.20842742919922,1117500.0,21.227399826049805
2015-07-29,32.37237548828125,31.96002197265625,32.16371536254883,32.31275939941406,1091900.0,21.296154022216797
2015-07-30,32.342567443847656,31.7364559173584,32.153778076171875,32.28791809082031,896400.0,21.27978515625
2015-07-31,32.526390075683594,32.153778076171875,32.47174072265625,32.50651550292969,1342600.0,21.42385482788086
2015-08-03,32.526390075683594,32.109066009521484,32.501548767089844,32.417091369628906,1270700.0,21.364917755126953
2015-08-04,32.74498748779297,32.273014068603516,32.427024841308594,32.36244201660156,1562100.0,21.328899383544922
2015-08-05,32.784732818603516,32.31275939941406,32.54129409790039,32.496578216552734,3472000.0,21.41730308532715
2015-08-06,32.58103942871094,31.54269790649414,32.501548767089844,31.56753921508789,2897800.0,20.805009841918945
2015-08-07,32.292884826660156,31.54269790649414,31.78116798400879,32.273014068603516,3530000.0,21.26996612548828
2015-08-10,32.67046356201172,32.16371536254883,32.292884826660156,32.47174072265625,2243600.0,21.400938034057617
2015-08-11,32.546260833740234,31.6718692779541,32.28791809082031,31.895435333251953,3080300.0,21.021116256713867
2015-08-12,33.659122467041016,32.42205810546875,33.500144958496094,33.172245025634766,8033100.0,21.862613677978516
2015-08-13,33.271610260009766,32.710208892822266,33.23683166503906,32.95364761352539,3801100.0,21.71854591369629
2015-08-14,33.69886779785156,32.7946662902832,32.889060974121094,33.520015716552734,2955400.0,22.091814041137695
2015-08-17,33.659122467041016,33.202056884765625,33.44052505493164,33.63428497314453,1415100.0,22.167123794555664
2015-08-18,33.778358459472656,33.51007843017578,33.64421844482422,33.664093017578125,1815900.0,22.1867733001709
2015-08-19,33.57963180541992,32.8741569519043,33.55976104736328,33.04804229736328,1365000.0,21.78075408935547
2015-08-20,32.82447814941406,32.392250061035156,32.70524215698242,32.417091369628906,1641000.0,21.364917755126953
2015-08-21,32.342567443847656,31.34397315979004,32.16371536254883,31.383716583251953,2400600.0,20.68385887145996
2015-08-24,31.075693130493164,29.197736740112305,29.615060806274414,30.05722427368164,3586800.0,19.809614181518555
2015-08-25,31.035947799682617,29.744232177734375,31.035947799682617,29.76410484313965,3896400.0,19.616432189941406
2015-08-26,30.817350387573242,29.7243595123291,30.444740295410156,30.782573699951172,2238800.0,20.287670135498047
2015-08-27,31.403589248657227,30.44970703125,31.105501174926758,31.120407104492188,1876500.0,20.51032066345215
2015-08-28,31.32906723022461,30.80741310119629,30.911745071411133,31.28435516357422,1950100.0,20.61837387084961
2015-08-31,31.274417877197266,30.757732391357422,31.050851821899414,30.79747772216797,1664100.0,20.297487258911133
2015-09-01,30.50932502746582,29.684614181518555,30.44970703125,29.86843490600586,6114600.0,19.685197830200195
2015-09-02,30.375185012817383,29.803850173950195,30.067161560058594,30.375185012817383,2925000.0,20.174524307250977
2015-09-03,30.862062454223633,30.325504302978516,30.365249633789062,30.608688354492188,1665100.0,20.329614639282227
2015-09-04,30.454675674438477,29.982702255249023,30.14168357849121,30.101938247680664,1622600.0,19.9930419921875
2015-09-08,30.896839141845703,30.365249633789062,30.63849639892578,30.86703109741211,1587400.0,20.501201629638672
2015-09-09,31.24957847595215,30.38015365600586,31.2247371673584,30.444740295410156,1351300.0,20.22072410583496
2015-09-10,30.981298446655273,30.305631637573242,30.375185012817383,30.787540435791016,1554700.0,20.448406219482422
2015-09-11,30.921680450439453,30.524229049682617,30.60371971130371,30.896839141845703,1116200.0,20.520998001098633
2015-09-14,31.016075134277344,30.424867630004883,30.90180778503418,30.549070358276367,1200300.0,20.290016174316406
2015-09-15,31.095565795898438,30.489452362060547,30.72295570373535,31.016075134277344,2256200.0,20.600189208984375
2015-09-16,31.254545211791992,30.881935119628906,30.921680450439453,31.17505645751953,1239400.0,20.70578384399414
2015-09-17,31.309194564819336,30.83225440979004,31.15021514892578,30.896839141845703,1140900.0,20.520998001098633
2015-09-18,30.717987060546875,30.196332931518555,30.469579696655273,30.2509822845459,2628200.0,20.09203338623047
2015-09-21,30.73785972595215,30.196332931518555,30.47454833984375,30.50932502746582,1754500.0,20.263622283935547
2015-09-22,30.325504302978516,29.97773551940918,30.121810913085938,30.255950927734375,1402200.0,20.095335006713867
2015-09-23,30.35531234741211,29.903213500976562,30.246013641357422,30.2509822845459,1019200.0,20.09203338623047
2015-09-24,30.131746292114258,29.356718063354492,29.947925567626953,30.052257537841797,1976700.0,19.960041046142578
2015-09-25,30.708051681518555,30.092002868652344,30.330472946166992,30.459644317626953,1805900.0,20.230621337890625
2015-09-28,30.335439682006836,29.649837493896484,30.295696258544922,29.744232177734375,3260700.0,19.755462646484375
2015-09-29,29.89327621459961,29.381559371948242,29.76410484313965,29.71442413330078,3366000.0,19.73566436767578
2015-09-30,30.54410171508789,29.908180236816406,29.992639541625977,30.494421005249023,4482900.0,20.253719329833984
2015-10-01,30.67327308654785,30.305631637573242,30.554039001464844,30.50932502746582,2024000.0,20.263622283935547
2015-10-02,31.016075134277344,29.913148880004883,30.121810913085938,30.99620246887207,1372600.0,20.586992263793945
2015-10-05,31.512889862060547,31.09059715270996,31.140277862548828,31.428430557250977,1178000.0,20.874069213867188
2015-10-06,31.532760620117188,31.155183792114258,31.299259185791016,31.368812561035156,1805200.0,20.834470748901367
2015-10-07,31.835817337036133,31.324100494384766,31.493017196655273,31.572505950927734,1747000.0,20.969758987426758
2015-10-08,32.00473403930664,31.4234619140625,31.44830322265625,31.96002197265625,1666300.0,21.227142333984375
2015-10-09,32.21339797973633,31.810977935791016,31.940149307250977,32.12397003173828,1758700.0,21.336030960083008
2015-10-12,32.36244201660156,31.989830017089844,32.20842742919922,32.297855377197266,2217400.0,21.45151710510254
2015-10-13,32.45683670043945,32.039512634277344,32.14384078979492,32.13887405395508,1830900.0,21.345928192138672
2015-10-14,32.70027542114258,31.825881958007812,32.07925796508789,31.96002197265625,1665300.0,21.227142333984375
2015-10-15,32.16868209838867,31.766263961791992,32.02460861206055,31.845754623413086,1748400.0,21.151247024536133
2015-10-16,32.014671325683594,31.627155303955078,31.895435333251953,31.955053329467773,1844700.0,21.223840713500977
2015-10-19,32.153778076171875,31.791105270385742,31.905372619628906,31.989830017089844,2133900.0,21.246936798095703
2015-10-20,32.223331451416016,31.955053329467773,31.96002197265625,32.16868209838867,1362800.0,21.365724563598633
2015-10-21,32.49161148071289,32.08919143676758,32.322696685791016,32.21339797973633,2705900.0,21.395427703857422
2015-10-22,32.97848892211914,32.14881134033203,32.501548767089844,32.74001693725586,3385300.0,21.745193481445312
2015-10-23,33.077850341796875,32.74001693725586,33.06294631958008,32.94371032714844,1977100.0,21.880483627319336
2015-10-26,33.057979583740234,32.83441162109375,32.92880630493164,32.9735221862793,1446100.0,21.900283813476562
2015-10-27,32.9238395690918,32.67543411254883,32.84931945800781,32.81950759887695,1167700.0,21.797990798950195
2015-10-28,33.3063850402832,32.81950759887695,32.95364761352539,33.3063850402832,2614400.0,22.121362686157227
2015-10-29,33.21696090698242,32.76982879638672,33.18714904785156,32.879127502441406,1825200.0,21.83759117126465
2015-10-30,33.27657699584961,32.889060974121094,33.00333023071289,33.082820892333984,2323300.0,21.972875595092773
2015-11-02,33.4852409362793,33.09772491455078,33.09772491455078,33.4852409362793,2716000.0,22.240154266357422
2015-11-03,33.67402648925781,33.28651428222656,33.4355583190918,33.52995300292969,2523600.0,22.269853591918945
2015-11-04,33.8826904296875,33.41568374633789,33.66905975341797,33.8330078125,5460300.0,22.471132278442383
2015-11-05,34.02676773071289,32.45683670043945,33.60944366455078,33.28651428222656,3956400.0,22.108165740966797
2015-11-06,33.67402648925781,33.013267517089844,33.25670623779297,33.659122467041016,3787800.0,22.35564613342285
2015-11-09,33.61937713623047,33.07288360595703,33.54982376098633,33.500144958496094,4058600.0,22.25006103515625
2015-11-10,33.4057502746582,32.988426208496094,33.390846252441406,33.3063850402832,2742800.0,22.121362686157227
2015-11-11,33.420654296875,33.16727828979492,33.41071701049805,33.3361930847168,2256200.0,22.141159057617188
2015-11-12,33.28154373168945,32.8940315246582,33.197086334228516,32.97848892211914,1860500.0,21.903587341308594
2015-11-13,32.88409423828125,32.09416198730469,32.829444885253906,32.19352340698242,2635100.0,21.382226943969727
2015-11-16,34.339759826660156,32.09416198730469,32.09416198730469,34.16587448120117,8948300.0,22.692216873168945
2015-11-17,35.3333854675293,32.09416198730469,32.09416198730469,35.01045608520508,6193800.0,23.253170013427734
2015-11-18,35.348289489746094,34.74714660644531,35.169437408447266,35.04026412963867,3823900.0,23.27297019958496
2015-11-19,35.005489349365234,34.33478927612305,35.005489349365234,34.79682540893555,5043800.0,23.11128044128418
2015-11-20,35.13465881347656,34.50370788574219,34.99555206298828,34.67262268066406,5234900.0,23.028789520263672
2015-11-23,34.94090270996094,34.43912124633789,34.64281463623047,34.752113342285156,4193800.0,23.081586837768555
2015-11-24,34.88128662109375,34.48383331298828,34.662689208984375,34.55835723876953,3517700.0,22.95290184020996
2015-11-25,34.69249725341797,33.64421844482422,34.52357864379883,34.50867462158203,7920500.0,22.919898986816406
2015-11-27,34.92599868774414,34.031734466552734,34.3447265625,34.09135055541992,13795400.0,22.64272117614746
2015-11-30,31.959999084472656,29.780000686645508,30.850000381469727,31.329999923706055,30648500.0,30.0701961517334
2015-12-01,27.283737182617188,26.747404098510742,27.067474365234375,27.102075576782227,5554400.0,26.01227569580078
2015-12-02,27.249134063720703,26.6695499420166,27.03287124633789,26.704153060913086,3261100.0,25.630355834960938
2015-12-03,26.730104446411133,25.70069122314453,26.721452713012695,26.01211166381836,6757600.0,24.966136932373047
2015-12-04,26.548442840576172,26.01211166381836,26.01211166381836,26.479238510131836,4663400.0,25.41448211669922
2015-12-07,26.643598556518555,26.25432586669922,26.384082794189453,26.626296997070312,4479300.0,25.55562973022461
2015-12-08,26.704153060913086,26.12456703186035,26.25432586669922,26.3494815826416,3886400.0,25.289947509765625
2015-12-09,26.87716293334961,26.1505184173584,26.401384353637695,26.392732620239258,3707400.0,25.331457138061523
2015-12-10,26.608997344970703,26.25432586669922,26.36678123474121,26.48788833618164,3421700.0,25.422786712646484
2015-12-11,26.33218002319336,25.570934295654297,26.141868591308594,25.769895553588867,2921400.0,24.733667373657227
2015-12-14,26.13321876525879,25.527681350708008,25.856401443481445,25.882352828979492,2757600.0,24.841598510742188
2015-12-15,26.496540069580078,25.90830421447754,26.141868591308594,26.219722747802734,3153300.0,25.1654052734375
2015-12-16,27.231834411621094,26.193771362304688,26.47058868408203,27.13667869567871,3765400.0,26.045486450195312
2015-12-17,27.612457275390625,26.868511199951172,27.102075576782227,27.145328521728516,5410300.0,26.053789138793945
2015-12-18,27.46539878845215,26.83390998840332,27.058822631835938,27.25778579711914,7708200.0,26.161727905273438
2015-12-21,27.993080139160156,27.2404842376709,27.352941513061523,27.897924423217773,4778900.0,26.776126861572266
2015-12-22,28.08823585510254,27.768165588378906,27.871973037719727,27.871973037719727,2137200.0,26.7512149810791
2015-12-23,28.728374481201172,27.854671478271484,27.897924423217773,28.581314086914062,2314700.0,27.432031631469727
2015-12-24,28.78892707824707,28.52941131591797,28.54671287536621,28.693771362304688,851000.0,27.539968490600586
2015-12-28,28.66781997680664,28.192041397094727,28.62456703186035,28.598615646362305,1150300.0,27.448640823364258
2015-12-29,29.117647171020508,28.564014434814453,28.5899658203125,28.676469802856445,1795200.0,27.523357391357422
2015-12-30,28.892732620239258,28.555362701416016,28.676469802856445,28.6505184173584,1431200.0,27.498455047607422
2015-12-31,28.641868591308594,28.08823585510254,28.503459930419922,28.269895553588867,1664400.0,27.266374588012695
2016-01-04,27.820068359375,27.084775924682617,27.56055450439453,27.370243072509766,3101500.0,26.398658752441406
2016-01-05,27.413494110107422,26.782007217407227,27.370243072509766,26.859861373901367,3388000.0,25.90639305114746
2016-01-06,26.77335548400879,26.427335739135742,26.479238510131836,26.59169578552246,1988000.0,25.647743225097656
2016-01-07,26.608997344970703,26.064014434814453,26.098615646362305,26.228374481201172,1652800.0,25.29732322692871
2016-01-08,26.427335739135742,25.493080139160156,26.33218002319336,25.519031524658203,2332800.0,24.613157272338867
2016-01-11,25.70069122314453,25.16436004638672,25.54498291015625,25.5795841217041,2244600.0,24.67156219482422
2016-01-12,25.951557159423828,25.38062286376953,25.778547286987305,25.78719711303711,1971900.0,24.87180519104004
2016-01-13,25.98615837097168,24.81833839416504,25.92560577392578,24.930795669555664,2050600.0,24.045801162719727
2016-01-14,25.70934295654297,24.731834411621094,25.086505889892578,25.48442840576172,1819000.0,24.579782485961914
2016-01-15,25.190311431884766,24.567474365234375,24.723182678222656,25.138408660888672,1772300.0,24.246049880981445
2016-01-19,25.493080139160156,24.83563995361328,25.432525634765625,24.982698440551758,1980400.0,24.09586524963379
2016-01-20,25.62283706665039,24.351211547851562,24.49827003479004,25.276817321777344,2424000.0,24.379539489746094
2016-01-21,25.475778579711914,24.87889289855957,25.250865936279297,24.92214584350586,3370500.0,24.03746223449707
2016-01-22,26.297576904296875,25.389272689819336,25.389272689819336,26.262975692749023,3834500.0,25.330698013305664
2016-01-25,26.37543296813965,25.614187240600586,26.219722747802734,25.769895553588867,2394000.0,24.855119705200195
2016-01-26,26.36678123474121,25.72664451599121,25.795846939086914,26.185121536254883,1466500.0,25.25560188293457
2016-01-27,27.01557159423828,26.107267379760742,26.1505184173584,26.271625518798828,2206900.0,25.33903694152832
2016-01-28,26.885812759399414,26.340829849243164,26.660900115966797,26.608997344970703,1433900.0,25.664432525634766
2016-01-29,27.750865936279297,26.747404098510742,26.75605583190918,27.74221420288086,2035700.0,26.75742530822754
2016-02-01,27.707612991333008,27.31833839416504,27.595155715942383,27.45674705505371,2121300.0,26.48208999633789
2016-02-02,27.56055450439453,26.980968475341797,27.25778579711914,27.084775924682617,2174400.0,26.123321533203125
2016-02-03,27.46539878845215,26.600345611572266,27.30103874206543,27.058822631835938,2149300.0,26.098291397094727
2016-02-04,27.811418533325195,27.024221420288086,27.024221420288086,27.603805541992188,1720900.0,26.623931884765625
2016-02-05,27.750865936279297,27.205883026123047,27.56055450439453,27.2404842376709,2698500.0,26.273502349853516
2016-02-08,26.71280288696289,26.098615646362305,26.600345611572266,26.557092666625977,3490000.0,25.61437225341797
2016-02-09,26.95501708984375,26.28892707824707,26.306228637695312,26.643598556518555,3887600.0,25.69780921936035
2016-02-10,24.385812759399414,20.994810104370117,20.994810104370117,23.979238510131836,8025000.0,23.128028869628906
2016-02-11,24.178199768066406,23.131488800048828,23.555362701416016,23.399654388427734,4869400.0,22.56901741027832
2016-02-12,24.005189895629883,23.278547286987305,23.572664260864258,23.892732620239258,2458300.0,23.044591903686523
2016-02-16,24.57612419128418,23.840829849243164,24.307958602905273,23.9100341796875,2457000.0,23.061277389526367
2016-02-17,24.282007217407227,23.6505184173584,24.03114128112793,24.238754272460938,2083200.0,23.37833023071289
2016-02-18,24.247404098510742,23.685121536254883,24.178199768066406,23.814878463745117,2361700.0,22.969499588012695
2016-02-19,23.823530197143555,23.278547286987305,23.52941131591797,23.74567413330078,2166600.0,22.902755737304688
2016-02-22,24.307958602905273,23.75432586669922,24.065744400024414,24.03114128112793,1602600.0,23.178085327148438
2016-02-23,24.307958602905273,23.884082794189453,24.005189895629883,23.944637298583984,1882500.0,23.09465217590332
2016-02-24,24.126296997070312,23.442907333374023,23.442907333374023,24.039793014526367,2493900.0,23.186431884765625
2016-02-25,24.15224838256836,23.6505184173584,24.065744400024414,24.117647171020508,2573200.0,23.261520385742188
2016-02-26,24.75778579711914,23.918685913085938,24.282007217407227,24.679931640625,2376300.0,23.803848266601562
2016-02-29,25.173009872436523,24.33390998840332,24.602075576782227,24.92214584350586,2530700.0,24.03746223449707
2016-03-01,25.951557159423828,24.982698440551758,25.112457275390625,25.735294342041016,3696000.0,24.821744918823242
2016-03-02,26.159170150756836,25.614187240600586,25.735294342041016,26.141868591308594,1999100.0,25.21388816833496
2016-03-03,26.626296997070312,26.01211166381836,26.16781997680664,26.617647171020508,1604500.0,25.67277717590332
2016-03-04,26.63494873046875,26.16781997680664,26.608997344970703,26.392732620239258,1566100.0,25.45584487915039
2016-03-07,26.730104446411133,26.185121536254883,26.33218002319336,26.557092666625977,1345200.0,25.61437225341797
2016-03-08,26.557092666625977,25.74394416809082,26.4100341796875,25.977508544921875,2358800.0,25.05535888671875
2016-03-09,26.28892707824707,25.96885871887207,26.16781997680664,26.219722747802734,1249600.0,25.288978576660156
2016-03-10,26.583044052124023,25.657440185546875,26.271625518798828,26.038063049316406,1370500.0,25.113767623901367
2016-03-11,26.63494873046875,26.219722747802734,26.237024307250977,26.435985565185547,932100.0,25.497562408447266
2016-03-14,26.686851501464844,25.934255599975586,26.418685913085938,26.496540069580078,975200.0,25.55596923828125
2016-03-15,26.79930877685547,26.306228637695312,26.37543296813965,26.730104446411133,1345500.0,25.781240463256836
2016-03-16,26.764705657958984,26.358131408691406,26.65224838256836,26.721452713012695,934900.0,25.772897720336914
2016-03-17,27.404844284057617,26.686851501464844,26.738754272460938,27.326990127563477,915400.0,26.3569393157959
2016-03-18,27.482698440551758,27.050172805786133,27.30103874206543,27.19723129272461,1417800.0,26.231786727905273
2016-03-21,27.37889289855957,27.093425750732422,27.11937713623047,27.31833839416504,805900.0,26.34859275817871
2016-03-22,27.448097229003906,27.171279907226562,27.25778579711914,27.33563995361328,816200.0,26.365283966064453
2016-03-23,27.595155715942383,27.188581466674805,27.30103874206543,27.37889289855957,843900.0,26.40699577331543
2016-03-24,27.569204330444336,27.162630081176758,27.231834411621094,27.56055450439453,718200.0,26.582212448120117
2016-03-28,28.235294342041016,27.53460121154785,27.647058486938477,27.993080139160156,1970000.0,26.99938201904297
2016-03-29,29.005189895629883,27.897924423217773,27.941177368164062,28.961936950683594,3758700.0,27.933847427368164
2016-03-30,29.57612419128418,29.03114128112793,29.07439422607422,29.437715530395508,1790200.0,28.39274024963379
2016-03-31,29.83563995361328,29.325260162353516,29.437715530395508,29.749134063720703,1363100.0,28.693098068237305
2016-04-01,29.671279907226562,29.126296997070312,29.480968475341797,29.645328521728516,1804700.0,28.728174209594727
2016-04-04,29.749134063720703,29.039793014526367,29.679931640625,29.15224838256836,1504300.0,28.250350952148438
2016-04-05,29.09169578552246,28.693771362304688,28.95328712463379,28.728374481201172,1385400.0,27.839590072631836
2016-04-06,28.996540069580078,28.598615646362305,28.728374481201172,28.979238510131836,720700.0,28.08269500732422
2016-04-07,28.9100341796875,28.30449867248535,28.892732620239258,28.520761489868164,1082400.0,27.638402938842773
2016-04-08,28.98788833618164,28.615917205810547,28.74567413330078,28.823530197143555,773000.0,27.931800842285156
2016-04-11,29.19550132751465,28.615917205810547,28.98788833618164,28.6505184173584,637600.0,27.764142990112305
2016-04-12,28.979238510131836,28.494810104370117,28.659170150756836,28.719722747802734,834000.0,27.83121109008789
2016-04-13,28.823530197143555,28.235294342041016,28.434255599975586,28.823530197143555,1264500.0,27.931800842285156
2016-04-14,29.126296997070312,28.728374481201172,28.771625518798828,28.927335739135742,602300.0,28.03239631652832
2016-04-15,29.230104446411133,28.884082794189453,29.01384162902832,28.918685913085938,1056900.0,28.024017333984375
2016-04-18,28.979238510131836,28.51211166381836,28.71107292175293,28.901384353637695,2186300.0,28.007247924804688
2016-04-19,29.230104446411133,28.477508544921875,28.918685913085938,28.607267379760742,1542200.0,27.72222900390625
2016-04-20,28.918685913085938,28.520761489868164,28.66781997680664,28.66781997680664,2076800.0,27.780908584594727
2016-04-21,28.86678123474121,28.46885871887207,28.581314086914062,28.615917205810547,1145900.0,27.730613708496094
2016-04-22,28.797576904296875,28.48615837097168,28.52941131591797,28.75432586669922,1807200.0,27.86473846435547
2016-04-25,28.8494815826416,28.373703002929688,28.572664260864258,28.564014434814453,1607900.0,27.680316925048828
2016-04-26,28.979238510131836,28.477508544921875,28.607267379760742,28.78892707824707,975000.0,27.898273468017578
2016-04-27,29.083044052124023,28.5899658203125,28.780277252197266,29.039793014526367,999200.0,28.141376495361328
2016-04-28,29.307958602905273,28.771625518798828,28.95328712463379,28.823530197143555,922700.0,27.931800842285156
2016-04-29,28.78892707824707,28.12283706665039,28.78892707824707,28.659170150756836,1374500.0,27.77252769470215
2016-05-02,29.005189895629883,28.581314086914062,28.685121536254883,28.996540069580078,987400.0,28.09946060180664
2016-05-03,28.86678123474121,28.34775161743164,28.83218002319336,28.5899658203125,922900.0,27.705467224121094
2016-05-04,28.52941131591797,28.217992782592773,28.451557159423828,28.28719711303711,920200.0,27.41206169128418
2016-05-05,28.840829849243164,28.20934295654297,28.22664451599121,28.5899658203125,1251200.0,27.705467224121094
2016-05-06,29.039793014526367,28.261245727539062,28.40830421447754,29.01384162902832,721800.0,28.11623191833496
2016-05-09,29.307958602905273,28.944637298583984,29.07439422607422,29.048442840576172,841100.0,28.149755477905273
2016-05-10,29.51557159423828,29.057092666625977,29.204153060913086,29.506919860839844,1075100.0,28.594051361083984
2016-05-11,29.57612419128418,29.108997344970703,29.41176414489746,29.204153060913086,1071200.0,28.300649642944336
2016-05-12,29.37716293334961,28.840829849243164,29.37716293334961,29.1695499420166,1060800.0,28.26711654663086
2016-05-13,29.446367263793945,29.005189895629883,29.186851501464844,29.264705657958984,917400.0,28.359329223632812
2016-05-16,29.974048614501953,29.27335548400879,29.27335548400879,29.749134063720703,1520400.0,28.828773498535156
2016-05-17,29.974048614501953,29.351211547851562,29.775087356567383,29.4204158782959,1259100.0,28.510221481323242
2016-05-18,29.766435623168945,29.307958602905273,29.4204158782959,29.567474365234375,814500.0,28.652732849121094
2016-05-19,30.017301559448242,29.506919860839844,29.541522979736328,29.792387008666992,1304000.0,28.870685577392578
2016-05-20,30.328720092773438,29.80103874206543,29.81833839416504,30.28546714782715,1612300.0,29.348512649536133
2016-05-23,30.406574249267578,30.086505889892578,30.2595157623291,30.276817321777344,1056300.0,29.340129852294922
2016-05-24,31.159170150756836,30.34602165222168,30.34602165222168,30.839099884033203,4014600.0,29.88501739501953
2016-05-25,44.03114318847656,40.31142044067383,41.01211166381836,43.81488037109375,24940300.0,42.4593620300293
2016-05-26,44.20415115356445,41.59169387817383,43.719722747802734,41.686851501464844,12261100.0,40.39716339111328
2016-05-27,42.6989631652832,41.539791107177734,41.63494873046875,42.59515380859375,3582300.0,41.27736282348633
2016-05-31,42.820068359375,42.40484619140625,42.59515380859375,42.56055450439453,2964200.0,41.243831634521484
2016-06-01,42.543251037597656,42.145328521728516,42.231834411621094,42.37889099121094,1989800.0,41.06779479980469
2016-06-02,43.641868591308594,42.162628173828125,42.309688568115234,43.624568939208984,2596100.0,42.274932861328125
2016-06-03,44.005191802978516,43.10553741455078,43.321800231933594,43.99654006958008,2316200.0,42.63539505004883
2016-06-06,44.68857955932617,43.89273452758789,43.944637298583984,44.662628173828125,2474600.0,43.2808723449707
2016-06-07,45.00865173339844,44.342559814453125,44.550174713134766,44.731834411621094,2330900.0,43.34794998168945
2016-06-08,45.34601974487305,44.61072540283203,44.731834411621094,45.34601974487305,2688000.0,43.94312286376953
2016-06-09,45.45847702026367,45.02595138549805,45.112457275390625,45.415225982666016,2202000.0,44.01019287109375
2016-06-10,44.87889099121094,44.45501708984375,44.8010368347168,44.679931640625,1603100.0,43.4315299987793
2016-06-13,44.8010368347168,44.20415115356445,44.411766052246094,44.60207748413086,1655100.0,43.35585403442383
2016-06-14,44.887542724609375,44.29065704345703,44.46366882324219,44.714534759521484,1687000.0,43.46516799926758
2016-06-15,45.07785415649414,44.45501708984375,44.7491340637207,44.69723129272461,1409800.0,43.4483528137207
2016-06-16,44.35121154785156,43.9100341796875,44.23875427246094,44.117645263671875,2800700.0,42.88495635986328
2016-06-17,43.944637298583984,43.3910026550293,43.91868591308594,43.51211166381836,2365600.0,42.29634094238281
2016-06-20,44.54152297973633,44.06574249267578,44.09169387817383,44.2301025390625,2225800.0,42.9942741394043
2016-06-21,44.44636535644531,44.005191802978516,44.282005310058594,44.2301025390625,1846500.0,42.9942741394043
2016-06-22,44.4290657043457,44.022491455078125,44.4290657043457,44.117645263671875,1295100.0,42.88495635986328
2016-06-23,44.85293960571289,44.38581466674805,44.61937713623047,44.81834030151367,1683200.0,43.56607437133789
2016-06-24,43.65052032470703,42.74221420288086,43.313148498535156,42.80276870727539,5603200.0,41.60681915283203
2016-06-27,42.179931640625,40.53633117675781,42.084774017333984,40.54498291015625,3476200.0,39.41212463378906
2016-06-28,41.280277252197266,40.80449676513672,40.98616027832031,41.16781997680664,1991400.0,40.017555236816406
2016-06-29,42.15398025512695,41.43598556518555,41.678199768066406,41.9809684753418,2888800.0,40.807979583740234
2016-06-30,42.949825286865234,42.006919860839844,42.006919860839844,42.949825286865234,2363400.0,41.7497673034668
2016-07-01,43.010379791259766,42.551902770996094,42.88927459716797,42.75951385498047,1245400.0,41.56477355957031
2016-07-05,42.7508659362793,42.03287124633789,42.47404861450195,42.31834030151367,1239800.0,41.13592529296875
2016-07-06,42.5,41.73875427246094,42.02422332763672,42.37889099121094,2105700.0,41.194786071777344
2016-07-07,42.6989631652832,42.02422332763672,42.551902770996094,42.214534759521484,1661500.0,41.0350227355957
2016-07-08,43.252593994140625,42.41349411010742,42.68165969848633,42.854671478271484,1005900.0,41.65727233886719
2016-07-11,43.20934295654297,42.776817321777344,43.001731872558594,42.92387390136719,1259400.0,41.72454071044922
2016-07-12,43.40830612182617,42.47404861450195,43.26124572753906,42.534603118896484,1831300.0,41.34614181518555
2016-07-13,42.915225982666016,42.11072540283203,42.73356246948242,42.11937713623047,1612600.0,40.94252395629883
2016-07-14,42.673011779785156,41.96366882324219,42.51729965209961,42.370243072509766,1483400.0,41.186378479003906
2016-07-15,42.543251037597656,41.85986328125,42.231834411621094,42.050174713134766,1385600.0,40.8752555847168
2016-07-18,42.28373718261719,41.989620208740234,41.989620208740234,42.067474365234375,665200.0,40.89207077026367
2016-07-19,42.18857955932617,41.3408317565918,42.07612609863281,41.71280288696289,2299900.0,40.54730987548828
2016-07-20,42.25778579711914,41.6089973449707,41.998268127441406,41.998268127441406,1611600.0,40.82480239868164
2016-07-21,42.05882263183594,41.18511962890625,41.85121154785156,41.31488037109375,1772200.0,40.1605110168457
2016-07-22,41.59169387817383,40.977508544921875,41.262977600097656,41.48788833618164,930300.0,40.32867431640625
2016-07-25,41.522491455078125,41.31488037109375,41.51383972167969,41.48788833618164,745500.0,40.32867431640625
2016-07-26,41.747406005859375,41.32352828979492,41.522491455078125,41.62629699707031,983400.0,40.46322250366211
2016-07-27,41.911766052246094,41.366783142089844,41.911766052246094,41.56574249267578,796700.0,40.40435791015625
2016-07-28,41.64360046386719,41.25432586669922,41.51383972167969,41.262977600097656,847600.0,40.110050201416016
2016-07-29,41.764705657958984,40.8390998840332,41.2889289855957,41.375431060791016,1956800.0,40.219364166259766
2016-08-01,41.75605392456055,41.11591720581055,41.38408279418945,41.38408279418945,811900.0,40.22776412963867
2016-08-02,41.41868591308594,40.92560577392578,41.4100341796875,41.16781997680664,1270200.0,40.017555236816406
2016-08-03,41.62629699707031,40.916954040527344,41.141868591308594,41.2110710144043,1229900.0,40.05959701538086
2016-08-04,41.522491455078125,41.141868591308594,41.15052032470703,41.51383972167969,945100.0,40.35390853881836
2016-08-05,42.18857955932617,41.2110710144043,41.522491455078125,41.97231674194336,894100.0,40.79956817626953
2016-08-08,41.9290657043457,41.262977600097656,41.9290657043457,41.539791107177734,1469900.0,40.379127502441406
2016-08-09,42.56055450439453,40.86505126953125,41.522491455078125,41.31488037109375,4115300.0,40.1605110168457
2016-08-10,41.262977600097656,40.00865173339844,41.202423095703125,40.5190315246582,2079500.0,39.386898040771484
2016-08-11,40.86505126953125,40.268165588378906,40.56228256225586,40.68339157104492,1293700.0,39.54665756225586
2016-08-12,40.84775161743164,40.285465240478516,40.46712875366211,40.38927459716797,2011300.0,39.260765075683594
2016-08-15,41.04671096801758,40.38062286376953,40.38062286376953,40.960208892822266,1747100.0,39.81574249267578
2016-08-16,40.916954040527344,40.21626281738281,40.74394607543945,40.45847702026367,2267200.0,39.328025817871094
2016-08-17,40.337371826171875,39.403114318847656,40.320068359375,39.567474365234375,1305700.0,38.46192169189453
2016-08-18,39.87889099121094,39.247406005859375,39.567474365234375,39.584774017333984,2996000.0,38.478736877441406
2016-08-19,39.86159133911133,39.489620208740234,39.506919860839844,39.826988220214844,1847100.0,38.71418380737305
2016-08-22,40.46712875366211,39.645328521728516,39.731834411621094,40.46712875366211,1492300.0,39.3364372253418
2016-08-23,41.02941131591797,40.54498291015625,40.717994689941406,40.960208892822266,1812900.0,39.81574249267578
2016-08-24,40.960208892822266,40.190311431884766,40.95155715942383,40.48442840576172,1731200.0,39.3532600402832
2016-08-25,40.76124572753906,40.12110900878906,40.371971130371094,40.62283706665039,1058800.0,39.487796783447266
2016-08-26,40.7698974609375,39.84429168701172,40.72664260864258,39.887542724609375,832500.0,38.773048400878906
2016-08-29,40.63148880004883,39.723182678222656,39.723182678222656,40.320068359375,969300.0,39.3315315246582
2016-08-30,40.493080139160156,40.07785415649414,40.42387390136719,40.48442840576172,1082200.0,39.49187088012695
2016-08-31,40.74394607543945,39.93944549560547,40.337371826171875,40.69204330444336,1357200.0,39.69438934326172
2016-09-01,41.842559814453125,40.54498291015625,40.735294342041016,41.202423095703125,2335200.0,40.192264556884766
2016-09-02,42.629756927490234,41.48788833618164,41.51383972167969,42.456748962402344,2041200.0,41.415836334228516
2016-09-06,42.73356246948242,41.47058868408203,42.73356246948242,41.522491455078125,1283600.0,40.50448226928711
2016-09-07,41.57439422607422,41.280277252197266,41.47924041748047,41.297576904296875,1843200.0,40.28507614135742
2016-09-08,41.24567413330078,40.63148880004883,41.202423095703125,40.74394607543945,1598700.0,39.74502182006836
2016-09-09,40.53633117675781,39.99134826660156,40.449825286865234,40.15570831298828,1680100.0,39.17120361328125
2016-09-12,40.94290542602539,39.965396881103516,39.965396881103516,40.821800231933594,2703900.0,39.82096862792969
2016-09-13,40.55363464355469,39.403114318847656,40.5190315246582,39.645328521728516,1534800.0,38.67333984375
2016-09-14,40.0692024230957,39.46366882324219,39.584774017333984,40.051902770996094,1627500.0,39.0699462890625
2016-09-15,42.387542724609375,40.02595138549805,40.13840866088867,41.920413970947266,3046800.0,40.89264678955078
2016-09-16,42.35293960571289,41.055362701416016,41.79930877685547,42.292388916015625,3121100.0,41.25550079345703
2016-09-19,44.022491455078125,42.49134826660156,42.49134826660156,43.0709342956543,3119600.0,42.01495361328125
2016-09-20,43.68511962890625,42.629756927490234,43.56401443481445,42.65570831298828,1483600.0,41.60990905761719
2016-09-21,44.46366882324219,43.079586029052734,43.37370300292969,44.4290657043457,2468100.0,43.33979797363281
2016-09-22,45.01729965209961,44.54152297973633,44.67127990722656,44.870243072509766,1611100.0,43.77015686035156
2016-09-23,44.89619445800781,44.29930877685547,44.46366882324219,44.61072540283203,1701800.0,43.516998291015625
2016-09-26,44.723182678222656,43.624568939208984,44.186851501464844,44.60207748413086,2866100.0,43.508567810058594
2016-09-27,45.09515380859375,44.29065704345703,44.584774017333984,45.0692024230957,1222200.0,43.964237213134766
2016-09-28,45.8390998840332,44.662628173828125,44.97404861450195,45.76124572753906,1764900.0,44.63930892944336
2016-09-29,46.24567413330078,44.89619445800781,45.79584884643555,45.1989631652832,1307600.0,44.09081268310547
2016-09-30,45.80449676513672,45.01729965209961,45.15570831298828,45.16436004638672,2182800.0,44.05706024169922
2016-10-03,45.31142044067383,44.70588302612305,44.92214584350586,44.870243072509766,1717900.0,43.77015686035156
2016-10-04,45.129756927490234,44.1609001159668,44.83563995361328,44.506919860839844,1410200.0,43.415740966796875
2016-10-05,45.07785415649414,44.628028869628906,44.76643753051758,44.662628173828125,882000.0,43.567626953125
2016-10-06,44.86159133911133,44.35121154785156,44.52422332763672,44.7491340637207,1943300.0,43.65201950073242
2016-10-07,44.714534759521484,43.8408317565918,44.57612609863281,43.97924041748047,2537400.0,42.900997161865234
2016-10-10,44.662628173828125,44.100345611572266,44.100345611572266,44.186851501464844,949000.0,43.103515625
2016-10-11,44.498268127441406,43.66781997680664,44.247406005859375,43.68511962890625,1433400.0,42.61408615112305
2016-10-12,44.714534759521484,43.60726547241211,43.7889289855957,44.53287124633789,1734300.0,43.44105529785156
2016-10-13,46.0899658203125,44.30795669555664,44.8010368347168,45.79584884643555,2618400.0,44.67306900024414
2016-10-14,47.19723129272461,45.8390998840332,46.133216857910156,46.87716293334961,3015100.0,45.727874755859375
2016-10-17,47.18857955932617,46.358131408691406,46.88581466674805,46.583045959472656,1905500.0,45.44096755981445
2016-10-18,47.47404861450195,46.522491455078125,47.084774017333984,47.31834030151367,2028200.0,46.15822982788086
2016-10-19,48.27854537963867,47.231834411621094,47.42214584350586,48.06228256225586,2466300.0,46.883934020996094
2016-10-20,48.42560577392578,47.768165588378906,48.05363464355469,47.97577667236328,3146000.0,46.7995491027832
2016-10-21,48.14013671875,47.24048614501953,47.64706039428711,48.001731872558594,1906900.0,46.82486343383789
2016-10-24,49.25605392456055,48.05363464355469,49.25605392456055,48.624568939208984,1832200.0,47.432437896728516
2016-10-25,48.66781997680664,47.776817321777344,48.6591682434082,48.30449676513672,2236100.0,47.120216369628906
2016-10-26,48.50345993041992,47.62110900878906,48.13148880004883,47.92387390136719,1907800.0,46.74892044067383
2016-10-27,48.13148880004883,46.79065704345703,47.92387390136719,47.128028869628906,2923200.0,45.97258758544922
2016-10-28,47.71626281738281,47.145328521728516,47.145328521728516,47.456748962402344,1934600.0,46.29324722290039
2016-10-31,47.79411697387695,46.989620208740234,47.5,47.10207748413086,1513700.0,45.947269439697266
2016-11-01,47.3010368347168,45.78719711303711,47.231834411621094,46.08131408691406,2107500.0,44.951534271240234
2016-11-02,46.42733383178711,45.501731872558594,46.124568939208984,46.06401443481445,2129500.0,44.934661865234375
2016-11-03,46.79930877685547,46.08131408691406,46.3408317565918,46.262977600097656,2388500.0,45.128746032714844
2016-11-04,49.23875427246094,44.70588302612305,45.22491455078125,48.14878845214844,5393500.0,46.968318939208984
2016-11-07,50.18165969848633,48.52941131591797,48.797576904296875,49.809688568115234,3644600.0,48.588497161865234
2016-11-08,50.432525634765625,49.60207748413086,49.662628173828125,49.87889099121094,1967300.0,48.656009674072266
2016-11-09,50.821800231933594,48.67647171020508,49.25605392456055,50.68339157104492,2150500.0,49.4407844543457
2016-11-10,51.57439422607422,50.449825286865234,51.02075958251953,51.038063049316406,2296900.0,49.78676223754883
2016-11-11,52.80276870727539,50.86505126953125,51.038063049316406,52.6989631652832,2157400.0,51.40694046020508
2016-11-14,53.05363464355469,51.86851119995117,52.820068359375,52.36159133911133,2317000.0,51.07783889770508
2016-11-15,53.03633117675781,52.292388916015625,52.370243072509766,52.92387390136719,2552300.0,51.626338958740234
2016-11-16,53.75432586669922,52.71626281738281,52.84601974487305,53.13148880004883,2299200.0,51.828861236572266
2016-11-17,54.022491455078125,53.157440185546875,53.28719711303711,53.93598556518555,2106500.0,52.61363220214844
2016-11-18,54.29065704345703,53.44290542602539,54.022491455078125,53.80622863769531,1229000.0,52.48705291748047
2016-11-21,54.792388916015625,53.16608810424805,54.264705657958984,53.43425750732422,5429800.0,52.12420654296875
2016-11-22,53.56401443481445,52.34429168701172,53.460208892822266,52.42214584350586,2771800.0,51.13690948486328
2016-11-23,53.43425750732422,52.309688568115234,52.534603118896484,53.3390998840332,2128100.0,52.0313835144043
2016-11-25,54.22145462036133,52.949825286865234,53.66781997680664,53.252593994140625,875900.0,51.946990966796875
2016-11-28,53.633216857910156,52.42214584350586,53.330448150634766,52.6989631652832,1866900.0,51.40694046020508
2016-11-29,53.92733383178711,52.81142044067383,52.81142044067383,53.36505126953125,1970600.0,52.05669403076172
2016-11-30,54.117645263671875,52.084774017333984,53.321800231933594,52.448097229003906,7692200.0,51.1622200012207
2016-12-01,52.768165588378906,50.79584884643555,52.57785415649414,51.2889289855957,2376600.0,50.031471252441406
2016-12-02,51.782005310058594,50.79584884643555,51.39273452758789,51.18511962890625,1666600.0,49.93021011352539
2016-12-05,52.050174713134766,51.18511962890625,51.600345611572266,51.56574249267578,1337600.0,50.30149841308594
2016-12-06,51.87716293334961,50.70069122314453,51.43598556518555,51.461936950683594,1732400.0,50.20024490356445
2016-12-07,52.854671478271484,51.280277252197266,51.461936950683594,52.82872009277344,2269800.0,51.533512115478516
2016-12-08,53.59861755371094,52.89792251586914,52.90657424926758,53.54671096801758,1567000.0,52.233909606933594
2016-12-09,53.555362701416016,52.3010368347168,53.399654388427734,52.5692024230957,1712900.0,51.280357360839844
2016-12-12,52.854671478271484,52.179931640625,52.37889099121094,52.50865173339844,1855100.0,51.221290588378906
2016-12-13,52.932525634765625,52.11072540283203,52.71626281738281,52.74221420288086,1358200.0,51.449127197265625
2016-12-14,53.40830612182617,52.40484619140625,52.86332321166992,52.456748962402344,1676600.0,51.170658111572266
2016-12-15,53.382354736328125,52.15398025512695,52.387542724609375,53.088233947753906,1036500.0,51.78666305541992
2016-12-16,53.2698974609375,51.989620208740234,53.2698974609375,52.10207748413086,2497300.0,50.82469177246094
2016-12-19,52.94117736816406,51.18511962890625,51.69550323486328,52.6989631652832,991200.0,51.40694046020508
2016-12-20,53.321800231933594,52.465396881103516,52.465396881103516,53.321800231933594,968700.0,52.01450729370117
2016-12-21,53.29584884643555,52.41349411010742,52.456748962402344,52.81142044067383,1334600.0,51.51663589477539
2016-12-22,52.97577667236328,52.17127990722656,52.97577667236328,52.48270034790039,739000.0,51.19597625732422
2016-12-23,52.820068359375,52.15398025512695,52.448097229003906,52.66436004638672,409100.0,51.3731803894043
2016-12-27,53.14013671875,52.465396881103516,52.7508659362793,52.84601974487305,2267700.0,51.550392150878906
2016-12-28,53.22664260864258,51.49654006958008,52.71626281738281,51.57439422607422,930900.0,50.309940338134766
2016-12-29,51.911766052246094,51.32352828979492,51.70415115356445,51.669551849365234,754600.0,50.40276336669922
2016-12-30,51.911766052246094,50.735294342041016,51.53114318847656,51.40138244628906,929800.0,50.277400970458984
